Stkcd,Trddt,Opnprc,Hiprc,Loprc,Clsprc,Dnshrtrd,Dnvaltrd,Dretnd,Adjprcnd,Markettype,Trdsta,ChangeRatio
990001,2022-01-03,31.649249557494695,32.30595694511059,31.235057943604883,31.994946331341875,18406669,569366072.7586155,8.439316263602705e-07,25.878791861004167,32,1,-0.0635092014089334
990001,2022-01-04,31.95615338153669,32.539985990428185,30.69083004943855,31.408108038612166,29457269,765881495.4893093,-0.020174606126140474,13.806136415313667,32,1,0.02683030195814807
990001,2022-01-05,31.23416968789543,32.073136212871326,30.467864032311937,31.1896714262446,10160749,303871043.25567096,-0.0010819267212313296,9.754866391861665,32,1,-0.024895198143091775
990001,2022-01-06,31.836233665569097,32.73376570168552,29.480856624758825,30.163231122421035,24132309,722290957.9088948,-0.02993577163600998,27.119710138993078,32,1,-0.017254296827628225
990001,2022-01-07,30.718313460736464,31.132001354514426,29.578536031685505,29.93689097681633,70979802,1803953626.8726745,-0.010734149065490958,32.602228671373524,32,1,-0.07035333680692238
990001,2022-01-10,30.089806055058197,30.482318425207495,29.31070535921846,29.77388378379725,26090650,809933857.1180992,-0.0054933129357126265,14.84230954475056,32,1,-0.02765064211921365
990001,2022-01-11,29.53984687928573,31.554399130251443,28.973725029941832,30.92334660951135,17272827,474849820.551337,0.03840630229592688,30.933186516512837,32,1,-0.003308355093066058
990001,2022-01-12,30.605906444876585,30.81031101917294,30.342060218674394,30.476580525255898,14108511,462863378.44273996,-0.012623226275706669,32.55062881644665,32,1,0.03069718778824928
990001,2022-01-13,30.925314923839974,31.34929209897267,29.876237197663198,30.313314729062707,15557415,506124129.8161452,-0.00872095105430624,8.73306046895693,32,1,-0.030995230323870956
990001,2022-01-14,30.288593298832982,30.767963854870327,29.28720622482213,29.64460563516589,19254900,472693041.5514275,-0.02195234753788574,18.50083887101939,32,1,0.057054774350412694
990001,2022-01-17,29.727088695917754,30.67249239596828,29.26512271285641,30.165641210125262,16416450,527064997.15091276,0.021697179321467804,39.8959795168064,32,1,-0.02785282776335972
990001,2022-01-18,29.81371284240818,29.950758391564605,29.570597333776753,29.827664417501033,37269899,1009467905.4495958,-0.015536023936857424,39.435831303794814,32,1,-0.027799741840367827
990001,2022-01-19,29.992389319182262,30.11130859767921,29.834750466082454,30.079327468005083,7548148,218910597.8856506,0.005718581400564282,16.062152768353734,32,1,0.0527034574812452
990001,2022-01-20,29.96508257849794,30.143819395110814,29.71741286250826,29.71741286250826,34454997,1145543875.3741217,-0.008317090679765389,34.5765951937978,32,1,0.004632564773309787
990001,2022-01-21,29.26792608995575,29.76502788871824,29.22112303713327,29.588079379934456,17747958,536061750.842894,-0.00333728840108315,56.71569161731682,32,1,-0.023047857429520098
990001,2022-01-24,29.470160791404272,29.76120414647795,28.69173531903645,29.03124353869414,25688490,734389794.9055556,-0.01920300178337752,49.30654024086351,32,1,-0.008658408123170012
990001,2022-01-25,29.11787345393225,29.45366617731231,28.68024348611664,29.031008191810503,9727210,293021090.0955546,-0.0015207530291647623,29.863985779867416,32,1,0.04602217493090527
990001,2022-01-26,29.003718058506664,29.67360674094289,28.264490750679144,28.827083883517645,43815856,1286851136.0803537,-0.002349280408114128,24.049978315316398,32,1,0.05012371676984669
990001,2022-01-27,28.912734924644592,29.42464266233435,28.26822590747894,28.779224624632167,44659658,1240719013.4154515,-0.005442807069013721,21.88547224791411,32,1,-0.03264713394164364
990001,2022-01-28,28.58635784621542,28.980923293562956,28.552961853285503,28.757281994381607,37421120,1074487331.1005833,0.00034728294158156275,41.30666910640296,32,1,-0.0045724532258821955
990001,2022-01-31,28.72997076883533,29.03972098213123,26.951002076230054,27.353290878920944,7823831,225158028.55643642,-0.053064451325760396,35.314471176442304,32,1,0.0002346685947338784
990001,2022-02-01,27.37938837625521,27.634502271711455,27.030798713640433,27.227268939429475,32739244,939552967.8037982,-0.000580428075227231,45.31363375125816,32,1,-0.03879049409492195
990001,2022-02-02,27.575205249591004,27.894075614166717,27.093704308361573,27.480927432876673,25660164,727882287.3038899,0.00561025939465181,34.05105360708569,32,1,-0.005052881847354586
990001,2022-02-03,26.66629404258288,28.557603374032745,26.376163883715105,28.21918997715725,7899290,190070987.29939774,0.03256930938578393,50.49492221456928,32,1,-0.0028410177573596884
990001,2022-02-04,28.17215089234727,29.018445221579444,27.878649971287967,28.662938576302817,19092263,590306606.3943121,0.012293913144677714,33.326825121767,32,1,0.03830470957572384
990001,2022-02-07,28.628547800938126,29.247536700971605,28.505400606630758,29.036771173014348,24995100,719182514.3799024,0.013584726509949406,49.52155761158677,32,1,0.04074163377771771
990001,2022-02-08,29.085135397739485,29.858838435206415,28.498936494662768,29.265834000766965,27849422,764948013.9683868,0.010288532312368955,52.018323934314466,32,1,-0.01496960653525922
990001,2022-02-09,29.291143220136732,29.342048813266878,28.607352916573127,28.819002065463984,23990506,679523226.2629956,-0.01732824188334043,19.74687116663621,32,1,-0.010790949087217592
990001,2022-02-10,28.406696777849387,29.99752754799953,28.045024584031502,29.73262127943794,25710352,691665825.1221255,0.02957126334616515,10.826489086808527,32,1,0.021050159143874834
990001,2022-02-11,29.737984970331976,30.616783164823406,28.310777646825787,29.156773782750584,49374956,1399426828.882843,-0.016352467587337053,76.27353247794225,32,1,-0.02425022016317606
990001,2022-02-14,29.7927163928776,30.09595841893968,29.071104822562376,29.44228414777901,42118657,1201346395.5464678,0.012564767005923703,36.588144268205916,32,1,0.018307362904625223
990001,2022-02-15,29.091185485575767,29.964550841245337,28.462197419869582,29.34018361722861,3840812,125841820.98474681,-0.006805123454712306,11.463358460377503,32,1,-0.006221081688328635
990001,2022-02-16,29.698471695768163,29.990620882573516,27.188183475083243,27.46093355928344,16534420,461423163.52039677,-0.06239102089209525,20.82800894131851,32,1,-0.038179898195501744
990001,2022-02-17,27.415090185134687,27.879111662825466,26.726392872234612,27.133721072584873,17787067,488999431.47295374,-0.013023138363622353,49.16029090244097,32,1,-0.03772446321383603
990001,2022-02-18,27.14277347223401,27.336308369101975,26.27581310008642,26.616077516263022,7030070,204363960.84942457,-0.019589140513987854,26.835881656638207,32,1,0.04942963960246857
990001,2022-02-21,26.359388592385812,26.954653541448437,26.0158572296629,26.590399328792643,21293470,540582727.413142,0.002291340504251442,23.43909439863075,32,1,-0.008705117647381657
990001,2022-02-22,26.761245418106938,26.77871389450097,26.35983502142408,26.614183772801283,41009226,1104973535.3156526,0.0007137421182990224,70.34201204713486,32,1,0.05643763459143138
990001,2022-02-23,27.09362975277806,27.443961049004635,26.10508530627079,26.563644682138293,11024982,287258140.97466546,-0.006082403226569801,17.109611595111474,32,1,-0.021656069542041197
990001,2022-02-24,26.654926258114106,27.09240142812621,26.629716980237014,26.879110840066712,26305918,681369852.7950934,0.013911425732714153,19.821053401111467,32,1,0.007523750535226855
990001,2022-02-25,27.426407379582596,27.86930895938615,26.06979403428783,26.341946179502912,11138745,345634533.6614028,-0.01596139539828906,35.64712459980397,32,1,0.08371336527684467
990001,2022-02-28,26.770129267265897,27.35024622029974,25.758289473736045,26.23877333399604,13994580,331820000.66138375,-0.010579155373212659,39.512812133286744,32,1,-0.0413699412058358
990001,2022-03-01,26.28690830871145,26.69712294596943,25.156445830936036,25.55769244419188,49300811,1213679923.0214448,-0.024959239640853795,41.98789428411332,32,1,-0.07183995529964667
990001,2022-03-02,26.036472224278082,26.333850918022787,25.712443535469934,26.05468685939233,15346309,369149055.27025664,0.021459702765420224,53.23200667028838,32,1,0.04361179339392281
990001,2022-03-03,26.208110734657172,26.61814340623038,25.605332921687495,25.956573824270226,27323419,715543875.436143,-0.0025611157308922214,35.38520426743023,32,1,-0.03301026498797485
990001,2022-03-04,26.25522001464623,26.47890171140458,25.46981278734935,25.91136023880051,6375216,182263485.11138576,-0.006032498072214535,41.82068418947559,32,1,-0.0037847167656201225
990001,2022-03-07,25.79212275378474,26.30134543146994,25.26730051146904,25.86424132719147,58646594,1763359236.2486403,-0.0008479981131565649,27.156783530079167,32,1,-0.024276677932806252
990001,2022-03-08,25.88079247634523,25.940605813777587,25.09297179846305,25.329800075793063,29753574,826683028.9171845,-0.024626914569138653,32.71913460336954,32,1,0.006688339206711103
990001,2022-03-09,25.05512965429553,25.346207804788307,24.672338995577725,25.14473406110424,19631254,515378889.8074191,-0.0034133763455037615,33.576518770318664,32,1,-0.03749603608717911
990001,2022-03-10,25.273949677775594,25.41452477689773,24.3913397874196,24.470099855789137,26000387,658391569.980531,-0.02676686063666622,35.72337974801697,32,1,-0.009557793365561857
990001,2022-03-11,24.195244449020674,24.269072102766415,24.140274801140404,24.14157637162023,9188827,214227546.7722024,-0.012330771259115768,49.17898947737366,32,1,0.013274218349991177
990001,2022-03-14,24.290771748516434,24.782388718262577,23.339496235562695,23.861297013352356,44359599,893410809.1596074,-0.01355121506331562,43.427100803268814,32,1,-0.03959060559073989
990001,2022-03-15,23.708377306892224,24.734010926760345,23.4242373253639,24.294762591890457,17040218,399165148.2441285,0.018555911147038313,32.371940020272525,32,1,-0.028415801252100983
990001,2022-03-16,24.545756497690416,24.93643745311089,24.380037419791467,24.77364770268172,18941220,423035796.8161927,0.01843666243848102,19.69350084071602,32,1,-0.015628491043095855
990001,2022-03-17,24.901517910693997,24.976744652169863,24.450689131343765,24.460039867229884,15003335,333956208.27078074,-0.009154068111584809,32.81317303304215,32,1,-0.05483622350709743
990001,2022-03-18,24.896785116450594,25.098151189242632,24.742421885652078,24.970080046772015,14664364,342185642.53002936,0.02067640983304634,31.04887055647005,32,1,-0.01835410219932493
990001,2022-03-21,25.216318968682437,25.35083964327382,24.41705886274375,24.5829580080383,28829541,725368184.4774008,-0.015417316983749185,35.275396287073434,32,1,0.0012730117836824515
990001,2022-03-22,24.15469730266573,25.18710107525346,23.61170672859246,24.601597809245288,21362982,539684220.9100659,-0.0017794811237749496,96.65801535600002,32,1,-0.01751979227127117
990001,2022-03-23,24.526325810710027,25.03280305039489,24.159803744435916,24.719468610482632,32027228,771865862.1490344,0.0033735075513056695,23.27933054432016,32,1,-0.012872853503870482
990001,2022-03-24,24.328272274444092,25.339895927948053,24.173280225967105,25.14777973021683,19672616,480266718.7503059,0.02131278656811083,40.24155006655052,32,1,-0.003755542320842794
990001,2022-03-25,25.03808984721813,26.285984965483507,24.697998845844303,25.85823675893244,27536625,905205648.8231608,0.02818116451367354,58.22365722658169,32,1,-0.026808217852448732
990001,2022-03-28,26.285984801587,26.285984801587,25.658871126348405,25.771127013862237,15109007,408315484.5292046,-0.004840542040366975,33.39242958826338,32,1,0.022020724799924625
990001,2022-03-29,25.866897987648567,26.699313933794002,25.596746097778812,26.42710578659944,72312266,2085313056.1365166,0.026602761996548156,96.65801535600002,32,1,0.04902790946038154
990001,2022-03-30,26.29333631199973,26.591868500461988,25.214364787237635,25.645397057273033,8154560,184222342.55830422,-0.03190015836139738,25.343990617274162,32,1,-0.01987028010488897
990001,2022-03-31,25.340373107851626,26.064174754597484,25.050556897892296,25.527383184406705,42257267,1217911700.5005744,0.0018052732858488947,38.03472499854597,32,1,0.014557038443581164
990001,2022-04-01,25.554211843578337,26.437532993689608,25.23824263884719,26.030844739523467,47605373,1311143439.1078029,0.016811241910991655,19.8134477167986,32,1,-0.011721407165840227
990001,2022-04-04,25.6558564254047,26.263706879184955,25.354156228600832,25.78292420048826,12847517,320710939.6160819,-0.00961197786470527,25.7380882778408,32,1,0.010216876693498729
990001,2022-04-05,25.649390624508868,26.738323826513124,25.240708863070644,26.18701254997655,79023453,1936054644.1611502,0.01881136446436638,36.42588491267981,32,1,0.0537339066835891
990001,2022-04-06,26.379529251512682,26.620758379612255,26.148883761626685,26.275523486967153,37930344,965183003.2665879,0.0006520917210977364,51.29529638358433,32,1,0.01540763683093911
990001,2022-04-07,26.624903709393852,27.099844960635476,25.657513359582488,26.03153427575464,39861718,892821845.9536475,-0.009382038708450403,37.925697574751574,32,1,-0.06732978944176385
990001,2022-04-08,26.23655960170122,26.83317055786885,24.272270376000343,24.725806191106336,20018485,560133060.2515389,-0.05151649052471786,64.89693458425849,32,1,0.013425776824986834
990001,2022-04-11,24.179890485476278,24.755987636246953,24.08098997187999,24.666305671041265,18240924,475328481.4680159,-0.005022407426733342,29.869525612013497,32,1,0.041663923646992125
990001,2022-04-12,24.733219560688767,24.923454073987518,23.894604772328044,24.091600110302885,19416669,437794987.7177157,-0.02064514306906865,26.029506106565613,32,1,-0.011068049781086381
990001,2022-04-13,24.06717483155862,24.793392915319824,23.717599253160277,24.278951021710476,27862762,541045837.3238102,0.009363606146687116,96.65801535600002,32,1,0.033063102202630305
990001,2022-04-14,24.372542322944998,24.750835945447722,23.064761084444893,23.339934211059557,44263950,1041389447.555954,-0.040548770289292976,39.59872652468156,32,1,-0.028054390074266952
990001,2022-04-15,23.66799142059734,24.17309446941012,22.521310439266493,22.991048286904466,22793234,542082619.0699447,-0.01712264951943944,20.758904032665072,32,1,-0.056892762809200886
990001,2022-04-18,22.482522931412582,24.32001721420775,22.26259295820425,24.05072297497083,12953956,318799079.0457654,0.05033598223889026,21.068377754863413,32,1,0.0020841341485200874
990001,2022-04-19,24.01496335212144,24.39949432893724,23.15560552321924,23.622198424731124,34735884,862899063.1176584,-0.017946205233367162,18.20221767808932,32,1,-0.06671570268428408
990001,2022-04-20,23.78460001892509,24.131518928054998,23.365222382610703,23.780323865741522,36220550,770192768.298411,0.0037393186336285617,54.00683774613198,32,1,-0.011726985324002279
990001,2022-04-21,23.26112999039866,24.414888441944292,23.053428357918964,24.008440923749063,30304735,741055799.5137475,0.011168515450409467,25.546324130113952,32,1,0.04362093450806629
990001,2022-04-22,24.290527685599276,24.891050899454214,23.445572735001264,24.064068765212642,31709432,845750419.779825,0.0005771961548172684,33.962609799481406,32,1,-0.07227314910158043
990001,2022-04-25,24.08128563686965,24.34898113742186,23.29502187577451,23.480203578533533,17974513,372773908.5805041,-0.022972729219772295,30.418159695666198,32,1,-0.04942262193873112
990001,2022-04-26,23.65321589695939,23.77694973652291,23.3382506826539,23.449298044609645,11853487,278965262.12694377,-0.002742973568395368,48.038647919881626,32,1,-0.04045070460001836
990001,2022-04-27,23.263725641274103,23.764322579678833,23.02924925836491,23.507187762762257,12418138,299509634.1611355,0.005958000532650126,19.26210713116077,32,1,-0.005329684555620316
990001,2022-04-28,23.74947447179759,24.02030161005194,23.14136065555943,23.47220418989788,7934936,191842355.29048088,-0.003531198939711691,16.825007049011685,32,1,-0.01629319514622342
990001,2022-04-29,23.70877992470791,23.954963988925684,23.627432841914136,23.926328551469233,23118377,489664684.3424536,0.019752391321229343,35.91305910577437,32,1,0.04769219865754758
990001,2022-05-02,24.042509370192114,24.38288361352266,23.46787941009702,23.817177024245886,20324416,475111534.1856291,-0.0025558751486391786,44.58171048207531,32,1,0.03156624595409276
990001,2022-05-03,23.898844347051302,24.395284077104407,23.75813059781209,24.0442111818727,18368794,358308111.6674002,0.010236372670261411,38.21973247493249,32,1,0.01492230088721522
990001,2022-05-04,24.14312796270849,26.04796007924106,23.726233090910014,25.457148434678903,3297842,91978996.8734749,0.05400785571543531,19.689702983697305,32,1,0.002245880040724739
990001,2022-05-05,25.226937766502605,25.232781423135805,24.48211305623904,24.48211305623904,10105307,247017157.68606254,-0.03630565471941574,46.57764391133528,32,1,0.011222688659053301
990001,2022-05-06,24.388032397612907,24.712007630042617,23.674731860948757,23.822578997059953,38834217,953740910.9568098,-0.025630263351131437,20.46384571121258,32,1,-0.034285483963215777
990001,2022-05-09,23.853552833824686,24.02785121089767,23.837686802455345,23.966438077856143,14442659,338098813.4049174,0.0041750240056064114,23.309727293245864,32,1,0.02804447330301532
990001,2022-05-10,24.067888094160967,24.225088745170048,23.667453165792665,23.88443636114207,25805690,620505119.6519973,-0.005856048864546265,18.18852644444943,32,1,-0.04335156910947244
990001,2022-05-11,24.061840746138735,24.41463691920221,23.29546935113301,23.468860299278692,9483514,212078937.92868516,-0.010669860957162096,66.4669231387855,32,1,0.027252896903688727
990001,2022-05-12,23.400937674188043,24.245170299658508,23.051367787192795,23.908413964504643,51584552,1133320130.2882962,0.017126863487050743,45.417953544119435,32,1,0.03997002804600205
990001,2022-05-13,23.920411922287293,25.083698981997422,23.696875009427384,24.77226656821192,19284455,466382700.02784765,0.03494057582363202,44.68480522479136,32,1,0.004610972881341624
990001,2022-05-16,25.289524132570648,25.443122114379452,24.48982089455544,24.841434782507196,26090952,537527894.4181259,-0.0019753483128783244,64.45911008915506,32,1,-0.009422668575770714
990001,2022-05-17,24.573786603473962,25.0261950123993,24.219285673670125,24.782915474743078,72693469,2114797506.623587,-5.41109293099526e-06,96.65801535600002,32,1,0.011479381396662118
990001,2022-05-18,24.502513838322447,24.820118685379374,24.451455818285044,24.787732807657886,55070713,1236006760.482374,-0.0007737819807443051,11.500125016727319,32,1,-0.1067793898010909
990001,2022-05-19,24.803289251331407,25.741063662846045,24.428773249817677,25.23894756865062,17674839,430166684.19653887,0.02209642614206444,20.529870809325242,32,1,0.007924481701536047
990001,2022-05-20,25.45532251391878,25.90344151566251,24.691627017281007,25.006635238559063,15432268,373075101.4885135,-0.009245479439957,22.0548818054529,32,1,-0.007143690440669462
990001,2022-05-23,25.027929776641297,25.39400059852384,24.607703429891615,24.910743044635595,16109365,382151045.84296185,-0.006954554391947689,19.21591344027567,32,1,-0.004869540662213692
990001,2022-05-24,25.239235718499575,25.60648809959584,23.447002117109704,23.746205608543086,26955235,599521543.684126,-0.046005830707743965,16.804943928989665,32,1,0.022581593358972772
990001,2022-05-25,23.973479598422745,24.315419702044444,23.36213727725691,23.732324125399938,19686868,475177736.19482154,-0.001563857703673781,26.526210254529982,32,1,-0.005744774459388488
990001,2022-05-26,23.87612451081493,24.93131651048981,23.344504228638044,24.324075374104314,16448691,412857633.2653936,0.026444509711469562,15.471322674611038,32,1,-0.044372614503805995
990001,2022-05-27,24.516362716330573,24.716400104378575,23.517999539405103,23.83402037332667,50250000,1197931339.3496082,-0.02105926423202414,38.27490242460926,32,1,-0.008160605286541663
990001,2022-05-30,24.431663095653786,24.683215102242904,23.244095824630357,23.48894947643043,20494813,449977404.4294776,-0.014241582773021856,32.51205328418765,32,1,-0.0005847513415264387
990001,2022-05-31,23.50066335130763,24.68465461746775,23.23019643636617,24.462264499614243,73923325,2082270751.367177,0.040148500768675745,41.62078631686937,32,1,0.0011329707882800624
990001,2022-06-01,23.960268908876362,24.938999766482137,23.873051862427996,24.81050849759148,23015386,573650004.9940337,0.014176748569025172,42.262867228756164,32,1,0.002836445582617174
990001,2022-06-02,25.236540041715273,25.331233461127653,24.418806306520533,24.432761734705256,59834855,1487664362.6160548,-0.010429876328102994,44.634008794117804,32,1,0.03464870294503447
990001,2022-06-03,24.308199922284597,24.623674468930982,22.93824331457142,22.99844392291202,25434145,624436151.0976108,-0.05751823095388738,25.412392585047908,32,1,-0.0424085779231245
990001,2022-06-06,23.112496231531903,23.624751012732283,22.914053240360793,23.34842063448485,34064138,739789813.6783792,0.00863368767965337,96.65801535600002,32,1,0.0033360839748271627
990001,2022-06-07,23.565949277495953,23.96691648460455,23.07556103313282,23.56122106316704,13888729,327161512.61536896,0.008739665226630064,36.123144202905884,32,1,0.04373287062276135
990001,2022-06-08,23.134283009178443,23.614807927572596,22.752104757614703,23.252273687986413,11036343,318619907.62942815,-0.008744838990072931,10.472003061945031,32,1,-0.06592297103843225
990001,2022-06-09,22.98190661580412,23.63306814170892,22.874136153073685,23.347783242510882,28185669,670923118.9768047,0.005799147341893236,17.570874287837004,32,1,0.0034791557842639683
990001,2022-06-10,23.052031716149383,23.549169236226177,22.661170828960646,23.20190154831741,34544659,787284744.8048061,-0.010140693842017707,11.283080204818944,32,1,-0.024257110605519355
990001,2022-06-13,23.09971794860423,23.514817148468993,22.646172175265818,23.145198726325198,21357880,530320821.9148744,-0.004100344202062078,31.87329258880927,32,1,-0.01647423988883967
990001,2022-06-14,23.195879333678032,23.583108246892746,22.886662133803377,23.473054945024522,9659051,238816427.5420034,0.01241342331777332,29.40899263435086,32,1,-0.03583812528423836
990001,2022-06-15,23.531027122466078,24.338001774293225,23.3204532847041,24.206265354070027,9845379,238247642.4924276,0.0338761721558049,24.043674834895082,32,1,-0.009181122896428466
990001,2022-06-16,24.236838361023224,24.683054388692156,23.133404077604332,23.38146439760118,8860752,205692296.65000424,-0.03235707376181396,96.65801535600002,32,1,0.063721392325315
990001,2022-06-17,23.07178193362342,23.853200682025424,22.80297849593522,23.462633742014045,7055736,173005463.62715134,0.004519845893757412,43.27403192209898,32,1,-0.04887638286474782
990001,2022-06-20,22.961914423542567,23.39843614387408,22.893374379421104,23.25257652082638,21629379,519742536.2260437,-0.010745766261246636,47.89073472537112,32,1,-0.04543863625545477
990001,2022-06-21,23.285542542467887,23.964528958152894,22.974803269938487,23.68860474869909,43044742,1015929655.6327931,0.01938528835404813,18.327437090685105,32,1,-0.05023611160915124
990001,2022-06-22,23.64594894092653,24.441791583088413,23.252421756308536,24.121135731066964,21188512,475488471.9854406,0.019719743180545857,17.604506252692847,32,1,0.05959417858110062
990001,2022-06-23,24.361240544248666,24.42978634211505,23.7056550477097,24.063447237256284,5355617,134361398.99826625,-0.008479662281715193,32.23371191962016,32,1,-0.01979629426692095
990001,2022-06-24,24.14841871063756,24.531115777517652,23.82865524463085,24.294470873013967,18360161,488598323.6810182,0.010130946521807743,34.86785451946792,32,1,-0.003963553462838533
990001,2022-06-27,24.270088566207423,24.85235724589645,24.203067496319452,24.82368990539174,17409557,473534548.2533515,0.023107030048899805,10.511732191566892,32,1,-0.01763704210062665
990001,2022-06-28,24.89824003201524,25.512938205679713,23.916927086308462,24.437514800141777,73274906,1785110599.383949,-0.011499443201469204,28.428857624262474,32,1,-0.037274395127552484
990001,2022-06-29,24.53440858045168,24.998848834067505,23.838797318997578,24.38642851869343,8010472,206761713.21437842,-0.005628749968904106,31.81328409402331,32,1,-0.011559472263221883
990001,2022-06-30,24.519866144979698,24.85011465888517,24.161174288777545,24.606402417551312,17127758,450275769.91450346,0.009454457231834442,27.860191193644518,32,1,0.08609051646927789
990001,2022-07-01,24.444053990569564,24.69889399274056,23.290586825163768,23.692268746695053,57430235,1298689019.5128465,-0.03677105380259596,19.644139636321732,32,1,0.04743603780798958
990001,2022-07-04,23.638801251348408,24.281016825203935,23.573206492435325,24.26013129553561,30383487,635303238.1765512,0.022319454982844097,23.0659507688938,32,1,-0.03395757096412349
990001,2022-07-05,24.290252761808727,24.69706669422271,24.023959470882282,24.603754472739524,27429730,698233754.284679,0.015408519152708307,28.485736113185727,32,1,0.020444034755675113
990001,2022-07-06,24.798470379263836,24.990242500580997,23.712066165855294,23.96334270198276,22144284,564026888.3853366,-0.026232563669366084,33.25399538871561,32,1,-0.033181160710249825
990001,2022-07-07,23.890930092872626,23.996776335283847,23.736761758384155,23.90559451401037,27556454,549379447.1035311,-0.002204398040125799,44.67964268809721,32,1,-0.06743685515820784
990001,2022-07-08,24.01350065278575,24.381494137355446,23.49724618081319,23.914557458824877,34912708,697940144.5358179,0.0009669791136594558,58.63616219550609,32,1,0.033928739315164255
990001,2022-07-11,23.81778198810536,24.39319801185254,23.128905777869704,23.730458846606904,12435945,257967325.31812844,-0.0034669912529775916,26.608116036705013,32,1,0.039025588307398516
990001,2022-07-12,23.803398161547946,24.028819663151484,23.622733030318525,23.830269183906935,35358985,850669689.8425301,0.00045645666027786433,24.21634903568733,32,1,0.03489100501524122
990001,2022-07-13,23.883119214555506,24.404172837134627,23.883119214555506,24.212936068816912,9232512,192857216.80350247,0.017359639957770696,40.59799619347754,32,1,-0.020069135592212295
990001,2022-07-14,23.774976567854168,24.063682882512467,23.022468601951793,23.405770736248453,25615684,583822491.7788612,-0.0319334785830555,44.834761050231485,32,1,-0.009080514925148074
990001,2022-07-15,22.99260153046012,24.22493715983863,22.644022606739476,23.891170786546393,22311975,565295400.860444,0.014712590703104447,24.528319171250583,32,1,0.02414902298403771
990001,2022-07-18,23.37729617045521,24.695999639084842,23.29360175133282,24.695999639084842,14380081,355953089.3478138,0.03359009227907066,49.68322322179659,32,1,0.011159831297624304
990001,2022-07-19,24.058289506657786,24.34810885174626,23.673066678562364,24.023462850955493,18882540,492129732.5987467,-0.026515161344631864,55.34805059147138,32,1,-0.017305469764700772
990001,2022-07-20,23.818559089614656,24.48945905690231,23.21885361297633,23.985676147850118,14488534,346223434.9725181,0.0006305084217924069,66.10999119489684,32,1,-0.061734038011012744
990001,2022-07-21,24.096952015602938,25.326885246184155,24.096952015602938,25.272509618949073,11281233,286434673.51955175,0.05134793852351631,87.13429402648994,32,1,0.0010945866022667988
990001,2022-07-22,25.09682877857865,25.232708060907576,24.741512227932933,24.821227366529225,16681346,433097870.2075203,-0.015227370098793522,19.04010682026307,32,1,0.03608588711704364
990001,2022-07-25,24.937891720113676,25.169641217817283,23.859636831783096,24.009062376682596,9950144,255014534.27709028,-0.033089437445030845,31.810089088646095,32,1,-0.046452999215685284
990001,2022-07-26,24.237247411775567,24.47910349849913,23.849770515747544,24.020492593168765,26420857,592830111.4546236,0.0030755356634590367,31.76197363514585,32,1,0.02012445382420054
990001,2022-07-27,24.50217691137499,24.806244291663933,23.448370200498847,23.851866548632152,10724995,275291320.78252375,-0.00997774168723003,29.815837440665884,32,1,0.008986164803537249
990001,2022-07-28,23.816374552658495,24.132509952337976,22.82187028724359,23.204722702006446,30544429,731797135.3433017,-0.026476924266894238,21.631606190277225,32,1,0.024162898258916925
990001,2022-07-29,23.535169225741118,23.54790919623037,23.23166108207553,23.23166108207553,10194132,223044492.4780497,0.0038972706237944714,13.168153669357453,32,1,0.028579789050100272
990001,2022-08-01,23.389194168274486,24.196530144774524,22.92701496907188,23.75268179159586,13761880,378278257.6799996,0.01986787749803321,33.29006768190036,32,1,-0.028212090058642496
990001,2022-08-02,23.56236227297223,23.977070660709018,23.32894970761128,23.881162715436265,13636798,328000671.1446264,0.005466495050163119,20.171420766573558,32,1,-0.06165745145690911
990001,2022-08-03,23.695401733723774,24.112557496603518,23.178426368430348,23.72898662357228,44330209,1238097589.8426085,-0.010089515207514816,33.16191456205732,32,1,-0.022376944548881623
990001,2022-08-04,23.288813833440315,23.460225507443717,22.877870591938123,23.181537221394837,26841554,608149237.0392091,-0.021309051088763135,19.86903055788671,32,1,0.02920163444619523
990001,2022-08-05,22.93300378630179,23.97127800706917,22.757432496706034,23.776630066859177,17763930,426401993.3228953,0.02748180026030431,16.586182353609676,32,1,-0.022684548755008152
990001,2022-08-08,23.626299367180117,25.051549145833985,23.37489381667261,24.653580313740672,28832371,675576251.2321789,0.03639091876154458,36.120384307324684,32,1,-0.02819679326556363
990001,2022-08-09,24.826623973816044,25.33920233349569,24.44186917404391,24.90463021309794,5818145,150246245.4280275,0.010596380774635393,34.42695323373881,32,1,-0.06906771942731019
990001,2022-08-10,25.293340844706925,25.785946588336728,24.879551558634247,25.421893483734916,20526914,545776767.0913692,0.021274486209453197,44.03169851805034,32,1,0.06050887487045518
990001,2022-08-11,25.127062289122684,26.075674590944626,25.027183860741957,25.91741193464583,67330940,1730919362.8309207,0.021289003208404142,96.65801535600002,32,1,0.026902548543189388
990001,2022-08-12,26.077477738194784,26.527302642317935,25.52209496725208,25.870537831104766,23475589,571607751.4276164,-0.0036685386473013747,37.02494946907907,32,1,0.024878858962647077
990001,2022-08-15,25.594595838953346,27.276232889520827,25.365067415395327,27.06866927768993,21073350,633188915.7404293,0.04755965352135112,41.717638975898474,32,1,0.032051236048411536
990001,2022-08-16,27.232023298204837,27.656256437588045,26.1918247171254,26.538534698719523,26504953,713830871.7239875,-0.018593640770718883,16.805162487805877,32,1,0.017874771509219324
990001,2022-08-17,26.58204524961021,27.81000962653532,26.524738356823487,27.72740194541837,32890925,977255327.4645702,0.04112063181782383,14.835413815929712,32,1,-0.01189223155465633
990001,2022-08-18,27.225481850834647,28.44164844523146,26.807288911507985,28.083694223817073,6210421,180823663.1425506,0.013092632728590918,77.9947250719842,32,1,-0.00897132718793852
990001,2022-08-19,28.265603173974014,28.690788381042477,28.142601458850756,28.345456158195905,7207623,207401048.69218224,0.01373309212586608,18.409805653618417,32,1,-0.018535501626950994
990001,2022-08-22,28.216102481898506,29.234808111454562,28.216102481898506,29.095935801028237,24038373,622273140.8013958,0.02305919044617361,17.143548434633384,32,1,0.09248948482109792
990001,2022-08-23,29.01165124036025,29.827848983025486,28.503027711968567,29.408314892898424,13308882,412110409.161401,0.00847988290835633,30.850599325114544,32,1,0.017120792988537713
990001,2022-08-24,29.011951428753278,29.988645994595974,28.68305850725002,29.566242453236345,50569899,1400980448.006143,0.005242709991498656,29.9521488349601,32,1,-0.01984925377599786
990001,2022-08-25,29.22764501644534,29.63813496670972,29.224536621560304,29.599086342786503,15761579,544583413.4842463,0.0011775688482120188,18.639129898251362,32,1,0.013842754939487613
990001,2022-08-26,29.69120665702706,30.591479900653134,29.038180314704004,30.058430133070164,6689554,174083179.18920016,0.01752317343361746,26.444319776664987,32,1,-0.039683420467330775
990001,2022-08-29,30.027012981669216,30.552037699842078,29.67111252114396,30.289594527526177,9269180,298114781.57533413,0.009475030502547492,63.80852708487285,32,1,0.0515124385653789
990001,2022-08-30,30.347400517876938,30.94849585979422,30.09516810600164,30.53160937618621,3987550,143078783.2544193,0.008472198373348203,19.729833600833896,32,1,-0.02700130062842602
990001,2022-08-31,30.72276199307524,32.82938421092371,30.317210598404856,32.42729943348669,18237249,576594312.2715615,0.059057541593539105,13.916342535068695,32,1,0.015133034702362247
990001,2022-09-01,32.88122825849805,33.32728633922358,32.52670237172715,33.17863190094338,16442669,628961544.0488186,0.023098848128046426,54.1927307723944,32,1,0.035613406870588664
990001,2022-09-02,33.06457677938953,33.46364896064976,32.12368789730196,32.75874058528012,16372179,461633129.7616908,-0.014443987770971459,41.890596538113435,32,1,0.010915923585617545
990001,2022-09-05,32.23274645923949,33.30366862571684,32.05619845880708,33.14286541279419,43125480,1318935855.0042365,0.012104137345818798,21.99886893755317,32,1,0.00039104393060717096
990001,2022-09-06,33.329174268935255,33.90740616136732,32.812813724870296,33.098137387383105,41308841,1350704925.876798,0.0011121896265072824,12.422001446478177,32,1,-0.0026423664827172413
990001,2022-09-07,33.01899407519903,34.00876616465904,32.28405000084119,33.13382883737643,19049394,632801669.3711164,0.0033102587753127393,20.454683000695287,32,1,-0.005080292506292057
990001,2022-09-08,33.566385556770996,35.12374137156992,33.45454419745076,34.92918537446623,6184040,189699994.84816554,0.05223330347702394,30.57345314871457,32,1,-0.02394241357393729
990001,2022-09-09,35.0516100417657,35.42978117931302,34.990952449152914,35.38333412256408,29722450,1090227147.3604586,0.011915834504679524,61.537187935467124,32,1,-0.019330185311208975
990002,2022-01-03,10.664601862519653,10.850974920166257,10.317936901825664,10.487067781554522,89791749,932529856.054508,-0.0031479539539346043,735.5740085369514,4,1,-0.0061506332100492575
990002,2022-01-04,10.558605615818493,10.558605615818493,10.292630032620004,10.333883262082383,441753790,4854252609.531277,-0.014363881213532822,1220.3438276483948,4,1,0.011252707680742467
990002,2022-01-05,10.562325331075408,10.715060146494514,10.445212234593754,10.600345751145234,103761639,1072844334.8461019,0.023370331304820396,1240.5213018882034,4,1,-0.023016000684834788
990002,2022-01-06,10.62676675442191,10.825582022579752,10.442783109016196,10.631220698373152,84661846,922023952.8360715,0.007018075450216208,1196.0909481848742,4,1,-0.0008633400297648423
990002,2022-01-07,10.622657376976477,10.818879654663169,10.295329378703022,10.51502851151791,174378496,1796571111.2458444,-0.01839020904660017,869.8420380747589,4,1,0.002994151037795485
990002,2022-01-10,10.473462101973498,10.577443990201902,10.059595689225375,10.226759602363181,43859427,491736171.4314489,-0.022673861988934983,1085.0378599316948,4,1,0.01832779183840674
990002,2022-01-11,10.211537222499915,10.33523927785491,10.153985981570356,10.27862529517372,108691431,1066021241.9515448,0.005060375097179826,864.0199690662242,4,1,-0.027382374803648767
990002,2022-01-12,10.345794540471006,10.356627982910984,10.207300830528487,10.27950712598976,239829812,2158842812.042932,-0.0002024627922399537,984.914190511577,4,1,-0.00043315752810816396
990002,2022-01-13,10.49846322668164,11.743826258781437,10.288593849991626,11.547067723890175,97014535,1019558513.7843935,0.12028331339478202,1748.8857978069946,4,1,-0.019043841506108123
990002,2022-01-14,11.405746713329425,11.61276784171125,11.23374049991503,11.491934052149539,42822779,548764215.8618051,-0.0026192061380824415,1087.3422977882694,4,1,0.007483865269510242
990002,2022-01-17,11.587243662938699,11.779740348497509,11.267963329633142,11.484033827217848,91298582,979766979.961577,0.0041198039265359886,808.3793651594036,4,1,0.012015190819647732
990002,2022-01-18,11.527277352531486,11.716572807046779,11.322341434068496,11.48386666923266,174589274,2123093320.4906123,-0.006014678840455621,1108.8101965561216,4,1,0.02051939393846433
990002,2022-01-19,11.258741940465482,11.45643758128055,11.236845140612417,11.416469203577174,125546077,1445659452.782057,-0.002398257426080038,778.2699286496928,4,1,-0.009868376874587121
990002,2022-01-20,11.501634172042298,11.916635353017272,11.345886035367402,11.693884455773425,72613997,754273108.7411327,0.023381884906067026,806.2371501075247,4,1,0.014516820012608149
990002,2022-01-21,11.795710502652742,11.920026816771525,11.685549957709442,11.786498827173604,75945320,873899638.0380948,0.01072184526981072,836.1932024141706,4,1,0.02174896894968256
990002,2022-01-24,11.735633554244139,11.87904469649016,11.557656567158999,11.73077894138327,74588013,975910774.187575,-0.008317496631656282,959.8210051659385,4,1,-0.028349479649595596
990002,2022-01-25,11.745324247387323,11.800010856264604,11.629578826387254,11.728702891376672,116765219,1457807416.927892,0.0021808328363090764,1320.5505174855152,4,1,0.009265722196528416
990002,2022-01-26,11.525187774210453,11.768843262431076,11.27946360939289,11.539780335675209,172416433,2012161320.3064098,-0.017586291258893723,1215.5930287497229,4,1,0.015038538002331929
990002,2022-01-27,11.400168144198835,11.488274788216719,11.318720126944477,11.372128748565016,156336611,1802152089.3011088,-0.013770341262607802,1200.1367773443353,4,1,-0.005260630359431093
990002,2022-01-28,11.491738787677003,11.871613477765955,11.400798322512943,11.800791223130926,119212885,1271474816.9565504,0.0331269468777435,825.099642739428,4,1,-0.02113737092636519
990002,2022-01-31,11.708384453139903,11.841092214483103,11.283198395416298,11.465495604562923,50170256,611808108.1698965,-0.02852378033349209,938.5501939418109,4,1,0.0147791279613149
990002,2022-02-01,11.279416966567188,11.612998799031054,11.226334304308825,11.56848482240494,59092438,649957334.9488719,0.012888441940117895,1132.538010601636,4,1,-0.020949515204035603
990002,2022-02-02,11.573466590381878,11.750882850515321,10.972239827523707,11.13722939984189,124301874,1303477466.4940188,-0.03731209338317906,919.8728745801029,4,1,-0.003920263756911461
990002,2022-02-03,11.100938678129644,11.324513942378513,10.642408758481118,10.899846148617426,54186501,613413006.3686739,-0.020457555421561687,997.330743483112,4,1,-0.001615125713689547
990002,2022-02-04,10.85524914159097,10.976502627108275,10.680455929814281,10.819355666361327,87468475,1054587180.7550435,-0.010315118071541446,1177.718979301459,4,1,0.010986614389732597
990002,2022-02-07,10.91927174224557,10.973657917930664,10.584767432018296,10.745400299652472,115098562,1148758830.5233362,-0.003983356901531895,981.2405176505245,4,1,-0.011395972222012623
990002,2022-02-08,10.628542953965642,10.805483704217476,10.555987892347497,10.765957802743367,58024009,653399047.6002952,0.0020984890729563678,1120.5832404006017,4,1,-0.01236240637675374
990002,2022-02-09,10.657707842873231,10.9126498809028,10.561132417202304,10.803412411326535,56587389,688245587.6164459,0.0006748724874481896,1536.4766119761173,4,1,0.0007035562499368741
990002,2022-02-10,10.82542209036194,10.906069924985749,10.69914600945019,10.771132845727847,97174213,959776144.9547012,4.0074581732671504e-05,1022.1737224276695,4,1,0.01583699213624918
990002,2022-02-11,10.901005861815175,10.973296092526537,10.429820589483047,10.522602802622465,126423977,1431533190.7497582,-0.024051777559377024,1396.5766886718463,4,1,0.037200481139033764
990002,2022-02-14,10.669181716439619,11.255168152170688,10.462648708950121,11.010011322708284,155158849,1848842895.4189785,0.04956050305993131,1210.2622790279793,4,1,-0.026085392396943886
990002,2022-02-15,10.997611930948592,11.331195279736301,10.838841448829884,11.241186857515974,121447246,1446817008.356867,0.016336432799091423,757.7821645910622,4,1,0.00431277651113939
990002,2022-02-16,11.315808204629626,11.63191120196338,11.199865355057476,11.56293807085345,102833301,1349725047.361358,0.026088221168211204,824.4874195976594,4,1,-0.0190655164367795
990002,2022-02-17,11.424999606862125,12.042147644393618,11.301011923492695,11.94909555280349,66635454,760126106.3237662,0.035913253513750756,877.2648670492206,4,1,0.016044126062700607
990002,2022-02-18,12.145619428000646,12.183777479786285,12.024606185836728,12.051276173123151,59298931,737682600.3074845,0.007061867952760947,872.9705273031924,4,1,-0.01659756478255344
990002,2022-02-21,11.849242304043264,12.181152431857083,11.801994781274672,12.115271439402907,76589272,1035470129.9291226,0.00995842742330292,1041.6169776538345,4,1,-0.012196718277132344
990002,2022-02-22,12.290546587309983,12.590865502633358,12.10299220678091,12.378476135148938,123341041,1420074223.226865,0.019514195584520375,1225.812333348658,4,1,-0.010772929421254466
990002,2022-02-23,12.324255603481632,12.981242733187024,12.277258436631548,12.943467802258871,112586852,1497650652.6097124,0.04811437180107088,1421.2466312170743,4,1,-0.002216725645526424
990002,2022-02-24,13.235285339545014,13.368517744088056,13.040731547943187,13.149078918096523,39217856,496974196.66671705,0.01443113934674399,1142.0406998686965,4,1,0.004443779461510156
990002,2022-02-25,13.197235644058665,14.574939707969786,13.072951300316634,14.467311824076718,77595788,1068394344.8929781,0.09805580851388923,959.517247407744,4,1,0.0071204084823462644
990002,2022-02-28,14.25374748847774,14.647436577806063,13.5643688678747,13.87184985527355,169624097,2256159085.8881035,-0.03987379547551794,657.3815247670519,4,1,-0.0010421820331011503
990002,2022-03-01,13.842532647709682,14.4926223247293,13.59170390758526,14.180593104339652,104363075,1442996380.1724877,0.025361929110256677,1081.0547378337922,4,1,-0.023123823685769998
990002,2022-03-02,14.329271902438258,14.45408811366722,14.13184978494268,14.209997271568444,52851005,680895359.8917783,0.0018774053750081202,1069.9202297806194,4,1,0.01119086884877504
990002,2022-03-03,14.378802026212973,14.676715505901537,13.987985012409421,14.168075159104909,265630444,3625290064.4088097,-0.0028179396779364724,1109.4746283478266,4,1,-0.0018291610151012234
990002,2022-03-04,14.189493773363784,14.295147158070002,14.097233466454755,14.177994812955978,87241300,1445097352.332832,-0.0030440338160028025,1729.9169337886535,4,1,0.01842757941952885
990002,2022-03-07,14.128530225228761,14.41885802891525,13.7866926283195,14.106813876301446,122717803,1702388893.8871493,-0.008136753910330965,1416.475046959618,4,1,-0.012748550436112432
990002,2022-03-08,14.195651831332322,14.234092106969202,14.06641919482345,14.168227555034028,120458190,1382270653.0513654,0.005758627255248599,1275.0229657498037,4,1,-0.027666209250035174
990002,2022-03-09,14.137225889894243,14.415894472041295,13.700480947757187,13.891879794075274,83887452,1228222043.0627155,-0.013090653035185255,851.6056983165722,4,1,-0.001513431974126659
990002,2022-03-10,13.80202465550877,14.267347717829407,13.609901259653476,14.165698470579997,71982602,1042343830.592683,0.012964986976392116,944.7108536864549,4,1,0.02066585370897729
990002,2022-03-11,14.012161798107602,15.336525997647835,13.96153691303358,15.310659481958451,256620332,3561573796.7075033,0.08187204284174715,1040.521580208522,4,1,0.0017379389613530222
990002,2022-03-14,15.36176544502068,15.451871804599781,14.84724201328389,14.950587006258754,140952465,2417647832.296234,-0.018656065753145316,889.1385095461678,4,1,-0.004275777798862138
990002,2022-03-15,15.187014508703406,15.452592388967057,14.660156018908534,14.84662019450558,137177264,1996927613.341179,-0.00942244708166645,1193.9074580398599,4,1,-0.015460274009925293
990002,2022-03-16,15.121453321252234,15.226612644846227,14.969324214212762,15.118078495919189,119921152,1962557377.5226698,0.015441812363500992,1154.9688439927922,4,1,0.028367255087070824
990002,2022-03-17,15.224482941395609,15.433635834520675,15.021238406353092,15.241055119175668,70057938,933647908.8313493,0.009232245483651034,827.1261919710306,4,1,-0.01811608719546126
990002,2022-03-18,15.287066045562707,15.441914245962414,14.92370796789956,15.007138630209875,179547947,2831657256.4392796,-0.011676197652878294,1402.2256163242052,4,1,-0.013042980637425058
990002,2022-03-21,15.169752664995627,15.521120213564275,14.917493969295176,15.290917903015213,61363408,1155689165.6378744,0.015002110698814488,1089.005036783425,4,1,0.00856013071468865
990002,2022-03-22,15.163370236014536,15.41053132558816,14.923425880718261,15.035241471490135,103578087,1688203866.9919484,-0.011293019732951005,713.2903540214269,4,1,-0.03189778396039555
990002,2022-03-23,15.134412245179048,15.247853312401684,14.879326166268358,15.01870524913978,48600811,775952920.5674143,-0.004926681456427252,1051.0304713585278,4,1,0.020309611603783573
990002,2022-03-24,14.874542712666596,15.031341133943823,14.412025303107432,14.590551327332758,40178199,642842997.9591149,-0.031146012591241466,1134.9486808134798,4,1,0.009463307679646897
990002,2022-03-25,14.375759043196293,14.55627501965289,14.10112867882969,14.285921622867756,106229977,1500535501.8352678,-0.018686265467313206,1331.521529401882,4,1,0.014049956681318082
990002,2022-03-28,14.333471602844156,14.512118077564937,14.056685604996035,14.255301411470345,76781582,1028782410.5715344,-0.0011099065583781529,983.8045263707486,4,1,0.008361394724969842
990002,2022-03-29,14.307519123514368,14.854449795428613,13.957700187746303,14.529395704213224,42734955,581474850.3315113,0.016402604537489592,1287.7122458181964,4,1,-0.0036329637447591054
990002,2022-03-30,14.590789152652007,14.869683247965868,14.107815319336352,14.42823879680002,128176912,1831765755.8412993,-0.007131515857815522,1110.5549059156322,4,1,-0.01867551636466455
990002,2022-03-31,14.487920931565574,15.607349630068176,14.176404824363566,15.317042486078629,238781995,3718538556.9467926,0.06089165181177371,784.9056055683719,4,1,-0.00328195714669351
990002,2022-04-01,15.30891295646798,15.804150408648809,14.820179544327527,15.360103862762102,187046510,2835427658.696847,0.003683656451323901,766.9562033420281,4,1,-0.017209452124308862
990002,2022-04-04,15.36985531347476,15.93346309810316,15.156581687718429,15.804239870273044,87077973,1420552129.9989665,0.028489791184597428,1378.3833206723846,4,1,0.0071613310285141086
990002,2022-04-05,15.763702993580623,16.43693203219821,15.508408118127626,16.22228083455335,98147117,1345150111.6392426,0.027165510905623042,1401.9560372928172,4,1,0.01250820078277927
990002,2022-04-06,16.229616793729388,17.283198510348505,16.021840155353086,16.923578416640535,149852822,2394371448.9582424,0.0442051690429142,1145.9340654376085,4,1,0.023681883704508983
990002,2022-04-07,16.73352458797081,16.92088736324452,16.640223585766332,16.7484169360786,147768582,2709656414.8552017,-0.010001811127732588,1502.4338654448468,4,1,0.005253753998733756
990002,2022-04-08,16.811928961297728,16.9367388980075,16.080331179703073,16.21780908237566,92357681,1350217139.9658833,-0.031047941933921682,1357.5480485456078,4,1,0.014472608665502228
990002,2022-04-11,16.34990070568336,16.71849692636612,16.14792454396241,16.5102839394742,101568500,1698702853.9946704,0.020024391537085344,1245.499920944779,4,1,-0.0059013109843171286
990002,2022-04-12,16.45689667200216,17.027748898854465,16.16348803640133,16.754320294925375,120130700,2097688946.3211608,0.014258158371395003,861.6533528281589,4,1,-0.008921951307810524
990002,2022-04-13,16.814144873149694,16.933110136359197,16.46877879164297,16.62227693565368,119151517,2165912271.4476666,-0.009217888155350394,1586.4864277523939,4,1,0.006953152262989037
990002,2022-04-14,16.464058798246132,16.72832144154872,15.998519185131357,16.194992742634263,89327059,1489117857.2377822,-0.026725044224240813,1203.8308924393639,4,1,-0.007390984653493731
990002,2022-04-15,16.058119269274588,16.797835447764566,15.7807632492998,16.536817287575754,88704518,1738694131.3316898,0.01866449207290957,972.8741193828973,4,1,0.003543055766673876
990002,2022-04-18,16.368160141094926,16.977499884119588,16.028907613647444,16.75210054740733,182021442,3021324215.350032,0.016022494883075406,911.4217161178267,4,1,-0.018642888598139812
990002,2022-04-19,16.93002969087267,17.11326494772875,16.33033373133558,16.473156586306025,167598252,2611598647.636337,-0.018702901889703936,1128.5641547944422,4,1,-0.015648395135032217
990002,2022-04-20,16.635661019646815,16.748299608784457,16.230536588330605,16.396993322862027,119010568,1745592493.7643886,-0.004774129418301211,722.9176334081693,4,1,0.009650353542127635
990002,2022-04-21,16.427007969085672,16.745370722732055,15.697810369412718,16.01356873819945,197530958,3142566930.216918,-0.020822425634054422,1250.1239871144826,4,1,0.013840817735027697
990002,2022-04-22,16.33955318123095,16.621966214197403,15.436606915551979,15.722006577109331,78643534,1356156513.6775696,-0.01982745816095157,853.2810890990302,4,1,-0.01738321805867837
990002,2022-04-25,15.653760708956485,15.898355717273525,15.639465873741917,15.891766335190763,199151106,3123766345.511147,0.012492952257469526,1158.629256097149,4,1,0.010237447131082593
990002,2022-04-26,16.399943489645906,16.57097791267015,15.693896491193874,15.901090396403648,122390286,2261498268.613574,-0.0025381792297196606,942.8301734304804,4,1,-0.009830124810478012
990002,2022-04-27,15.82739861308095,16.62358608583954,15.61650025778289,16.470227099392943,392284421,6802854972.899244,0.037212214036973876,1000.549418416281,4,1,-0.0006707527192105732
990002,2022-04-28,16.476500524952417,16.87802979207639,16.169512604953567,16.507475914378983,63906655,1108417893.9302554,0.0059312370792552055,892.9464674297774,4,1,0.02268356279550747
990002,2022-04-29,16.446437788217978,17.70211738973737,16.162108142557084,17.463880032076794,73380825,1309403424.3646958,0.05507787789510439,1024.6867060376405,4,1,0.01251999774153388
990002,2022-05-02,17.53262619413087,17.755260570704372,17.277951074037457,17.61145869271488,126344162,2167694790.1422453,0.005462058895571441,1645.4211718019421,4,1,0.012326296999499496
990002,2022-05-03,17.657347660604326,17.989840534451154,16.869351810717713,17.134596093040393,114562770,2017176445.3108287,-0.023515925756204696,1464.5293200945052,4,1,0.030885793213603508
990002,2022-05-04,17.135920842417452,17.664933672162725,16.890091115989158,17.406520192206443,232683044,4496677749.601528,0.014593175201290163,1154.3207891026434,4,1,-0.012684188812802406
990002,2022-05-05,17.79291346701509,17.85201390192139,16.936031837531726,17.096561827100146,74146951,1088621537.2541676,-0.017999647737849817,1057.3738214993382,4,1,-0.017386866960265895
990002,2022-05-06,17.164985066657447,17.91761837948791,16.94223582927765,17.67596210816719,134058837,2644792761.565408,0.037168934701514375,1292.558094780227,4,1,-0.012988415595307312
990002,2022-05-09,17.786111653546804,18.126048763839115,17.576654480311564,17.926762765536274,175383365,3099430728.5946665,0.01105342937701795,1380.7443716585587,4,1,-0.005190166924246476
990002,2022-05-10,17.742644862398066,18.092179965489493,17.532947787291082,17.868157194149845,133469720,2422100544.6694517,0.0005380805653333608,878.0308506283412,4,1,-0.04021147927750987
990002,2022-05-11,17.92332576385991,19.700987977053863,17.92332576385991,19.682131317491997,67988332,1296936015.5958471,0.09982541329668783,1044.7136968777622,4,1,-0.004405160775797752
990002,2022-05-12,19.628330750976165,19.82144539585705,19.103662335732807,19.351590415225687,175107158,3519690851.414429,-0.02013232591717747,698.1413670756433,4,1,-0.01002749124447202
990002,2022-05-13,19.24183477088229,19.466735044651656,18.9775000732532,19.2925559058398,167090584,3371712221.6797748,-0.0016181036709443592,1378.555945733238,4,1,0.01212430849899967
990002,2022-05-16,19.098890634854296,19.459746161866622,18.946076702396752,19.233946022532553,122861625,2656474679.430131,-0.0017186993036941308,1713.5307165472152,4,1,0.004931094227457597
990002,2022-05-17,19.732230175927135,19.93652719413773,19.585866208692384,19.79107099475159,115004472,2042162288.464895,0.02742171167454252,1083.4279187050377,4,1,-0.010963470359982215
990002,2022-05-18,19.714782736074582,20.354871400184944,19.454638311703338,20.040265918071395,111033903,2147315767.2345095,0.013617266503979066,650.9151026401671,4,1,0.008892435923835925
990002,2022-05-19,19.708703667582014,20.028977705267252,19.664636001738934,19.971400289500497,97628679,2045953213.6961758,-0.003581201423325292,1224.1844458380413,4,1,0.011115439883822327
990002,2022-05-20,19.782799564525085,22.003288645468306,19.782799564525085,21.970109063081814,139606891,3196959939.636286,0.09866297983797902,863.0924007030738,4,1,-0.013762593790636185
990002,2022-05-23,21.927757739367472,22.12567304852129,21.490303402682734,21.66323746178052,106330390,2254244003.0444603,-0.01123400519410366,912.4584257555204,4,1,-0.009167880458004108
990002,2022-05-24,21.77450139024294,23.170887286112553,21.497255623237866,22.73076647467244,71430689,1625682805.8228204,0.04766742841232991,1229.1953332345972,4,1,-0.0380570952457515
990002,2022-05-25,22.821160189741665,23.375831661985185,22.19870167822609,22.716415829097695,58627161,1393580064.1754832,7.387305150779605e-05,1127.9830732331243,4,1,-0.01913430581192915
990002,2022-05-26,22.84865635905167,23.472767167561372,22.474124987999314,22.95741932944186,69224977,1723131171.8331735,0.013191098292544032,950.157896549975,4,1,-0.013327735589812949
990002,2022-05-27,22.905844634956853,22.920250690377507,22.67939538611585,22.701861662020363,103665920,2470316192.1440463,-0.012449724428745809,915.360342114704,4,1,0.0002908264470253021
990002,2022-05-30,22.810564961281713,23.06578598324759,22.461687728054684,22.754770575437995,101599127,2144158923.419559,-0.0026427281432906072,1094.9390840746246,4,1,-0.016711600357197376
990002,2022-05-31,22.476872966734014,23.479148248694845,22.143903952451748,23.228895727127824,109754020,2272167732.429898,0.023250724031556286,967.5784129539329,4,1,-0.009508541928424949
990002,2022-06-01,23.094750270707472,23.34926548579915,22.638574435760496,22.880975160540057,114518165,3044584328.188048,-0.011603539159540117,823.1359089002989,4,1,-0.021380131334334525
990002,2022-06-02,22.724710361287375,23.912236831278108,22.380631371112244,23.493135768251648,74966431,1760331310.0421407,0.027200637518770485,984.9218080935307,4,1,0.0019075675538638454
990002,2022-06-03,23.272723708903026,23.638727137270617,23.03188058226704,23.51498972626043,172610780,4348443135.570299,-0.0019294521661665164,1150.3585146984271,4,1,0.006153396160924888
990002,2022-06-06,23.79293662514979,24.006577786834622,23.46037976610109,23.839333251964405,88134820,2003193266.3002825,0.010410752824296867,1020.7002368966876,4,1,0.005764014282329615
990002,2022-06-07,23.960757431961056,24.20764147685764,23.46610705536344,23.810499495037362,75467577,1989329363.0444088,0.0022834622284219662,767.2501374854146,4,1,-0.000739860549980789
990002,2022-06-08,24.044957390278025,24.34535140292758,23.342376668801034,23.814653064867812,125329879,2889027324.1890874,-0.0028058033816767045,1336.5349931857036,4,1,-0.026645583369310402
990002,2022-06-09,23.765732533301005,24.118248844724988,23.65843875476208,24.014244371354646,45788565,1032411214.7239127,0.010305821055313597,564.8113163410057,4,1,-0.011284608817683834
990002,2022-06-10,24.145953581761734,24.52562862110017,23.88542351886809,24.27692725199744,77268627,1711081000.2494757,0.010697605184617057,959.3652832980985,4,1,-0.007738417884090681
990002,2022-06-13,23.78586865596491,23.851005981969855,23.35233727103087,23.427358710107903,157799516,3806870375.3144298,-0.03149808195254415,921.6004805628532,4,1,-0.007671522762637259
990002,2022-06-14,23.729297968848226,23.962694173504058,23.374125478732996,23.87601237748422,45908542,938920372.4907348,0.014525958901025876,1100.6046679132467,4,1,0.0003044184209553718
990002,2022-06-15,23.89478223473929,24.180290815093652,23.63941386722904,23.866548585983633,167123394,3695523461.503073,0.0021492340310310283,1210.903073185579,4,1,0.022826929269945208
990002,2022-06-16,24.054200141014267,24.491650999242555,23.872041859079197,24.421539886110015,176945124,5325893493.454087,0.020806398820798908,1379.722551319785,4,1,0.012596859013927457
990002,2022-06-17,24.48585024469325,25.07818041729704,24.129485434359943,24.700330633778258,80507706,2139144705.2576516,0.014814125711770581,902.1754235336902,4,1,-0.017414263067040824
990002,2022-06-20,24.498676864790003,26.428289644003907,24.264314292536735,26.099297974796997,114345714,2741946021.623301,0.05454361799396066,1217.8930327803241,4,1,0.010367332523019098
990002,2022-06-21,25.735014534609103,26.24656812732278,25.70341608402635,26.18955718214222,143323515,4262671897.541628,0.0031074299153803263,1112.7828561095498,4,1,0.009731952385610788
990002,2022-06-22,26.03337710124525,26.250031165719,25.3792762310182,25.709262111293935,80952163,2093420608.06364,-0.017345364459717707,716.1862270909517,4,1,-0.014388321207001538
990002,2022-06-23,25.909598744295813,26.01673422482922,24.896038512545932,25.096032758119488,136812254,3909876227.775343,-0.02494209651224546,1649.6672914205146,4,1,0.013210046207845107
990002,2022-06-24,25.24370073183843,25.542418308515618,24.544833213900016,24.852158946657195,74640512,2022146616.9982312,-0.00838807106373321,762.7834793613282,4,1,-0.0036205084336185826
990002,2022-06-27,24.59329539612922,25.177727217109297,24.418620995829027,24.91525979236086,76375671,1978872621.3689978,0.003307314709489346,1171.7870820780984,4,1,-0.024458979168241236
990002,2022-06-28,24.714170906503426,24.92400994806731,23.934211651476378,24.346970142422258,71762877,1748196704.5342965,-0.027201035206448954,1163.8197840293976,4,1,0.006645152656822827
990002,2022-06-29,24.123993009499696,24.290696068369883,23.237422749882395,23.609580463112252,115075005,2785218201.7487297,-0.029209621828946573,1133.4894989265222,4,1,0.0026721468928451505
990002,2022-06-30,23.489216436235786,25.734171171451983,23.131132287456165,25.397638655260536,174815462,3913955989.0764685,0.07963413363569315,948.7391469159471,4,1,-0.0047428481868618776
990002,2022-07-01,25.102284674559595,25.94777454327679,24.8074245116096,25.72728983046042,91642929,2204080329.236748,0.010289531798140421,1287.5083525931502,4,1,-0.001570583444230964
990002,2022-07-04,25.29535699601571,26.184595756534698,25.18156027494159,25.805011003208318,55134354,1328098783.1505046,0.005655042883228335,741.6487156668805,4,1,-0.012937772781892233
990002,2022-07-05,25.666960186411725,26.04445718198059,25.562842165343298,25.785726159217226,61424665,1439730876.585534,0.0001381194621617043,1047.5193241903307,4,1,0.009228793656167333
990002,2022-07-06,26.016472497745863,27.478280279682345,25.748641554582,27.475136741606654,109665478,3048745238.164234,0.0607993450659736,933.6711442859682,4,1,-0.0016706011101009959
990002,2022-07-07,27.07443527141633,27.384881599672784,26.80086282345458,27.133269425134564,224060490,5550110927.907731,-0.007016611355957786,909.5226860605654,4,1,0.0018297711357503179
990002,2022-07-08,27.19839386838214,27.4874728315136,26.899210705663435,27.335515000116914,120989143,3284232680.9207015,0.0021624620292875056,1174.293473004868,4,1,0.005009849387000442
990002,2022-07-11,27.549154939543143,27.81475813217781,27.247005432639025,27.5839387081258,94308204,1998050884.788452,0.011469747079779805,1364.1067301634498,4,1,-0.020200356751639417
990002,2022-07-12,27.21203821803985,27.78042749511795,26.8390902755188,27.355373094743726,133699457,3237177479.641689,-0.008367888398532109,982.4919029310951,4,1,-0.01585944091343686
990002,2022-07-13,27.394813187533114,27.556483822238825,26.191421624107488,26.44310282024296,88253158,2205750864.076537,-0.03454902444253039,1273.7338373722866,4,1,-0.037799966042095276
990002,2022-07-14,26.656279807072647,26.86985390681186,26.475694655869777,26.64884896481982,81831034,2217349670.3978763,0.007435549198027384,1075.860901589394,4,1,0.008471880131049152
990002,2022-07-15,26.481441576110836,27.1359987773895,26.221198817733836,26.79294774436207,66309836,1626887622.6663413,0.008242308587796123,865.3601314280731,4,1,-0.021161325709501896
990002,2022-07-18,26.598624688255967,29.82333228402159,26.356729987690176,29.453500007356652,185476254,5758830152.240142,0.09591054347399047,1002.0452195370518,4,1,0.0012647884048603067
990002,2022-07-19,29.708397405727176,30.77664402574309,29.348470233560484,30.379327006940702,33107139,951597409.5424659,0.03267993535531006,992.4767500955345,4,1,0.005240756135180837
990002,2022-07-20,30.175980501761586,31.033689100539714,29.528802652540204,30.318561430347533,147484877,4674277280.282039,0.0007400282887404508,905.4632056557305,4,1,0.009099090035321448
990002,2022-07-21,30.7694586453324,31.017308410768756,29.436541411731163,29.554074368381343,78704123,2356162640.092011,-0.027333453506999304,1174.2216361161734,4,1,-0.021024693952484443
990002,2022-07-22,29.857189861347138,30.03489162525755,26.96105864967116,27.370953563556807,87197994,2314126486.352593,-0.07673391987266134,1122.8080000931445,4,1,-0.0020326626316129496
990002,2022-07-25,27.182017932571135,27.64697243125921,26.761862294666535,27.20603533115429,211230277,5194789280.3360815,-0.00661041179095905,736.4767622662482,4,1,0.02690830088101786
990002,2022-07-26,27.154359600112713,27.814531115299435,26.791840441144288,27.484539894974883,72857251,1966787922.6268036,0.01217222233345747,726.1883235038155,4,1,0.027642634762603705
990002,2022-07-27,27.58267188182876,28.07877851494785,27.355074483514134,27.841342652852497,72814396,1955444590.2096338,0.016856082105175973,1173.1918694698045,4,1,0.015519016404151988
990002,2022-07-28,28.15170016524339,28.60964821994847,28.15170016524339,28.60964821994847,105134092,2811550430.164524,0.024144563003068387,880.9838042363742,4,1,0.004682177949607702
990002,2022-07-29,28.498745163166596,28.63551759716227,28.02173882496214,28.3207953930524,113704179,3117011358.0785084,-0.010808365030926324,1140.4237614872873,4,1,-0.01770757813017323
990002,2022-08-01,28.268379205144587,28.381447858244496,27.73487004166908,27.899177297694358,83200410,2069501778.9315846,-0.014641004378123707,1273.8075292071157,4,1,0.011038037365299461
990002,2022-08-02,27.806423652959598,27.92939926053252,27.78438128873685,27.842622111063218,48438425,1395779520.1755748,-0.0021451944528197192,792.9452797562013,4,1,-0.0035812286695827734
990002,2022-08-03,27.984762510254182,28.21682587106092,26.923459198181394,27.174059208810473,74387657,1839953548.0048828,-0.023189677122326793,767.5997313838462,4,1,0.00840160596930439
990002,2022-08-04,26.916682267740235,27.443520438296385,26.75152915320666,27.22370587116129,179938799,4454323136.3107815,0.0027000565724346584,1565.7416201204023,4,1,-0.011499564409094935
990002,2022-08-05,27.492037845524337,27.953091837615275,26.985379061929564,27.42130978230659,98953410,2699457646.3866296,0.008339529683697418,1153.5456547023052,4,1,-0.0038299055390846274
990002,2022-08-08,27.55534206871999,28.02490552458952,26.8169339224421,27.17176351584073,123552620,3197412530.0587835,-0.006535047602967826,965.3958515699735,4,1,0.0017913906198559978
990002,2022-08-09,26.905398257071724,27.347976062922125,26.799348870920422,27.122667036119452,89751310,2139215701.7554898,-0.006270929480770159,857.1600310346819,4,1,0.003161037342650201
990002,2022-08-10,27.361967788441785,27.926817317780298,27.1983113444789,27.622645411298297,72710240,2006585981.6043572,0.018746691947991508,945.2684120843933,4,1,0.007287528256220991
990002,2022-08-11,28.251672568260165,28.257115129310076,26.988436481396782,27.079789696043775,212136823,5514697116.450319,-0.020380192507958195,807.8106494039343,4,1,-0.01060489988707659
990002,2022-08-12,27.222988647301143,27.64905554366919,25.949416431300723,26.154302101826808,93231273,2289831756.794661,-0.03050579972075294,1304.3168191924776,4,1,-0.023347178168767795
990002,2022-08-15,26.57504770216622,27.213356755883243,26.18196568091396,26.855630309779457,82809272,1994676795.5295463,0.022748822794308902,888.8624523137106,4,1,0.026149600717753102
990002,2022-08-16,26.884697532966985,27.282306000472687,25.938916324288847,26.4558096950093,158746273,3978070088.6987743,-0.017653498957063557,1369.1744212099604,4,1,0.04056585257898417
990002,2022-08-17,25.925483323017247,26.128172316459633,25.658292856211684,25.975557860979855,74208621,1861053581.508623,-0.014273144732498496,969.5556765046246,4,1,0.006515376518053393
990002,2022-08-18,25.52263503904732,26.473168088874885,25.043594349263877,25.95742755285502,77631690,1844337563.1604311,-0.000417905851037338,835.7630289014392,4,1,-0.023025450678891706
990002,2022-08-19,26.023464329683375,26.167060455241582,25.70910907144099,25.76148844922429,99912058,2948983087.252784,-0.008283764250523398,963.8223640392767,4,1,-0.013840127929798706
990002,2022-08-22,25.653044221742473,26.814677367774546,25.47313909280451,26.805388787535513,96011127,2861620877.9257574,0.0369499239448057,579.9812410401453,4,1,0.007544259345475584
990002,2022-08-23,26.501633012750982,26.953099643765015,26.0205137705661,26.343177326712716,120315694,3242865741.875597,-0.011224327179460663,1034.3090094734453,4,1,0.02141900967088079
990002,2022-08-24,26.404195842662208,27.46383433539296,25.783875173210866,26.989192938487754,231497116,7037223768.210927,0.022010210526522536,1022.5845768621559,4,1,-0.021172675862226768
990002,2022-08-25,27.19465778508502,27.547341928185016,26.473336199379847,26.84390741520104,117098616,3349638176.8468814,-0.0033849726468670465,1286.7622153172383,4,1,-0.003019426568502578
990002,2022-08-26,26.536073365575803,26.94758870865926,26.133586404018228,26.60741794867464,35013845,903795163.460269,-0.009311202711042486,687.83582875519,4,1,0.002321445757813151
990002,2022-08-29,26.493686543071117,27.344904228052208,26.493686543071117,27.344904228052208,124199831,2616954127.906824,0.026694814335311675,1390.9528951314578,4,1,0.013472074963725772
990002,2022-08-30,27.68591553408118,27.896641398482586,27.018402701365122,27.13645824402589,96257305,2639434698.307795,-0.010387924917142523,1285.5314071291575,4,1,-0.006676036793439364
990002,2022-08-31,26.795028890620483,27.710446435507507,26.44895188125345,27.463060481217205,97338646,3032765057.93135,0.011120592044363754,1420.2246181621463,4,1,-0.02702483346539701
990002,2022-09-01,27.63264669237768,27.943916753843624,27.32667216961458,27.718714323801613,104923405,2918888540.648814,0.012037446548806957,1050.6958361506875,4,1,0.009413352544762842
990002,2022-09-02,27.619757962725338,27.708947823495485,27.10990771382032,27.293074923869757,99544589,2700911004.6873245,-0.013730299742298136,1344.222148489261,4,1,0.01781157199432314
990002,2022-09-05,27.411295592655822,28.527593231994228,27.089331912004134,28.432746788818065,90298651,3068241283.008383,0.03580817560131065,757.081680603161,4,1,-0.0023233300560918935
990002,2022-09-06,28.550299992296903,28.921116244786248,27.946140919761422,28.20315135045413,126084592,3566069316.723259,-0.0022766534539219114,1253.991587063961,4,1,0.0058119547073759706
990002,2022-09-07,28.462688440682395,28.99581414705452,27.599223896879625,28.05216757906424,70063579,2266203663.0258017,-0.005067484006755916,890.0108434969674,4,1,-0.008858815899280188
990002,2022-09-08,28.335544371018262,28.666775412206462,27.526431155342124,27.84109894673638,66711763,1710508377.955679,-0.005126135307505336,726.2091609616522,4,1,-0.015050463902033668
990002,2022-09-09,27.514361360905497,28.579691285108495,27.10008306603628,28.16158006974458,356013087,9516957867.052929,0.005113869096123055,820.3062299826615,4,1,0.016171107631832125
990003,2022-01-03,10.922083319002072,11.061800855891406,10.67314368212162,10.79699619362175,41997162,531798676.1665971,-0.00036693726381068116,175.05420523458855,4,1,0.011417738888190476
990003,2022-01-04,10.895936877301445,11.243759875052909,10.686153295419677,11.003917653786992,179378393,1801858751.68513,0.01542606625589479,371.7804494998055,4,1,0.03763019437517267
990003,2022-01-05,11.056993281457324,11.31006322971908,10.71042314209476,10.975403987399936,118114369,1186260612.7918632,-0.0021547551322696704,803.4934232498338,4,1,0.010489400862282039
990003,2022-01-06,10.794079911925227,10.923931859194562,10.648599725147577,10.795067829729097,117873113,1266126286.8387005,-0.014886946445994484,784.7794253313435,4,1,-0.016060904106030394
990003,2022-01-07,10.740731951664554,10.869910466981795,10.589381259682815,10.78653109964467,232132256,2659104483.6175404,-0.001893216396742194,1121.0196341677265,4,1,0.0233901496599612
990003,2022-01-10,10.735093927448201,11.015376775917922,10.663036645169877,10.921304779391845,79127606,901296337.468293,0.014621492113484484,613.1716562508508,4,1,-0.017777562091278412
990003,2022-01-11,11.038531105581354,11.137972061351219,10.687355675848353,10.806927542972781,67389256,690220993.1204137,-0.011027365455354132,461.051568864131,4,1,0.00105519661653695
990003,2022-01-12,10.777420194756699,10.93110423713436,10.527590331985538,10.702496450861963,70153352,790580908.6544493,-0.008367744476157664,657.3747697167632,4,1,-0.033466067542287405
990003,2022-01-13,10.816227641748926,10.924233243419257,10.798287683988752,10.901170314368288,90787630,937827347.5655663,0.015379568895960089,825.6474379176125,4,1,-0.027308954843462636
990003,2022-01-14,11.040524654724006,11.441759008459986,10.875752780113313,11.228935778010229,91439869,1092570928.4484365,0.033362587504497374,913.0066861068316,4,1,-0.0016031762053680253
990003,2022-01-17,11.40403542441018,11.683705117722157,11.11678950335342,11.47958557784179,64498017,744927057.8095627,0.01788057027835997,542.5666446883514,4,1,0.005902366359262784
990003,2022-01-18,11.561389763239525,11.707800292546088,11.291702190965372,11.426200795409935,30457845,331962140.81983286,-0.0010629138046134852,1285.350305762126,4,1,-0.0431663228332056
990003,2022-01-19,11.315403892729117,11.61379940815822,11.263581167871084,11.56501931455568,67741469,828752150.7555691,0.01146831043713383,591.0757534272066,4,1,0.008964320675196895
990003,2022-01-20,11.588250675970082,11.764580369633517,11.588250675970082,11.726542355944884,131847362,1371038267.3364005,0.012471725875888368,520.7082760481363,4,1,-0.022240824192571184
990003,2022-01-21,11.633422655185768,11.828163149511909,11.211486615523041,11.410046091223755,112705449,1271915792.7710783,-0.02555974309391315,615.3961719669493,4,1,0.027506602507833943
990003,2022-01-24,11.240134089778772,11.343680769328582,10.226411701359632,10.353798848809591,222039876,2207197718.7954206,-0.09198736983968529,1404.1690618137236,4,1,-0.011162280971274948
990003,2022-01-25,10.321203157269345,10.526249159538178,9.815242916667124,9.949783030196436,336812567,3536074742.390363,-0.03953591694260358,758.4462757168543,4,1,-0.029449966703255205
990003,2022-01-26,10.077175254746464,10.176703620949526,9.888942635538484,9.99550763219249,158769873,1514190228.3976989,0.0027426751396249765,569.4238316278704,4,1,-0.0010244914182856466
990003,2022-01-27,10.000993173350292,10.180690233231736,9.383995846447425,9.499869798882495,232726966,2189399145.868377,-0.046623168462468244,1301.6158774172584,4,1,-0.02453505106259954
990003,2022-01-28,9.691840370108597,9.852579373722634,9.570347122055889,9.741700969161611,161680865,1585098418.6066382,0.024355432753804435,2328.891746526,4,1,0.027252004812385437
990003,2022-01-31,9.795754063308882,9.926899333732988,9.697234780808353,9.844633673125868,295942514,2652785437.8344784,0.010290267302714075,903.2373515468425,4,1,-0.002808434497226206
990003,2022-02-01,10.086874349569245,10.217153590705088,9.66856056581992,9.73876037414594,324644005,3420721566.564147,-0.012441721664994127,1522.7487204135284,4,1,-0.006415617030535503
990003,2022-02-02,9.719684623201779,9.801518447285165,9.513031711418412,9.55660676884409,184195379,1713532912.444148,-0.016810820873378873,1376.6886845174272,4,1,0.011204220089646194
990003,2022-02-03,9.554645440663135,9.819365851556253,9.326891449382435,9.601182524740636,156742273,1463436869.2855272,0.0008441183444574547,595.8484411810721,4,1,-0.026637466282484715
990003,2022-02-04,9.41401728608984,9.877972043043053,9.314516299868938,9.775302903299178,90125540,843310232.448334,0.02213749973541151,822.7143242373104,4,1,-0.03337293074525974
990003,2022-02-07,9.866905245234443,10.033306758158572,9.68546725282893,9.815698857520388,114115236,1040661970.4943564,0.004295488662758336,421.741966730276,4,1,0.006856612225083511
990003,2022-02-08,9.797640520738183,10.201864925352393,9.670360790308225,10.114386454162881,81336871,787679195.7561358,0.03029217391504952,731.0357504211697,4,1,-0.02888233347627546
990003,2022-02-09,10.049515540188025,10.403595648998957,9.993302563093946,10.320473051528834,147773507,1568426156.2537985,0.022719666742860103,589.6313927266958,4,1,-0.028890378074153435
990003,2022-02-10,10.519930537925028,10.570003766124342,9.98293037272896,10.093850580493912,77992393,629874640.2112072,-0.022507209009516006,660.8055101903126,4,1,0.017009461800167932
990003,2022-02-11,10.230024179730368,10.448751367383295,9.543676629402405,9.684148751582448,94480566,835365385.9452429,-0.04156132083633806,553.5523832175087,4,1,0.009622607679150455
990003,2022-02-14,9.803478317875278,9.90867672463388,9.088958138775572,9.170001902139331,22957749,196470090.1830247,-0.05624047578202875,701.0252731396305,4,1,-0.03253577696940659
990003,2022-02-15,9.12776522122915,9.317047815265193,9.053730452574229,9.259380632174718,310615497,2407333599.56515,0.012107716106102817,1064.7561259370298,4,1,-0.01749403872401275
990003,2022-02-16,9.205802704806946,9.3870022707633,9.014786685767845,9.145157863069041,86751348,890665044.8329687,-0.01144313551951675,763.6120684498355,4,1,-0.024238729217501052
990003,2022-02-17,9.152301464713867,9.349115250650797,9.039058319478947,9.2294849490133,143622491,1326668270.8943987,0.005775491336156516,313.2864062193638,4,1,0.03927637446803781
990003,2022-02-18,9.278036362829955,9.495406652172797,9.028143522729705,9.26529716818345,250775938,2545677763.949164,0.003230408676597762,554.619920200936,4,1,0.018650736688026245
990003,2022-02-21,9.408017539935372,9.487034338557086,8.927663431120676,9.098398014127207,122194042,1202468085.4548028,-0.017433884331648043,373.68217674026334,4,1,-0.012794692846083684
990003,2022-02-22,9.126597411246372,9.250832218502278,8.841896293756843,9.000816771175224,271601126,2229633680.107728,-0.006546253963974655,919.2157835502928,4,1,0.01083436231607927
990003,2022-02-23,9.173413249350073,9.34318585042294,8.81216444665328,8.961029188812292,50072438,415008176.4211298,-0.005133666887742743,1049.1693016367626,4,1,-0.03496154915717399
990003,2022-02-24,9.072875111647063,9.107730461088712,8.780013775547525,8.882715113348006,471929559,3654046500.570269,-0.01330047228815928,925.0897566871713,4,1,-0.018762186329700937
990003,2022-02-25,8.825196210248977,8.98426917361522,8.763976604252516,8.94428037825934,206471978,1887504969.5432434,0.010096371315556813,543.0544009327842,4,1,-0.0003358228253971425
990003,2022-02-28,8.997749773986177,9.018285458941673,8.593157984521435,8.623189087379968,115550647,1054136706.9889154,-0.034917533299372985,920.5266129447663,4,1,0.007896514139353704
990003,2022-03-01,8.778451553303272,8.791095005620418,8.531435720421904,8.584511440805814,256028071,2360942384.7801585,-0.00644559547198056,638.5194893564163,4,1,-0.0051307048523835976
990003,2022-03-02,8.739947221489006,8.889060099298879,8.155291626320354,8.305213486120802,53996505,416830014.32567924,-0.0330930779301712,453.99957562324283,4,1,0.0030567257248662496
990003,2022-03-03,8.412697013104525,8.503215839649366,8.115584827751064,8.231152176775089,87767469,807878572.9368894,-0.005784526922881094,1184.9342980974834,4,1,-0.0009644873264142934
990003,2022-03-04,8.248301319804307,8.664629275455752,8.14090317176149,8.53287459066219,274004714,2186563494.8138614,0.035017116239970274,1231.8206962267716,4,1,-0.006697656159192921
990003,2022-03-07,8.514149855889602,8.57828952517305,8.512962808522813,8.553761589443132,34642062,305455935.4067611,0.0010327470386095956,1316.8286463906672,4,1,-0.00983941831323394
990003,2022-03-08,8.602592165301223,8.860537540841753,8.372335572340212,8.628576826926745,148023269,1429935377.3298333,0.012966464483934898,595.0252206767861,4,1,-0.01292314322812429
990003,2022-03-09,8.81264295757934,8.968636547571023,8.74180003746792,8.910324681861448,145771422,1198661511.7905293,0.030231091599997505,1481.0325086417802,4,1,0.0026757370813861206
990003,2022-03-10,8.9627785444891,9.186548584479716,8.675607483187537,8.899822336432697,348811466,3041554304.2114563,0.0010771704306220386,630.9179261290792,4,1,0.006915007324197862
990003,2022-03-11,8.985682756487316,9.094114339410327,8.957786714181696,9.057019974534,37055957,321557458.303517,0.017396244512359754,1132.685866967563,4,1,0.0018799567227019763
990003,2022-03-14,9.090589105280817,9.14166750080781,8.96889316741965,9.031707227423633,276839787,2146202938.771105,-0.003634376734884058,625.3624593491367,4,1,-0.030752825891634156
990003,2022-03-15,9.015264487060684,9.015264487060684,8.950275543449559,8.95092677569745,74698588,695426079.4720211,-0.011003961451997458,723.968360119099,4,1,-0.02649480676577349
990003,2022-03-16,8.95002128440101,9.156704459634286,8.79919375880436,8.997394519054852,77490974,713727672.4287734,0.006799006088881218,235.65366719519852,4,1,0.006632186018980787
990003,2022-03-17,9.013746718083201,9.071115965050488,8.820351544739978,8.845852354160758,50116275,444479048.42711586,-0.016200264815622815,695.7453885386101,4,1,0.03205650321763368
990003,2022-03-18,9.010115881215887,9.046807939941703,8.838928775876735,8.8773686807935,53551577,483325850.43973774,0.002158048305378154,850.2158433904215,4,1,0.0007911269228090996
990003,2022-03-21,8.885665086478705,9.05840638378116,8.813853666367553,9.005790319528561,138224816,1115890532.579858,0.016903484381147353,658.3942721313634,4,1,-0.012577218567136663
990003,2022-03-22,9.060541446448212,9.191102273345113,8.808762487189098,8.946186117753676,54447621,500807571.6174683,-0.009746422104390405,1987.3848739604618,4,1,0.002495692878089151
990003,2022-03-23,8.86102353215775,9.108780148026835,8.7037758556901,8.987751602644744,164850187,1454544664.9769697,0.0032376595424998453,448.4143231273302,4,1,-0.02976277627841204
990003,2022-03-24,9.023531171921677,9.674731320041266,8.838879222010375,9.467018341695065,64612596,690261101.397788,0.05587512466184867,608.7769029311794,4,1,0.0281999264060093
990003,2022-03-25,9.626009350424763,9.660951038482482,9.08575755226323,9.161413103779632,53992042,495756877.29707474,-0.032042027326899036,511.44635377018164,4,1,0.0016011349075937225
990003,2022-03-28,9.328925231047963,9.444409968203868,8.928836648408357,9.049741282192734,74790468,730724069.4402543,-0.013326651405637675,608.7160894042479,4,1,-0.018686611000196234
990003,2022-03-29,9.067096679264031,9.128801754023506,9.01440297994814,9.059651867105842,127236121,1133021968.784234,0.005923793501225261,1373.4179646863324,4,1,-0.006773921754229716
990003,2022-03-30,9.142912998116357,9.231811271090189,8.677915701207146,8.774014748443715,86278802,641652870.9785297,-0.036491972831209835,1724.6341231455672,4,1,-0.015311345426005075
990003,2022-03-31,8.756952134749652,8.88392119480879,8.654733427524688,8.88392119480879,103598631,985352532.7187114,0.007363985162869745,567.6017486471392,4,1,0.02826454990842602
990003,2022-04-01,8.875381370129247,9.008408645105636,8.65910894153893,8.782565494156442,171425290,1433794329.5294454,-0.005031781033227446,561.2019740382758,4,1,-0.007613931533927304
990003,2022-04-04,8.800593111990658,9.318219033574762,8.653545063999495,9.15367571089251,215463797,1755253095.7878373,0.042247927288931196,449.63819915321915,4,1,0.0008610463533492417
990003,2022-04-05,9.163556061515198,9.32333547716568,8.987061999696014,9.178490859766962,87955130,870592918.0707015,0.0009833766509575446,1580.0436701963056,4,1,0.010775867136731475
990003,2022-04-06,9.182357535383233,9.62591616903506,9.112762217853101,9.587189006456251,54644703,519019531.2058835,0.042650238795689376,1437.6131234769252,4,1,-0.020376587639278188
990003,2022-04-07,9.591722006670038,9.786239656668021,9.263427648003752,9.448999001487884,112317408,908419241.9261717,-0.013095194699054555,768.893635452247,4,1,0.001769762450698265
990003,2022-04-08,9.41986666003503,9.526565112683986,8.92328488176817,9.001416675495694,139160702,1297254467.1223683,-0.04137783083862204,397.9766450565025,4,1,0.003682907796802699
990003,2022-04-11,9.04171566691878,9.119196250954566,8.764165414147296,8.865419814630764,42189406,354044257.0431345,-0.02045820782987826,416.5787915246842,4,1,-0.03965144943187753
990003,2022-04-12,9.024106999333295,9.072058916999563,8.729813445540291,8.86106459652664,61367214,513252647.4800472,-0.004485800925293061,885.4220894624368,4,1,0.003167708632825053
990003,2022-04-13,9.049669252254748,9.12255109585724,8.78679394650867,8.832971212152056,65533323,568251912.1174136,0.0007113544697484385,1074.0853998959565,4,1,-0.0039055250549645186
990003,2022-04-14,8.728914845010863,8.892836372102586,8.4288702841758,8.584383584331963,92747575,832221224.6740034,-0.02468109198111515,282.58067056754334,4,1,0.00025909921046554435
990003,2022-04-15,8.497209176003734,8.603287132175423,8.338734048730393,8.455947724459527,65986557,528052392.965302,-0.017789856804599526,688.893273684765,4,1,-0.0019766037292080277
990003,2022-04-18,8.349606275624728,8.575167067532641,8.280446392019124,8.442709033425437,165025673,1428561997.3292968,0.001562546539456363,1852.4762259697043,4,1,0.003321122761627587
990003,2022-04-19,8.467023495115999,8.530373973523517,8.243090163625197,8.383667623173693,37789648,320598038.44546694,-0.011972732776352649,726.3633587000945,4,1,0.028872985774789837
990003,2022-04-20,8.44042828855636,8.664716474365667,8.146503950394592,8.396726222713585,41013553,340401436.026538,0.00595021217028519,1734.8692742384321,4,1,-0.030774400759168402
990003,2022-04-21,8.50644658493379,8.613698948358373,8.214662249912882,8.388798729663527,80958467,786926803.689809,-0.003002118867242911,1130.1152730696917,4,1,-0.010929742053618019
990003,2022-04-22,8.426470416590535,8.438330740276756,8.274973440309894,8.347673152125818,90736447,823551164.2812866,-0.0030443428444045847,466.6795532824951,4,1,0.012977338779392902
990003,2022-04-25,8.418204596004614,8.677197488848016,8.315237137334005,8.564815684956246,41622455,385126794.58324856,0.02537278265873503,699.0341047920132,4,1,0.008576565948554693
990003,2022-04-26,8.519088919666434,8.617779729568406,8.42707777467571,8.559888060240883,67930102,648403408.708298,-0.004626151732215066,760.0353217057155,4,1,0.008066551372701472
990003,2022-04-27,8.5164739436096,8.781642443987817,8.419540956792297,8.68634948720645,85525064,651408111.70505,0.017579385879821205,499.1573257401719,4,1,0.062436620802028366
990003,2022-04-28,8.665377723654462,8.789132594542457,8.595532760392068,8.730517510315394,77815551,691325706.4970464,0.006418312041322061,494.7536451840437,4,1,0.011733530349011052
990003,2022-04-29,8.571910615453325,8.916720167554647,8.48273238267591,8.76058353334734,110121375,1012753889.1777998,0.00462257199250955,1750.0870410216771,4,1,0.023981338949716
990003,2022-05-02,8.663578818490343,8.882841735405925,8.177874072831408,8.319341120789082,73769518,557517190.5789533,-0.04898183212426375,492.8646247919078,4,1,-0.010098367005157692
990003,2022-05-03,8.256155286852945,8.339097464955383,8.228654373547228,8.290796077357303,249253854,1984620105.6063535,-0.004670852927904106,1406.7459838982468,4,1,-0.02635224467206422
990003,2022-05-04,8.339837718681192,8.415287508057503,8.27590316637681,8.329945279642144,138826115,1084411235.571429,0.0019832666704426116,649.5722576427643,4,1,-0.010270076601754611
990003,2022-05-05,8.339425270031597,8.442549968819167,8.253170251552929,8.322279642517609,60292453,478272248.06246716,-0.002651806932224692,801.0644910560702,4,1,0.014051897779376002
990003,2022-05-06,8.35261224506953,8.40458789301831,8.140415910031862,8.209979850171658,114766579,902781542.5138594,-0.010450870035516348,1080.958146394568,4,1,0.0068205011465923195
990003,2022-05-09,8.06451024560312,8.732631721224157,7.902370297441749,8.52130406129652,116931808,961483922.7477933,0.03351066880672862,598.0057597857971,4,1,0.006735741274823846
990003,2022-05-10,8.35752293789385,8.56096306853792,8.17397551644264,8.325106265687449,226538141,1704262608.2075908,-0.018547235053840948,1084.3040492684588,4,1,-0.007900793889574964
990003,2022-05-11,8.386630487828612,8.49439402031067,8.249742552803543,8.381652949239847,73994000,592841519.9395312,0.005826356835744642,285.4437010984142,4,1,-0.011679828949649527
990003,2022-05-12,8.180743904361911,8.338185903189759,8.066772608217713,8.236036798082116,166820636,1322967304.0253644,-0.015715734800645337,1015.6779483073199,4,1,-0.007083475655224516
990003,2022-05-13,8.366001678902439,8.428706739476143,7.9535428851037535,8.05737711542784,103891849,901252947.9114245,-0.025735278314851565,230.01219462044017,4,1,0.014348500073633995
990003,2022-05-16,7.885974852898909,8.088543783694677,7.878800862877802,8.088543783694677,248192376,1975045034.9265523,0.0016553139222472985,722.9109885760654,4,1,0.017103580793712634
990003,2022-05-17,8.121572940879819,8.25134418400037,7.9284988474110945,8.039474200009881,243636845,1887514440.7079363,0.0016324043140442483,1254.7806696535165,4,1,-0.02666813805579455
990003,2022-05-18,7.99575959470296,8.128902433316537,7.699613700361336,7.852837235644994,121782864,941153555.2807318,-0.02598256773283262,1114.8024699715083,4,1,0.01524592086986206
990003,2022-05-19,7.928507265073606,8.095439245932848,7.005908068914116,7.209053606619597,85523172,606091884.9860739,-0.08493131044276031,418.33826470920656,4,1,-0.01824258290779411
990003,2022-05-20,7.410142082152874,7.62161686955681,7.3605717428725566,7.532568710496405,142011503,1083384888.0438676,0.050559505440632764,446.7690105986289,4,1,0.008292075445106548
990003,2022-05-23,7.397625587894766,7.552139172056671,7.318355350407143,7.479907183571325,91739613,594481342.2458824,-0.01098575402074312,571.1241601660549,4,1,-0.007370437566991772
990003,2022-05-24,7.517077569708564,7.760272219572726,7.453465995315703,7.67134609883211,273986055,2251819315.6687922,0.024253934989630858,892.4898117667399,4,1,0.034286960808504005
990003,2022-05-25,7.497827006416359,7.999295279495906,7.38363671405826,7.8827558781796405,110072304,808307983.5721954,0.02990749914150403,287.56731096274905,4,1,-0.012729040874869327
990003,2022-05-26,7.914475718195235,8.134574781325862,7.869600905381202,8.134574781325862,79477191,684302013.9725785,0.030972384950812934,806.1545629919317,4,1,0.0014119605712595846
990003,2022-05-27,8.110744607051448,8.399236572104789,7.969020506899346,8.259762425358419,74789972,594499825.3001131,0.012939661464508966,951.3518733647797,4,1,0.011554782175927985
990003,2022-05-30,8.208941417708807,8.341070304214238,8.143759397664747,8.28593462010595,45890097,407316427.4578247,0.0027938614360246776,702.4789077538251,4,1,-0.02353313943566479
990003,2022-05-31,8.177855900909885,8.222456749347954,8.10581504139541,8.16729743984646,134696947,1231704925.3326464,-0.010354190091412238,1061.0094472081385,4,1,-0.004547655082974069
990003,2022-06-01,8.24635732795686,8.24635732795686,8.149435606146533,8.149435606146533,61837263,542056452.7908043,-0.0012472300710465966,909.7299463660814,4,1,-0.009138852723819525
990003,2022-06-02,8.047218948763435,8.339919604481786,7.98567551302197,8.22351090961656,202579636,1665022117.489973,0.00987331655891927,615.6277638992382,4,1,-0.0149979766513982
990003,2022-06-03,8.378161409733512,8.619302084359285,8.176234221585025,8.431221046958907,45128190,397611401.809407,0.021375955495275357,301.99382534102995,4,1,-0.013242090327661686
990003,2022-06-06,8.401311112065823,8.637606413967912,8.195392914964653,8.418321224198984,116061018,991325119.7829616,0.003173189229387508,868.7714673422133,4,1,0.023532873992883774
990003,2022-06-07,8.347192160690597,8.644619810477828,8.184197613144319,8.545799597790419,209335114,2019271267.8119357,0.012869521021799862,499.01366628360415,4,1,-0.017006183062031503
990003,2022-06-08,8.735133488841749,8.868365172306422,7.976226426618883,8.146935404839759,28719842,211468121.49947113,-0.04735093800246172,604.2077778691472,4,1,0.01060242267225106
990003,2022-06-09,8.15211974493954,8.258226400079016,8.045424810273511,8.160681091301973,353708321,2610876085.7829914,0.0029018721178572103,1036.3032666650784,4,1,0.004634654859397718
990003,2022-06-10,8.327446932885177,8.467699588519048,7.857300688652154,8.00815022080533,77038795,775559909.8483604,-0.02022647137469053,1672.081471731291,4,1,-0.035928333306045564
990003,2022-06-13,8.11720173562831,8.1485479991565,7.7199800870638935,7.824828956342,114006186,856751135.4879471,-0.0273338376921691,796.0044715637248,4,1,0.009482908585527004
990003,2022-06-14,7.7141274486685925,7.804361520774909,7.608715092853365,7.684271335463865,138148341,1027136176.2319947,-0.01268602213902028,1076.6778549300536,4,1,-0.03632015466905451
990003,2022-06-15,7.681262125075897,7.723727990935595,7.569463764242194,7.621124451720825,166447308,1159127761.7185144,-0.007594681056816312,388.26171140558233,4,1,0.012064283811164873
990003,2022-06-16,7.627105897571396,7.662589815276991,7.571037113503449,7.611125120642193,117180606,751568000.15145,-0.0042038503043564,919.9021695150609,4,1,-0.014841044229374201
990003,2022-06-17,7.717772454282345,7.892361267473087,7.451218362100224,7.5882760754321055,200078807,1560329583.7935712,-0.0014559609707282522,787.1821829423532,4,1,-0.002622702658978977
990003,2022-06-20,7.607893654526116,7.676099629107867,7.372142125009661,7.455673591814374,140396113,1082147149.2320294,-0.019825458541827965,1519.1699784522834,4,1,-0.033494419900349674
990003,2022-06-21,7.437147203142594,7.50752108456011,7.104183023863786,7.141447732692422,321225010,2130835568.2984772,-0.03970482126078345,616.003579663217,4,1,7.936510369704105e-05
990003,2022-06-22,7.1307185460641715,7.290965947595861,7.086919318013661,7.269575504793749,135065187,1015736392.0573965,0.018782891580747977,717.4758438073937,4,1,0.01914699804047497
990003,2022-06-23,7.267509863951511,7.356997976767257,7.186503024749574,7.240828232559754,333756640,2618100238.0895057,-0.0008850529310776565,1392.7418309381883,4,1,-0.0219454478645824
990003,2022-06-24,7.333174377085986,7.54250059963204,7.177876547572132,7.359383362842496,183798448,1191125039.8914165,0.01603871111285818,774.3846697524699,4,1,-0.01721038383333821
990003,2022-06-27,7.362080491579103,7.5484855261764405,7.129909373795773,7.271563845148772,36516531,222930659.3748038,-0.011504653033193117,460.86306862614344,4,1,0.00795316176881845
990003,2022-06-28,7.252850524393478,7.280107515446154,7.04415833355192,7.076271512810177,555556295,3577705016.602664,-0.03116482099302238,2328.891746526,4,1,0.008545578179142484
990003,2022-06-29,7.018574856997913,7.0937963582992065,6.826414588754281,6.882397484580965,73364485,467130786.1384369,-0.024000764456511222,468.03666517502893,4,1,-0.06050914061778405
990003,2022-06-30,6.868671717404115,6.898257490045698,6.45057255635243,6.504443188502759,283197438,1634746344.6275563,-0.059851818468432794,785.2592043626837,4,1,0.044942550446712304
990003,2022-07-01,6.3999815238842555,6.524250360857457,6.218626936585729,6.33101089183882,104180662,636124463.9796071,-0.02427849168579592,968.6157689875258,4,1,0.00970530309644457
990003,2022-07-04,6.296511029237355,6.440640692301468,6.17577765045258,6.360360627469031,209816626,1292651860.115661,0.0051875496324172345,930.3277524234134,4,1,0.013695425813427222
990003,2022-07-05,6.468544302128745,6.5342525467879335,6.286461167754693,6.330537280201677,65064151,410336179.38201964,-0.0034932089273924044,736.7266980415911,4,1,-0.006222796029073085
990003,2022-07-06,6.341704801303227,6.5035564370675605,6.259384819074289,6.448759577240258,155635042,1040817568.9013176,0.015691649087456058,738.6022713061932,4,1,-0.04679142328272184
990003,2022-07-07,6.494005563950965,6.595636695552743,6.4219964478203755,6.504396725665366,78657083,587692496.218903,0.011510344079777092,719.9349021624178,4,1,0.013169383770321907
990003,2022-07-08,6.35605549585795,6.6035001689394415,6.212821139652476,6.463742831351377,257629702,1761808413.185257,-0.0058900083386622,459.196996506212,4,1,-0.016215513078551257
990003,2022-07-11,6.527634008244648,6.612834632811857,6.359259661817367,6.471195144094309,139138378,820175856.0234965,-0.003189207439138725,2328.891746526,4,1,0.010069754629715886
990003,2022-07-12,6.457286862248415,6.937598993496628,6.3405880656198175,6.839766688097181,172156249,1290999369.1881523,0.05871689429057404,725.444190091622,4,1,-0.008006413793014549
990003,2022-07-13,6.807129449457343,6.824536521333048,6.69189058589089,6.7294886083163625,28305214,176619385.15665886,-0.014962440465848686,1100.4748458678143,4,1,0.002820346627183032
990003,2022-07-14,6.761981749812148,6.860762429843992,6.666115645505271,6.77992931991793,103169890,698820764.1031475,0.005731874830810823,684.2188796915569,4,1,-0.021187806528278733
990003,2022-07-15,6.7060589012964344,6.927000254123676,6.585668536655499,6.741251456270277,130299584,957839485.8004041,-0.00444699590205883,677.2332932012296,4,1,0.01766434013345778
990003,2022-07-18,6.594124915503576,6.784876420048939,6.452689482571489,6.641403720873372,113446156,755763720.2875777,-0.01554797092132027,643.3178485335673,4,1,-0.030984651371237765
990003,2022-07-19,6.693427373210292,6.698240132321808,6.6570059303353455,6.657219598772756,182671560,1333415045.7745433,0.00479077888463153,367.9144818800079,4,1,0.05039723452391538
990003,2022-07-20,6.69972775139959,6.820269819675647,6.598392751118297,6.777404780807079,79142595,631984294.4643378,0.012198860275039412,747.7552470753611,4,1,0.05021662776838899
990003,2022-07-21,6.749412770560427,6.835979813526287,6.708639946108405,6.806144701863808,106599836,751595786.1674509,0.00956923904201296,659.4171006180574,4,1,0.035872699899005205
990003,2022-07-22,6.728635296340484,6.964238352803503,6.596729069021287,6.847325853068448,215132881,1312344524.8081384,0.0017667991378649147,1475.125708251986,4,1,0.027406851799781532
990003,2022-07-25,6.744731481226809,6.9457935704306495,6.623899992209369,6.866660205297059,25443683,151185452.74042147,0.00632458211240822,440.6430918406045,4,1,-0.004824729791792241
990003,2022-07-26,6.868504798345369,6.929464798344555,6.778862373434941,6.839115203034629,161560475,1127809423.0786793,-0.00599215603583765,604.5765298059814,4,1,0.024825242182059688
990003,2022-07-27,6.922424491296321,7.026447627753517,6.675327843482913,6.7840605926136694,81751166,593176646.5870962,-0.007905598979409185,513.1285748606762,4,1,-0.005100307592627553
990003,2022-07-28,6.784695288978619,6.78656331386389,6.608453854208254,6.661607175251775,63694842,375495018.95458865,-0.018858671655544265,1693.6998964540949,4,1,-0.03963814756502768
990003,2022-07-29,6.5502877005905065,6.636239774055194,6.499437857649836,6.589518875680766,121089674,940422946.1427321,-0.006882899744467723,520.7904003088877,4,1,0.03280369478158434
990003,2022-08-01,6.594855893694378,6.828869482572673,6.52070093440888,6.740512885471449,220973637,1436928582.1576211,0.019002347289157583,1081.209246118237,4,1,0.02393125460689937
990003,2022-08-02,6.731193025525642,6.8525765691165645,6.474423608148126,6.593314366069375,207849088,1247197628.2032957,-0.023340276430017626,1331.1857468180676,4,1,-0.003563712276965239
990003,2022-08-03,6.634818330100878,6.639340504375118,6.613770497353298,6.639340504375118,101170173,653327551.8691211,0.011222579677976628,753.3069603515404,4,1,-0.03185690617413646
990003,2022-08-04,6.697169809810345,7.15842905795958,6.624339206549829,7.10992302437315,173860267,1190752842.5963736,0.0702495556589953,401.9170604511726,4,1,-0.016713496367394876
990003,2022-08-05,6.891175377494234,7.3050808203855,6.76127710908357,7.161406683400842,181666978,1228368610.0982113,0.008366666401532531,404.52393169608956,4,1,-0.045980722315909786
990003,2022-08-08,7.2074290771596425,7.2074290771596425,7.192685484561206,7.2004986849444945,100664419,757470584.0202032,0.0051025042355470175,1258.318328086147,4,1,0.019576675124690635
990003,2022-08-09,7.132751466170491,7.244642303781762,6.986140402805047,7.11969485292077,66250864,494138912.0986922,-0.015277626938105825,426.49663261019305,4,1,-0.040818165284696624
990003,2022-08-10,7.0181443781417165,7.138330125038874,6.908369730039004,7.039773545624894,72711392,508134701.32216215,-0.005844229864861528,991.2757475553557,4,1,0.003976666704897731
990003,2022-08-11,7.000736534221357,7.25874611514849,6.884464163860382,7.061260706934822,189687247,1304670018.5104692,0.0029274059430621246,860.3637507377839,4,1,-0.022815870762735245
990003,2022-08-12,7.0900698172040215,7.154304446598186,7.0116762779610635,7.076819502883184,103741165,709300300.3644394,-0.0028974542282996026,983.7739102599305,4,1,-0.03663275290120079
990003,2022-08-15,6.938430563780876,7.0273507839825085,6.8134630012124635,6.888957614373508,56428154,334883603.771626,-0.024628148430779293,1032.3260770187035,4,1,0.0028278288052607102
990003,2022-08-16,6.9137973052335875,7.046113483349504,6.609549966940514,6.761278663279918,38390717,220725171.24006614,-0.021457654273342067,503.98189951002803,4,1,-0.010731783684094392
990003,2022-08-17,6.780615482801925,6.807031297550611,6.735408869057065,6.747406246033652,160260754,1208021729.6414435,0.0030839504796406647,493.3259505478419,4,1,0.017043424535073213
990003,2022-08-18,6.754959145068611,6.9293070732826685,6.713122905663215,6.876691622875545,76170103,457908078.833687,0.0179855083723686,1168.7291849031328,4,1,-0.03286225087994793
990003,2022-08-19,6.806341867192056,7.094350614680115,6.730151165865117,7.0115779664917754,120790745,901871169.4586481,0.02122191727884221,588.6829095960682,4,1,-0.02076876325169016
990003,2022-08-22,6.952990679065508,7.0392311741583615,6.776972440051413,6.867037213626534,215284888,1552927096.6005332,-0.02218894022377773,199.1322448726969,4,1,-0.05940624807865799
990003,2022-08-23,6.94421368361545,7.079216067465747,6.754913109977411,6.85122643806597,51786638,368781756.21796614,0.0015371741607268072,1129.9476697601172,4,1,-0.05458830352218121
990003,2022-08-24,6.768516650847065,6.952065164699108,6.662377925955521,6.842717407198401,99884686,681223085.5126883,-0.006147246504333573,478.2632203927445,4,1,0.03979475006923078
990003,2022-08-25,6.899835777577819,6.9953427564406665,6.849683481742359,6.955967892259233,90226615,618924634.2583134,0.017284964411456386,1029.9863353654646,4,1,0.04655864453776147
990003,2022-08-26,6.937686067307439,7.014846649010535,6.647551362666574,6.750714899962854,138715488,889734786.9616537,-0.028767810646939396,1651.3158236550153,4,1,-0.0006234616471718977
990003,2022-08-29,6.744921484381837,6.969496386743411,6.622305958892507,6.839921825515277,211245893,1534612246.384521,0.013889383324832083,818.5815192485312,4,1,-0.022345095749094084
990003,2022-08-30,6.704924038041084,6.892587498271161,6.662155771605381,6.812274058114009,45119710,320336115.59697926,-0.003035614589007299,1348.6794511484416,4,1,-0.0098940055062733
990003,2022-08-31,6.820764368754173,6.965591542563988,6.724071207682652,6.897821172981575,156509033,1036188690.2384796,0.009276883266735583,877.8524276674151,4,1,0.017882023588299614
990003,2022-09-01,6.9238080874883075,7.025926613768343,6.487013207074924,6.52909298826809,195746460,1187840020.0985937,-0.049852706269233,1823.5540013026782,4,1,-0.015011616413153949
990003,2022-09-02,6.473252260705526,6.5618844690417815,6.3815330156251004,6.486327823217392,85554637,614395806.4424452,-0.00989044455304188,471.9931123845606,4,1,0.002810736308994016
990003,2022-09-05,6.519701928959909,6.530741177482388,6.4712421444032024,6.525304493247457,98217863,661907941.5767424,0.002878150166972319,808.2170633736549,4,1,-0.003123308393786359
990003,2022-09-06,6.519348342682143,6.665702084452676,6.353838705520509,6.555457172702163,131634024,800696836.4135361,0.005800682001145847,1144.0995729846247,4,1,-0.0163014142481908
990003,2022-09-07,6.480831367468975,6.550361954828527,6.36007399366695,6.390844259489208,138272362,900767806.8371443,-0.019262111591673535,736.4756252759929,4,1,-0.015291355467521838
990003,2022-09-08,6.460124192988721,6.59160490997056,6.337935615980366,6.46730945794134,143944443,966302582.3148471,0.01000274474218759,1460.676717233224,4,1,0.004130474652252535
990003,2022-09-09,6.315945906363373,6.586476396743671,6.281883012298409,6.54277930182662,154247033,947350702.8325645,0.009732326611595196,651.0473537595617,4,1,-0.025972482808439445
990004,2022-01-03,32.09513538156759,32.55365596471866,31.355934354199537,31.786672096285727,37834986,1195861553.6694615,0.008881251797935747,644.4938351481269,4,1,-0.004521185047370821
990004,2022-01-04,31.738380696307296,32.4381890704899,31.34455856550407,31.92382807602127,15993003,536077376.57632715,0.0018669947210712642,332.7762200020877,4,1,-0.005717916030266494
990004,2022-01-05,31.430030158370382,31.64674255768284,30.925029326022234,31.249421334005778,126094834,3745829005.6629295,-0.018679127003745893,361.98393117895125,4,1,-0.026289756071504113
990004,2022-01-06,31.428915551163005,31.866752736648355,30.337301511086626,30.95620148252001,45832082,1393089204.1053238,-0.013994101519330424,398.2126901420405,4,1,-0.02727781297682694
990004,2022-01-07,30.725836891685447,31.45823853432383,30.68134997878023,31.45823853432383,17424121,521962213.20734125,0.013102748643662126,537.0754453550339,4,1,0.0473079841608384
990004,2022-01-10,31.281986880551187,31.70783962479422,30.590167904720293,30.96659639724552,60635487,2071496408.387085,-0.01121503556950176,445.71595654819697,4,1,0.04825867185828663
990004,2022-01-11,31.069952579196343,31.91786525795607,30.504040659477855,31.28562000662544,179023475,5334689220.526542,0.012565888654600026,403.3991860350341,4,1,-0.001038023321237425
990004,2022-01-12,31.16568332579749,31.58621206549765,31.09073943180686,31.428009613821775,25355347,750381402.3501399,0.008385415507253854,532.0440419230226,4,1,0.006425336653019549
990004,2022-01-13,31.55837027361258,32.44115146667362,30.96688295272409,31.738080248940296,375030142,11647950865.209824,0.008145117643195242,557.1038392725897,4,1,-0.026729409999486423
990004,2022-01-14,31.778862002988376,32.6226321846393,31.778862002988376,32.61183920089924,36213525,1093007498.75831,0.020893928711909503,461.94769184604394,4,1,0.01590785918211051
990004,2022-01-17,32.858894501587066,33.66669100938237,32.69054555413303,33.234761158700664,70285303,2377108968.117757,0.02437878603457507,396.32138626776464,4,1,0.04524630510396972
990004,2022-01-18,33.22663942650035,33.591777821024706,33.22663942650035,33.416617818975865,28258528,930811890.6480113,0.004146979600223766,488.32229767820417,4,1,-0.04113167774826911
990004,2022-01-19,33.028851143476054,33.7203543748725,31.158588557099655,31.884941773764737,71999575,2251133696.254832,-0.04779144788922037,443.29733547559425,4,1,0.011214767342470474
990004,2022-01-20,31.34514482973613,32.805900193529695,31.277259040903218,32.68024199184514,63269044,2096096291.4177854,0.02325264482684946,442.6381851334894,4,1,0.013188190033669318
990004,2022-01-21,32.60961926448025,32.72347618792711,32.39792506271502,32.41495027253786,21769223,777104602.7876427,-0.004780022044067228,420.14868099267085,4,1,0.012888371386939008
990004,2022-01-24,31.97237910935284,32.428082901597534,30.982338658642657,31.401503228442834,499235931,19176870786.837288,-0.030867145128537554,553.7538396267652,4,1,0.04217788370291062
990004,2022-01-25,31.037420115083137,32.184572797427286,30.632873721173326,31.896815119127734,48112109,1450563360.6430628,0.014806046223387676,486.4125675422244,4,1,0.05250476409235664
990004,2022-01-26,32.233913730133295,32.82329642416114,31.972973487950863,32.55593865943141,46317532,1673018572.884106,0.02209345410863023,565.6537507133919,4,1,-0.007100632951220413
990004,2022-01-27,32.75052164387103,33.334104477492254,31.164754720163376,31.774608778626245,151958031,4415183961.805042,-0.024104786207083097,599.268267244899,4,1,0.016711495854679737
990004,2022-01-28,31.71028351952784,34.82140462111565,31.700202635016133,34.78782776320419,283239740,8430193115.529231,0.09267446143019581,506.3465782241628,4,1,0.0012437843326456393
990004,2022-01-31,34.794306341175954,35.10071511474147,33.90777946846825,34.13008016063578,171764528,4876004848.053708,-0.018462962461261626,420.6271359785059,4,1,-0.01757015306681467
990004,2022-02-01,34.16047328424639,36.25825895739304,33.97557356527105,36.0844640577389,26953416,986563762.3132042,0.05316473889152338,566.1563995400322,4,1,0.006144067483080087
990004,2022-02-02,36.27812111748963,36.76349302028473,34.97433282716708,35.60325476316323,82212947,2520740402.6158957,-0.009998200711269908,506.99704456619713,4,1,0.01666752673627178
990004,2022-02-03,35.7537521999088,36.56026786135912,34.42479827770841,35.28861485626269,17912019,639523715.7013549,-0.010246152061276931,764.2951829570417,4,1,0.0047288384693550635
990004,2022-02-04,34.27050579521705,35.7787977364261,33.634382658331276,34.999326920676026,137476323,4138204294.366913,-0.003779880504607429,492.07203586470206,4,1,-0.024111532437723796
990004,2022-02-07,34.92416427410005,36.110073671108346,34.457706591399685,35.73299784679258,20200763,770456001.5443958,0.017706034265939277,530.1015440265891,4,1,-0.01314329311807881
990004,2022-02-08,35.96262626740951,36.682508725830644,35.70170939584824,36.586559676437595,40304218,1295529599.8610952,0.02644682325319275,490.21549650255946,4,1,-0.012942291656150035
990004,2022-02-09,36.2510020256471,37.041131903110184,35.78458608251571,36.28798291947533,68160080,2394639072.8644285,-0.01037769290278807,454.87269577655076,4,1,-0.023094150849154626
990004,2022-02-10,36.240309352312146,37.601637435984216,35.499545485804475,36.890280194278496,95326058,3576931601.000828,0.016002674496350382,441.1288378137522,4,1,0.007266192966094913
990004,2022-02-11,37.112699333704235,37.81293329525111,36.1245151464293,36.77512212859975,52070261,2402914497.236476,-0.0018484597725257719,490.57532774046797,4,1,0.010012648602520031
990004,2022-02-14,36.75255512021189,37.860211063884,36.11474626233323,37.28872490171973,215132902,7418874008.125961,0.009208183535618373,512.4315884119534,4,1,0.024757204732030955
990004,2022-02-15,37.734701527063265,37.736314579625954,37.02272053857076,37.32799451824989,114674340,4417898923.763723,0.0030082938320756696,578.6938390939079,4,1,-0.0234927908145683
990004,2022-02-16,37.73166565100839,38.04702684426579,37.24543728879352,37.70226546332031,112227528,3918914743.043764,0.010531855569956299,491.9536808076663,4,1,-0.016135196501938558
990004,2022-02-17,37.463009847716435,41.726768688897145,36.75249417015865,40.89748010420872,28028536,1078833813.0474558,0.0856431576296714,424.1648300179148,4,1,0.039860163690775115
990004,2022-02-18,40.92482518321294,40.92482518321294,39.77921978975682,40.00587495121218,240062857,9245056238.676758,-0.02374869875318081,435.3977634589274,4,1,-0.005288761345939393
990004,2022-02-21,38.618748724033054,39.993900125323314,38.580465182108014,39.47331676445214,37798585,1557220328.2183056,-0.006978342298771529,359.542728399337,4,1,-0.0001771492768505242
990004,2022-02-22,39.55952806606076,40.474178484210746,38.88068842168157,39.957897931171935,254296112,9150562845.799469,0.006608274293426315,637.8411695292689,4,1,-0.0055673623686028646
990004,2022-02-23,39.321209314452894,39.62200570724824,38.336165270502825,38.65218590309174,298546640,12945962436.0345,-0.028099401040588366,417.8321447109584,4,1,0.028789021731435487
990004,2022-02-24,38.775543591090745,39.00383860580456,38.59345071591423,38.63691756526747,92300128,3921544479.984719,-0.001249456241082349,558.2873022732597,4,1,0.029807469819430762
990004,2022-02-25,38.707989250250215,39.60864576374775,37.84047943823134,38.89705524276605,149898817,5430481863.583338,0.0044687987735434875,488.9109009929435,4,1,0.02826840485511934
990004,2022-02-28,39.12117273966101,39.77170687706441,38.25393018947189,39.00735615278502,6816563,280810201.86452705,0.001491563239508755,491.47021608434045,4,1,-0.0002707376273784392
990004,2022-03-01,39.47129354114733,39.795332995512126,37.995219199147854,38.22167625670941,55285151,2073110261.1231585,-0.01545357804448141,453.2719998802945,4,1,-0.023881850749546744
990004,2022-03-02,38.22951578683515,38.546654453479704,37.384333928445066,37.6517213108926,145613016,5958333929.562296,-0.01617606651721072,398.4919096324732,4,1,0.04959461713012582
990004,2022-03-03,38.5318176635694,39.38104720118724,37.19104558759672,38.08050078172239,136598562,4578421295.060851,0.01015423591987438,384.88805435292306,4,1,0.02152129689654609
990004,2022-03-04,38.10275532280192,38.47437800891711,36.2644289248783,36.67832692037571,27765767,964686817.7779561,-0.03627421527222091,646.1302680969848,4,1,-0.012962030394849486
990004,2022-03-07,36.1232616181067,36.932466003121874,35.40730357832634,36.12835085017377,49193939,1886941842.1796556,-0.017040679588150788,473.8770689837846,4,1,0.036426175925390505
990004,2022-03-08,35.805401320396946,36.46232893406953,35.23717164004404,36.19992816502162,10407931,392387486.1222611,-0.0031575139346179996,575.4669021552304,4,1,-0.015035543607300817
990004,2022-03-09,35.73647061793538,36.434633724702984,35.50495409531402,36.03500072276948,97927727,3429182925.246678,0.001444678234396469,604.8844792325232,4,1,0.03608171653723402
990004,2022-03-10,36.18756549014783,36.429348065467636,35.507273713190784,35.73785453342658,16753154,674512471.2262326,-0.005952677617761337,428.4275930448132,4,1,0.03785664497133235
990004,2022-03-11,35.48211903892408,36.38183829977801,34.67238178146443,35.62628983847505,155383512,5751663574.518153,-0.0019997226591533628,502.9081413427365,4,1,-0.02516999845030744
990004,2022-03-14,35.62107341913433,37.07994269494586,34.823368408520544,36.27164597248389,171297298,5769670441.049577,0.016135620087744204,467.64172891603056,4,1,0.01431059484767714
990004,2022-03-15,36.37989423674812,36.37989423674812,35.72319724797125,35.72319724797125,50144080,1795895720.1423998,-0.013906914966598832,371.18040439369076,4,1,0.01957468072081885
990004,2022-03-16,35.47259919686767,36.67996503232793,35.08296765924697,36.27119558657542,105292497,3498310019.3157268,0.012484005520200748,447.3861287157559,4,1,0.06770855277444669
990004,2022-03-17,36.565636514692905,37.847591669789395,36.09011391687782,37.307325774303926,50177132,1874479049.1125064,0.028598113528192838,519.0016857658294,4,1,-0.020464034697088466
990004,2022-03-18,37.5131542353483,37.6546645603797,37.21191134121392,37.400522325851284,88670155,3058311103.764729,0.004334729907715586,421.22952886779325,4,1,0.036655311278551386
990004,2022-03-21,37.933688635808295,38.37077943137963,36.98103575199658,37.51896870666594,30361341,1073083617.2393591,-0.001725359296170097,435.5660095900096,4,1,-0.0005129303014019156
990004,2022-03-22,37.30027683468303,37.376613288930805,36.785291776519706,36.90778819480851,121182955,3985392892.4754953,-0.010929848478439853,448.4284995442255,4,1,-0.03357125101007614
990004,2022-03-23,37.39429216982165,37.80445372995096,36.024840341619615,36.385056893680556,19673924,766288317.89436,-0.01537804381571711,695.4380740092214,4,1,-0.004119800701481119
990004,2022-03-24,35.909735737140686,36.77546563737488,35.516849034406206,36.52514266837872,16253550,668487132.2153938,0.0023290065155367324,325.89306554292233,4,1,-0.0009037663839540714
990004,2022-03-25,35.91851795087119,37.07394903428395,35.64523622700523,36.869735889393205,62491131,2428121528.399079,0.008924764394459222,510.5127593426657,4,1,-0.028778818494587494
990004,2022-03-28,36.401968467950205,37.16557126129599,35.983861773924836,36.858339210671105,57698013,2236687739.523819,-0.0010779470165581612,441.59119650065725,4,1,0.007230317802181461
990004,2022-03-29,36.6296229347428,39.08198476756907,36.61174166164291,38.90345104750744,86165991,3366181198.638857,0.057276578425318164,409.92068285784774,4,1,0.02418706440664771
990004,2022-03-30,39.39862249301814,40.2410530474046,38.389890961537326,39.30491623809841,44685845,1677184788.035105,0.009064485763144425,439.5143402026569,4,1,0.005287517949882338
990004,2022-03-31,38.984495503168034,40.15438373208758,38.47649293688434,39.60245010912141,271597961,11251897593.472462,0.011032517423162847,527.0244710231711,4,1,-0.015199302020869644
990004,2022-04-01,39.42772143795824,40.527628400443014,38.085745575088616,38.9876030551715,75944042,2784418587.0344324,-0.01863698762547118,532.8406914307658,4,1,-0.0048679180291726866
990004,2022-04-04,38.814021270594665,39.23341449202229,38.488875357715784,38.93435834012201,83177135,3237984312.793834,-0.0013390622346571245,480.481937681291,4,1,-0.0010878251200945514
990004,2022-04-05,39.07421471561901,39.42630740543008,38.74216367962233,39.123700427735926,77952492,3528889621.3851247,0.003644567430999469,571.8837334418939,4,1,0.004739158561110152
990004,2022-04-06,38.920098145994224,40.542307503533934,38.063123425655505,39.60780879964907,140245781,5607112646.199287,0.01883672929041242,591.5519802342372,4,1,0.028179703632126383
990004,2022-04-07,39.784065249898234,39.784065249898234,38.82775857285899,39.10409105460443,109690850,4178199225.8242745,-0.014223512548322959,542.3235813928907,4,1,0.006173629752620453
990004,2022-04-08,38.74239968777408,40.072253466702115,38.12421950656937,39.77380512912154,100464923,3687060787.5607147,0.01361231373039799,417.42938689409726,4,1,-0.03780842943471252
990004,2022-04-11,39.43677263147608,42.06726002865189,38.88861824709607,41.252318650263156,123635812,5250046546.877202,0.04441879589125494,509.8070847510589,4,1,-0.01573710226858359
990004,2022-04-12,42.01340636036203,42.11754314627513,40.523802671633106,40.686538869373344,17744427,755415398.8144801,-0.019909525171506338,510.27330431099836,4,1,0.0033918183146478434
990004,2022-04-13,40.738287223229875,41.26437893478226,39.74180801505121,40.35791635033278,16429704,795260851.8487713,-0.009200976569421973,396.3661576522551,4,1,0.028555108923191044
990004,2022-04-14,39.90063012637677,40.65067630588699,39.193713653157566,39.663251901413894,64129483,2611914534.976708,-0.013992849384630215,342.90222901703544,4,1,0.03311768110817537
990004,2022-04-15,40.098519259940566,40.92425970721322,38.69989613105848,39.28739263250358,56849878,2427453657.0004992,-0.009766108828963541,314.27813811563425,4,1,0.045641209767941296
990004,2022-04-18,39.0861632724604,40.28788600157091,38.46088164294348,39.586883282434314,103895555,4374389800.413178,0.00892357894616208,469.8790034969348,4,1,0.002461910462082404
990004,2022-04-19,40.30043314522656,40.999843951183244,38.95637766484371,39.68367355155345,67003998,2838018703.4845924,0.0013359691125278106,490.93315149815726,4,1,0.01907878291808261
990004,2022-04-20,40.15283904800894,40.82029411744359,38.28802468347208,38.79640511265684,104623151,4032962633.5787168,-0.02241524307035264,369.4317386917969,4,1,-0.0391679646591925
990004,2022-04-21,38.800391489182736,39.9822572402933,38.61503884720343,39.64000004546031,25952896,1098733866.80701,0.022133503993146324,566.7771106348205,4,1,0.010321757991154625
990004,2022-04-22,39.14415298739629,40.9749306435405,38.093045606720985,39.9377750973851,63441544,2631578143.5534396,0.007622645085758555,477.37246263810323,4,1,-0.029208857047264867
990004,2022-04-25,40.91592527306523,40.91592527306523,39.91910807228316,39.99417775880382,27082691,964110733.7081243,0.0004770916949773979,600.7806076572922,4,1,-0.0026110073757818664
990004,2022-04-26,40.284624410204636,40.284624410204636,39.94189534409688,40.052746475930746,86360196,3802305818.9346547,0.001488679313897816,497.81732812345405,4,1,0.07860610663014002
990004,2022-04-27,39.8328824443736,41.174175482518294,39.3679516901715,40.80640564118273,17203783,600508691.6590768,0.014437424445063152,377.72105751870936,4,1,0.007003941376570529
990004,2022-04-28,41.23580663617954,42.045010673165365,39.78107719061511,40.64140128978284,92438519,3749748765.9984,0.0004782652447109778,506.27854711315223,4,1,-0.023655385667118754
990004,2022-04-29,40.83312830749664,41.541244142257355,39.86687135681563,40.349936444546145,24296182,864979670.3603432,-0.008636696092038588,527.3013230804125,4,1,0.00974152659956247
990004,2022-05-02,40.684995776978845,45.8311519226894,39.89715607564061,45.04664525686344,53600875,2195068831.6761694,0.1184582676558092,417.314610426303,4,1,-0.014548780295534434
990004,2022-05-03,44.794689894226,44.794689894226,44.745991309104866,44.745991309104866,133792343,5748936260.814195,-0.006648994800664451,351.40071078276276,4,1,-0.026201144472893387
990004,2022-05-04,44.839521470854535,45.91905230585114,44.644004228854854,45.42919893249585,83654316,3888314802.3787847,0.017539911177800897,472.63475227637116,4,1,0.05426761479493591
990004,2022-05-05,45.04051953575727,45.04051953575727,44.92115099754217,44.92115099754217,21808737,905370245.7443482,-0.011447153613822439,382.5054412622073,4,1,0.02704987472594708
990004,2022-05-06,45.35635102672409,46.162265327904464,42.433826595139095,42.98663525666474,42586182,1748719801.7593777,-0.04376373727593399,574.9830817933132,4,1,0.008106552026315494
990004,2022-05-09,43.06390043451228,43.8524554368798,43.06390043451228,43.77488927983481,20604055,935847708.6194423,0.015505835371517427,428.72983034847334,4,1,-0.011259208674260916
990004,2022-05-10,43.80784589323542,44.2553645716332,41.936350088870995,42.19525255734969,19164878,765652965.8050108,-0.03780230081999366,645.6510762279922,4,1,-0.009130965345718802
990004,2022-05-11,42.07938909774503,42.78391555954738,40.71785731515207,41.193495649066456,77076816,2891785942.9219465,-0.018131197408743006,308.20999817845166,4,1,0.0395426996201019
990004,2022-05-12,41.211287239749765,42.105014074925606,40.39415288090539,41.06145320559876,99854177,4430788060.045406,-0.005675373587947152,475.77745610360375,4,1,0.007083344299978078
990004,2022-05-13,40.83964230412789,42.80860106147576,40.29930791490702,42.168524409469455,102061823,3467875040.695077,0.02864565656622259,610.0733526887074,4,1,-0.08193420677449306
990004,2022-05-16,42.60297207672018,43.23898380318403,40.53065267211134,41.20818766393458,106004566,4038837010.277182,-0.024929926639270007,390.718623124088,4,1,0.06261417515747572
990004,2022-05-17,41.76345484835917,42.53212458678956,40.201291673680004,40.95292399864373,68012677,2684750818.424125,-0.008852262067954936,449.6505943933328,4,1,0.003839385165874626
990004,2022-05-18,40.50035008396093,41.19216471565946,40.11297265403007,40.747776986695854,59037352,2411142868.115821,-0.0019765779439307484,429.07108555050945,4,1,0.008049622438702582
990004,2022-05-19,40.99586930835694,41.53064549497068,40.830331102861074,41.168123096426974,30788250,1225657437.9236727,0.00950875760201591,406.5386337107574,4,1,0.027572069234214836
990004,2022-05-20,41.24501148055704,42.02027221207159,40.482447156792844,41.233907540605976,49891276,1861964465.7422063,-0.0014036112872122409,485.92157608727086,4,1,0.011254675679565044
990004,2022-05-23,41.00656133994286,41.78415412871479,40.25723104975767,40.96543403725215,27058504,1028918624.51305,-0.0045311340328725615,361.4494497700934,4,1,0.0186480444539111
990004,2022-05-24,40.34566415109858,41.354892366410404,39.558432898252576,40.5769497275277,34028053,1549297636.177038,-0.007066663915149866,453.83655934979447,4,1,-0.012097023672866344
990004,2022-05-25,39.96717155807005,41.019981296480516,39.59331000902296,40.33120671194456,71888054,3014842000.9736333,-0.007882524404808017,511.9218664709972,4,1,-0.03326741056223609
990004,2022-05-26,40.11649831959247,40.11649831959247,39.31622024559872,39.38647570313385,65255592,2214436750.667787,-0.02149440966199791,444.8479454910173,4,1,0.006391434916825899
990004,2022-05-27,38.62022960878373,39.37534336991969,37.41439495099357,38.14647914228065,650436099,25220996253.26917,-0.03389824831874032,382.5525263295309,4,1,0.036630922206509826
990004,2022-05-30,38.64769998461194,39.10001924664897,36.99231298186763,37.57666209722777,27299733,1007727161.9273579,-0.015124295154290854,565.0549511182497,4,1,-0.017982157872532233
990004,2022-05-31,37.598029100301254,37.91206637697682,35.452277716530894,35.61217251526823,57412501,2059475738.8466947,-0.04870156204441525,533.4277343645098,4,1,-0.020089065379941626
990004,2022-06-01,35.75369034900112,36.28805413873321,35.236658102226336,35.98723165186159,21989592,901926862.9042852,0.007415754751630311,379.5510620706257,4,1,0.03109991912407303
990004,2022-06-02,35.186496123599,36.36588132460326,34.94841311877534,36.19334171782462,53368906,1860252446.0606625,0.006316247816538596,361.540759934332,4,1,-0.012977426768587279
990004,2022-06-03,35.49280946875262,36.99462667836714,35.03847779985664,36.35640604077134,55241966,1902765362.5787933,0.003176347081424536,386.1187709661847,4,1,-0.011751300746556712
990004,2022-06-06,36.33050745911105,36.67412089556127,36.30640097900139,36.67412089556127,125813878,5286887639.167594,0.008161506457344363,514.8087910617429,4,1,-0.010768629553127733
990004,2022-06-07,37.20905197895751,40.31618865418238,37.164000920889,40.098917334049546,50091634,1841410451.3110173,0.09415770813826388,488.8190663511544,4,1,-0.0026751375618413184
990004,2022-06-08,39.650672754274915,40.27082321769041,38.25869222771434,38.56810238518057,61577609,2311877348.466013,-0.03667337363147897,539.5919745589671,4,1,-0.04229797582931017
990004,2022-06-09,38.83765023823522,39.71539412646439,38.035802417314116,38.776722330946725,47784143,1961748588.6994393,0.002927340590384378,435.4566420706367,4,1,-0.015133538456500487
990004,2022-06-10,38.54565722499052,39.53578607345768,37.6363081761249,38.77730473872291,23559392,998242180.4704651,0.0036341788838046645,388.1417823257289,4,1,0.0050818043893479155
990004,2022-06-13,38.866337702568345,38.866337702568345,38.62571188419701,38.64278225506973,42727440,1741417581.0674663,-0.0025749280755606434,553.1016202766032,4,1,0.004894542405588181
990004,2022-06-14,39.29801338230984,40.44654829875593,38.492397350949666,39.42651887909205,53945437,1919627564.794277,0.024131759177262922,416.84777818644767,4,1,0.029444621035725392
990004,2022-06-15,39.47006551646044,40.54515604316067,36.76891551283042,37.54305900048787,67919560,2775599823.277709,-0.05372393816562799,480.5309439782341,4,1,0.047340648454012604
990004,2022-06-16,37.33206132024634,37.69521118022189,37.19640253912002,37.38951250459218,101964949,3504256396.4347076,-0.002590749193691947,344.1910861587767,4,1,0.038754831694836865
990004,2022-06-17,37.973480247314576,38.080793945779625,37.31744270603351,37.467294603386215,56806662,1912651559.993718,-0.00036141386687736713,415.5392564473244,4,1,0.023053607559702743
990004,2022-06-20,37.38392574036268,37.84144206556846,36.8099091584677,37.084068774951305,57957838,2209522490.164813,-0.005520212084922553,562.8036247304855,4,1,-0.004874812823833864
990004,2022-06-21,37.66611838201007,38.33895959798818,35.84848327042273,36.50567852214269,19303697,723130496.4010999,-0.01820690572510492,404.00699362533413,4,1,-0.017332566257567704
990004,2022-06-22,36.297719385922775,37.367999817711635,35.483161717765846,36.60467789855123,98770190,3359545037.1916485,0.0004730377993960261,542.1286309836436,4,1,-0.000498947155450696
990004,2022-06-23,37.038045416916404,37.30466432056643,36.00164601547685,36.21218896558273,43545282,1624038246.4826996,-0.007748202366326563,296.1884721247466,4,1,0.014410934238730301
990004,2022-06-24,36.389275454542606,37.24478314699687,35.430597350359875,36.25658090452542,115054414,3998623086.805455,-0.0016534734323178574,416.3720083886364,4,1,0.02061858438379433
990004,2022-06-27,36.37501309685656,36.37501309685656,35.906024813510875,35.97086476766145,176978636,6064029800.108405,-0.005960926103642313,448.60189084014496,4,1,0.015396003903402206
990004,2022-06-28,36.04730015145597,37.006405837114855,35.77337984928411,36.71553476220446,54778372,2408219481.60172,0.019631828633781465,647.8786375799488,4,1,-0.004151009833985103
990004,2022-06-29,36.50219805858724,36.90658716009307,34.73677044689951,35.06575171272213,31078540,1125647886.7044861,-0.046132268611932696,370.3359919713574,4,1,0.019697372291250164
990004,2022-06-30,34.93206496343396,35.60249927650911,33.711861306907196,34.351726688561364,69227762,2347616824.8711348,-0.021061842117539663,527.3907137865957,4,1,0.032146610684213116
990004,2022-07-01,34.13974670957534,35.017257294840256,33.38357863369213,34.29407019152429,89667880,2882245897.038099,3.89873597069618e-05,567.9646442582689,4,1,0.022147721839039857
990004,2022-07-04,34.561159321423865,35.90410005955705,33.88756549439976,35.222343193468014,55815990,1715696164.9801514,0.028933148716500642,403.6023094659099,4,1,-0.0018092795877867687
990004,2022-07-05,35.13629351428688,35.21612069988916,34.893287743223446,34.99799128638737,46396985,1593511107.489933,-0.007077647342796047,431.5109977367727,4,1,-0.02286840790892383
990004,2022-07-06,34.48924275400995,35.10620305887137,32.13719290467732,32.55175176460937,114117817,3363414907.506256,-0.07193089348028532,476.40238716146104,4,1,-0.023491348447300053
990004,2022-07-07,32.011275553771,32.58227385232427,31.56287929783748,32.14181151748419,94765697,3283903981.8320208,-0.009312137866953866,348.74967552791685,4,1,-0.018859759357580927
990004,2022-07-08,31.663211237733528,31.81726615395273,31.553997049709924,31.699360036072004,48691066,1608200909.3138957,-0.015429357535607386,424.7998736445132,4,1,0.005783232331353036
990004,2022-07-11,31.872721915632255,31.903567276675588,31.61090053801653,31.61090053801653,19216726,651864700.1612403,-0.0023757815120864947,592.3793767069478,4,1,0.01268344241579902
990004,2022-07-12,31.235300481106226,32.63640312587909,30.745702583848573,31.92733214375117,92153087,2747241702.077314,0.009439386507030526,512.577181041848,4,1,-0.03811927780366929
990004,2022-07-13,32.07049272891857,33.38490118416279,31.59331578111434,32.887168970644574,36997727,1320968413.8380868,0.031933256489270506,449.86226229253566,4,1,-0.014205249735180931
990004,2022-07-14,32.840516171840584,33.70085011543149,32.840516171840584,33.5037107037914,80337088,2782320482.9558716,0.02047048335804659,473.7961747775461,4,1,0.005421063638644704
990004,2022-07-15,33.660098982213505,34.19849541508076,33.234071100369086,34.00741787328792,81119066,2766352702.1199884,0.010222663273265691,518.3440820792667,4,1,-0.024597375784924772
990004,2022-07-18,33.993085196333865,34.72866036311091,33.630890940502965,34.3608712031639,18383394,567463258.5160295,0.009499148733522532,537.7636913735291,4,1,0.010427405610581118
990004,2022-07-19,34.25179593369806,34.65928178882959,33.592361273781215,33.85984855724288,74337862,2307917549.3856993,-0.009129424071724086,416.61030098542375,4,1,-0.009042688183274193
990004,2022-07-20,33.026835667799624,33.66555816673919,33.026835667799624,33.477835057194845,110352164,3183448766.362926,-0.015552484994441644,622.5368499976443,4,1,-0.01996815481914005
990004,2022-07-21,33.489613825438866,34.27104683139342,32.51831915179791,33.56352116258394,107127124,3540581674.9789977,0.0011304137766308072,596.9738385174971,4,1,0.000428868708924287
990004,2022-07-22,33.74617305411836,34.30350966311349,32.458910513811915,33.207495996468104,68388700,2508168902.0540657,-0.009644444971994478,528.0256069545932,4,1,0.009334212194038375
990004,2022-07-25,33.759648372333395,34.02931091915501,32.1874994840228,32.46416026836505,16841009,541605911.9271567,-0.02040309501138034,394.28991435429026,4,1,-0.02325396407469084
990004,2022-07-26,33.06274720110309,33.36516600289119,32.00596150374307,32.40819138727237,158445390,5264405280.069889,-0.000670196178101349,381.0833997649946,4,1,-0.007340385958739711
990004,2022-07-27,31.90756765687891,33.07776703909202,31.554437898822655,32.62343562495924,88897636,2804190600.176759,0.004579438187044948,435.41869445830304,4,1,0.011314439921917326
990004,2022-07-28,32.514269540714324,32.746133852813266,32.10294135522699,32.21100369921268,28972839,932695902.3209461,-0.012971430976795465,469.0591743725376,4,1,-0.020983767737332168
990004,2022-07-29,31.65602678698581,33.50866432403734,31.285384432550938,33.03384819275245,38117094,1349620258.0497677,0.025857107223194817,330.0270297284904,4,1,-0.044507240861442865
990004,2022-08-01,33.47473493649796,33.59295273407821,32.7756771847497,32.8275303842963,80187022,2684517031.0604734,-0.0056970135587687196,509.831720212449,4,1,-0.041324533436634725
990004,2022-08-02,33.182247156408096,33.664892249335225,32.754959822956536,33.02586816869671,105894411,3995671011.6199355,0.00786169298948541,593.6718426620783,4,1,-0.011948040420671368
990004,2022-08-03,33.18227582951603,33.35971064559565,33.083430590579624,33.1177555102769,47721111,1737544968.1756709,-0.0002342226046916504,517.9031168547583,4,1,-0.035594972519553215
990004,2022-08-04,33.20236803051004,33.28977191000035,32.804061049122886,33.04850410051214,131534235,4188764987.167665,-0.002187106442655486,407.14178543434383,4,1,-0.010100945191453478
990004,2022-08-05,33.343654522136866,34.01189619043005,32.16627230981484,32.87265650673177,18336613,544718408.1586457,-0.004783918762321525,397.986453646223,4,1,0.04275897171278929
990004,2022-08-08,33.262482979878406,33.711120188642134,32.75990179981218,33.206185423018155,30459406,1013299929.704651,0.010327529037650468,491.1041137647835,4,1,-0.03717552173560764
990004,2022-08-09,33.524226908733795,34.26033839985013,33.201895108873856,33.91921741089974,14070532,539218062.4401599,0.01827972910634672,450.1603271272521,4,1,-0.008390734126645418
990004,2022-08-10,33.93224228397315,33.969170994438095,32.72540726372423,32.72540726372423,33918883,1112311386.2940145,-0.030745027862318464,504.79872990435194,4,1,0.05503359461500811
990004,2022-08-11,32.671788441519965,33.138065871976195,32.4883340634495,32.97222227914141,210792042,7493868513.61001,0.003711441974162022,520.4205685806616,4,1,0.009750484526038699
990004,2022-08-12,33.06617061491699,33.59092833365614,31.537824022535585,31.997508830918427,314850605,9825296725.928446,-0.025644145065183723,571.7903086943386,4,1,-0.010626254703050448
990004,2022-08-15,32.316660155226984,33.16326289556444,31.970466018296136,32.8292106895538,77911873,2578544355.687781,0.02221931768961147,372.9747875881893,4,1,-0.0050888101706079904
990004,2022-08-16,32.680229182182096,32.81789023421066,32.680229182182096,32.81789023421066,38027150,1344615956.4716067,-0.0005929648027820821,483.7791338933771,4,1,0.010308125457189387
990004,2022-08-17,32.57904802879179,33.09640802434678,31.51569162664794,31.922002779847606,59277913,1907498289.6303828,-0.02432751193116678,432.344958665396,4,1,0.043568655780227346
990004,2022-08-18,32.27231023560991,32.74625154023963,31.725368394025907,32.25425194912393,92369542,3218677412.594774,0.006472525503415288,454.91320624355825,4,1,-0.014910651881215388
990004,2022-08-19,32.67232926579656,33.389608753117656,31.443600416827216,32.0888934950833,22431990,579575236.933356,-0.0027573076911197292,547.3494153128522,4,1,-0.020866109212822028
990004,2022-08-22,31.769709652678863,32.381358625740205,31.584309988753628,32.070882941812876,43176972,1412412818.0873566,0.0021345647093873373,558.897180849031,4,1,-0.03718104616489001
990004,2022-08-23,32.04309061085177,32.05681465910932,31.848445350095204,31.884094223335335,186243590,6248667978.976957,-0.006825366515532542,606.4587388847824,4,1,0.0017391778293609438
990004,2022-08-24,32.00213260337323,32.225470086561586,31.022833829154106,31.32536641783162,31945611,927107329.200023,-0.020478046847728963,503.10953534307225,4,1,-0.03788697720625632
990004,2022-08-25,31.368246149977544,31.490941625745176,31.09699708568496,31.345113644259364,44065441,1330142300.677276,0.00104927718904644,453.91957067870504,4,1,-0.013149123252920803
990004,2022-08-26,31.222882774490177,32.054152420359195,30.50980415979929,31.454944409968277,71567436,2147140283.9404519,0.007488444894395439,441.6302772568568,4,1,-0.02483384134733008
990004,2022-08-29,32.14203464341979,32.153991559811985,31.833927754557482,31.90878266581607,84678548,2629431049.552985,0.012563602585397873,332.1747759639754,4,1,0.02724190096164385
990004,2022-08-30,32.02786150010147,32.28430296346815,31.377474227836903,31.763698161083493,43951176,1571025824.1984599,-0.00522901753814791,599.6606511666034,4,1,-0.014320843374313571
990004,2022-08-31,31.928804064241078,32.44407027076433,30.483533254887217,31.10520818463874,65961175,2341398336.1309195,-0.01933671176958401,435.8125200302067,4,1,0.009456338112364491
990004,2022-09-01,31.619410591566126,32.05483337923154,31.087696201796252,31.574119059652418,100765273,3283988465.9181848,0.009285097850524792,510.93002856947226,4,1,-0.04309780646787307
990004,2022-09-02,31.257476568098504,31.930933795882183,30.27267335742397,30.770792288842486,252185676,8898078437.361618,-0.021304320074473925,528.2019800185096,4,1,0.0024853522609479444
990004,2022-09-05,30.709549029344792,30.78805322499051,30.054037733704355,30.2223140559344,67656983,1820204162.726483,-0.017244147851826836,364.94757282378544,4,1,-0.0325678778425613
990004,2022-09-06,29.772794253439976,30.528550686406753,29.77047415214823,30.489112268267597,71340076,2217041882.311988,0.006306417385351312,388.2453242751485,4,1,-0.012147582049071317
990004,2022-09-07,30.38776897909724,31.13927384991894,29.76537371140842,30.345003873934107,213817202,6488311896.301394,-0.0016268690395263266,624.0086622967715,4,1,0.05710574437957942
990004,2022-09-08,29.88478866581253,31.250753631535062,29.54096476202754,30.898883571842138,45957211,1326978006.7675157,0.015462977389437716,490.2165910947531,4,1,0.02351379900712678
990004,2022-09-09,31.045277606650156,31.411277318639105,30.385695725027677,30.58917931876743,23832882,740563769.6732695,-0.004708734510733467,414.6797598522983,4,1,-0.004341082776259994
990005,2022-01-03,3.4636984632571695,3.515021376804249,3.372558885591956,3.4151916022654114,238208657,791319423.2169044,-0.005112627998794358,12.070518088896094,4,1,-0.0029634270196062427
990005,2022-01-04,3.3597353086676875,3.4046726976209025,3.348580881991268,3.3901101524589508,653529583,2105768756.2702866,-0.007900199364423646,13.063918805944667,4,1,0.019430656006133668
990005,2022-01-05,3.407744548948739,3.4351818984375466,3.3416950924861197,3.3626352491203795,312688261,1182922879.848111,-0.0058794938514224425,13.531242754192785,4,1,0.0028594986696122418
990005,2022-01-06,3.363078928987553,3.4370921216226415,3.2629769138802334,3.336916406310782,126625450,470766881.4327548,-0.010407279423279818,14.810583534618496,4,1,0.03824223725080619
990005,2022-01-07,3.3847945933583126,3.3947586226023367,3.286835511264946,3.3002541704638855,87601721,311538776.1462279,-0.010652697268184118,14.058064793884979,4,1,0.0216113768442959
990005,2022-01-10,3.3023632102372398,3.3376269861716783,3.153229626863471,3.186473844312021,194120731,584342167.4321636,-0.0328452360552645,13.973333988820594,4,1,-0.013374725335685244
990005,2022-01-11,3.2295688145888164,3.2840534948811406,3.077605208016707,3.130289722587722,376651211,1081489579.2504914,-0.021755169234916317,10.727233420391016,4,1,0.046642616657356084
990005,2022-01-12,3.140393236729902,3.2090270778161125,3.084530514392496,3.1601507597887744,190698081,596883921.2675332,0.008532225249176791,13.291631470115632,4,1,-0.04334828538781102
990005,2022-01-13,3.1528283030130777,3.186768433230126,3.082849581012487,3.126882134709088,311723268,1074381931.1056528,-0.007946546214507818,9.294694354680264,4,1,0.012265173478497574
990005,2022-01-14,3.1404229453927366,3.174168637489581,3.053355818707004,3.0828976063499067,183928649,683343864.6842767,-0.013517497652789466,17.00719142971424,4,1,-0.014808773627283991
990005,2022-01-17,3.0982045898742845,3.1526874421802824,3.047391064136737,3.080355353478576,346470403,1111616446.4374726,-0.002303385982325619,9.489760491598721,4,1,0.0375368357930782
990005,2022-01-18,3.097880728317428,3.4885892718424114,3.049108194011984,3.4543956181844817,89270615,280573983.1970448,0.1224473296407041,11.716467547506992,4,1,0.0044583090996991245
990005,2022-01-19,3.3856049083431543,3.4149049993354406,3.319298512680732,3.3598491738062912,631020069,2289280177.4689546,-0.025298494185384362,9.650999524499342,4,1,-0.01678913427894993
990005,2022-01-20,3.325616221162059,3.4837494117483243,3.325616221162059,3.4690954860385337,113960223,371979381.1313401,0.03162715056130911,10.8574528432651,4,1,-0.006084207365668636
990005,2022-01-21,3.5224160992781615,3.5864630385236285,3.3224089654708844,3.3959795124074756,374597391,1243348737.693468,-0.021774260817508048,12.578537551123976,4,1,-0.015167785651823903
990005,2022-01-24,3.352635920971219,3.4718462734336875,3.280884294492041,3.4183600996656516,184054121,658262782.480121,0.005494438981811961,11.300832606538325,4,1,-0.0068816911317798905
990005,2022-01-25,3.445016826783532,3.4622811377455625,3.3105622179831986,3.323681946505267,228577497,661533596.2965426,-0.027232491033229535,15.686546467773567,4,1,-0.007345996368655062
990005,2022-01-26,3.3491449695541133,3.3812851216325854,3.287190230613467,3.32139342299339,215949737,660152096.9440703,-0.0010901701992639613,13.11728222026564,4,1,-0.015923492118489518
990005,2022-01-27,3.2873792720688226,3.4791340515624554,3.26388485031622,3.4303607070894753,267912017,873622741.4519918,0.03640291610174833,11.449357674639502,4,1,0.004808664967179376
990005,2022-01-28,3.3647335984118576,3.446298728835674,3.3521659808367783,3.438910378540232,339870996,1082881694.4271967,-0.0018928205184169796,12.21952737716731,4,1,0.00726838592151366
990005,2022-01-31,3.4127453826187484,3.4355959759147803,3.4026262311587727,3.4335002624728554,420757871,1713513383.781957,-0.00025169408299243915,15.91762048151272,4,1,-0.020900383224079132
990005,2022-02-01,3.5038059382479396,3.5390584405999785,3.34504364625296,3.397211637445757,506376978,1812553892.2347653,-0.0155880635327254,14.985807525268955,4,1,-0.03433912529031554
990005,2022-02-02,3.3432315131015,3.406520760838893,3.3159270851060145,3.3818855753804997,268606449,935407355.9138063,0.001347333875577397,10.006443675452296,4,1,0.0056388415337397186
990005,2022-02-03,3.3629304505741207,3.401904728114709,3.337855117814764,3.3927735465208153,644876149,2092784274.417835,0.0017936551477986608,10.964950018208494,4,1,0.010124715140157094
990005,2022-02-04,3.353952990874604,3.5584948413963935,3.314945266659763,3.539219525167623,268197651,878791735.2810664,0.03796566467810214,13.769762756699752,4,1,0.014150399595749492
990005,2022-02-07,3.5590526532447386,3.6220136294886474,3.441786378245812,3.5129762024550266,434521912,1470230494.477657,-0.002185856564407581,13.446474628834208,4,1,0.010515594248351757
990005,2022-02-08,3.505063147507185,3.612806712025069,3.4446200703978587,3.54989797643428,282899990,1087318756.2406476,0.011039129533370001,10.185200008611703,4,1,0.03125430286700761
990005,2022-02-09,3.527246549028629,3.5735386538163914,3.4895825612232043,3.530693957174003,154627238,568559315.787056,-0.0035774853200523983,14.527070129651394,4,1,0.01956784262801587
990005,2022-02-10,3.5936901197553577,3.5988729189975097,3.587018378329032,3.5988729189975097,268298927,880893403.9421332,0.014198467066055133,10.515162404254134,4,1,0.05373017982863313
990005,2022-02-11,3.6019611907895306,3.696159382017193,3.553443395446043,3.618883048990369,324902319,1156551186.695386,0.01097728834118495,16.17902702399905,4,1,0.06227338144306297
990005,2022-02-14,3.5839022430963037,3.6469292963570292,3.4205762866250256,3.4705495551462993,217173316,767177536.1362458,-0.04402856406452599,13.9176444615234,4,1,-0.036365888555894406
990005,2022-02-15,3.4230364123899775,3.645014202496381,3.376577749896214,3.6032761538340345,265277928,1106419567.3480668,0.04011569931610512,10.020187083545839,4,1,-0.04527892107743129
990005,2022-02-16,3.648903253795468,3.723615202890805,3.5095707448702185,3.5914033988231084,364948742,1342057668.525698,-0.0038617686663928925,11.30011830252465,4,1,-0.0008240534615456009
990005,2022-02-17,3.5844500558511316,3.622999429162812,3.4983583627288977,3.530316816831075,243048396,835046515.5699902,-0.014574986509240466,11.26120658728841,4,1,0.009562608386810027
990005,2022-02-18,3.4758821550772105,3.535822251295286,3.4717443672262833,3.5288190562332176,38343486,123274062.57512234,-0.005941207868980365,12.945868850613024,4,1,-0.002214569534183876
990005,2022-02-21,3.4578710589390758,3.4866770779010117,3.4380104558217277,3.4546928249424713,640062036,2304250133.6203585,-0.01783044461185504,12.050994064150741,4,1,0.013609645930151397
990005,2022-02-22,3.41285591523951,3.4922815959503413,3.3708501698960545,3.4283671815587144,206688590,622825131.3692566,-0.005755424134148524,9.992974723498234,4,1,-0.006160283966599579
990005,2022-02-23,3.384261420132521,3.559637411254892,3.3442144559590243,3.523567558339611,150154309,486462966.86232316,0.02270849457002838,9.505652574300585,4,1,-0.014762150193918072
990005,2022-02-24,3.4494940545851693,3.531310270909256,3.4244802562594154,3.5184159504091297,113437102,427907512.8166156,0.0020500156377991534,13.970962007221214,4,1,-0.01169542742066934
990005,2022-02-25,3.478841394576706,3.498805906164434,3.459740935059394,3.4817530569188566,184395668,585264436.2734325,-0.012079182163292755,13.270789944182818,4,1,-0.004737691829625181
990005,2022-02-28,3.4553736868306464,3.472597144350536,3.406125382682613,3.440752226221202,155883456,530663362.32337075,-0.01277591482794987,12.808426360902695,4,1,0.01645045496144176
990005,2022-03-01,3.4192734594651433,3.4435105834690884,3.352728060755409,3.380656303630551,142170706,464225613.3106451,-0.016744678681699487,13.230516588791108,4,1,-0.010555502264489005
990005,2022-03-02,3.436656283440636,3.4961522784241854,3.376404128958701,3.426041687794501,138092865,536381541.4423021,0.01886195496467513,11.100338660945898,4,1,-0.00654046013328585
990005,2022-03-03,3.4305254074206033,3.458973249007743,3.232839926501194,3.2650002139893832,291132637,1102369352.8524961,-0.052509564708329945,13.007303096598227,4,1,0.01090218229638699
990005,2022-03-04,3.23771700263617,3.2870961294331913,3.15684202334241,3.186432234281333,724143090,2463942343.821792,-0.022509752542372502,20.514609577823148,4,1,-0.0047098389301967565
990005,2022-03-07,3.1960209590555473,3.543729304047506,3.1735346745565667,3.499519308468229,396653945,1421528763.5014198,0.098758356906274,15.779020552582136,4,1,0.021996752436706686
990005,2022-03-08,3.4926349136458223,3.615902029570687,3.4523250012786724,3.5682352018513757,417764896,1410134401.5018406,0.019187165879019932,11.851687164109444,4,1,-0.019341234891765247
990005,2022-03-09,3.5859091606773905,3.6533405051718315,3.5460882875689785,3.5935310951595203,197507565,625122363.7388539,0.010122152055917882,11.312915022959135,4,1,-0.02374373941097461
990005,2022-03-10,3.6023161798040437,3.669165859287542,3.5726445669342595,3.625845201016751,233299956,906980695.4605982,0.005356876858395778,7.041978307008664,4,1,0.005510386286376183
990005,2022-03-11,3.62850630639217,3.6769916774537528,3.503485186293347,3.5342348672985033,320842293,1017889577.2874573,-0.022223153555969398,15.458334937399439,4,1,0.007533609067295842
990005,2022-03-14,3.63377190542381,3.672966597642097,3.4916561712792955,3.532132644630126,148505442,507467232.46008617,-0.002751870301321453,14.633501683379638,4,1,-0.018233861458111202
990005,2022-03-15,3.5680271059266375,3.5968285169268723,3.5442136033882194,3.5772043033611536,161007427,603315917.4630153,0.011865254647385854,11.267091515324639,4,1,0.026602825405641104
990005,2022-03-16,3.5372661005153754,3.6053868889721064,3.505906289551879,3.585503296193732,408870546,1052983575.8909489,0.00048410598035330323,9.434188470252439,4,1,0.03840485158368358
990005,2022-03-17,3.5964036768798726,3.7500586174757022,3.5576678541224482,3.69490004476379,475355201,1534285568.694995,0.03442011111017167,9.973399207063755,4,1,-0.013420299761768062
990005,2022-03-18,3.6794988833103264,3.7658302924500346,3.5783266656738113,3.700120340401433,225931299,929425014.3353795,-0.0031228128321997735,13.688171946376842,4,1,0.02952023908097679
990005,2022-03-21,3.709275274634448,3.72647271899773,3.6881973404777635,3.7210898854376455,106974057,396347267.0285798,0.006680530599261716,12.326557591703892,4,1,-0.049034543125281105
990005,2022-03-22,3.669284525282535,3.8384550296144893,3.6325869148629,3.789357233810067,180687055,731940163.1054507,0.02115149607317111,14.36509265408779,4,1,0.02117255171276754
990005,2022-03-23,3.7479726126346082,3.8711533365578124,3.7121556345592426,3.8163908383632026,92917270,309285182.3281564,0.00850550018745097,12.760452296353865,4,1,-0.018087758133150254
990005,2022-03-24,3.859696912181297,3.875769020789775,3.759085233450124,3.7837659617152353,239072265,791956768.4858137,-0.007882291193329304,15.155369048761901,4,1,0.01914161123465156
990005,2022-03-25,3.8232400658396957,3.8987081658907754,3.7753951198462907,3.836577657267613,261021262,1032145026.9126707,0.010480302267896561,13.48921706202676,4,1,-0.02018921805572606
990005,2022-03-28,3.8496997496823644,3.885618338906015,3.7250968595538927,3.763051095352091,174702199,766668082.2455275,-0.01718229894040706,14.754185316807304,4,1,-0.00206439068058156
990005,2022-03-29,3.8076482621917638,3.827030976117871,3.7403679113629527,3.8034623485482726,255807155,897936287.3745927,0.006833450739767577,8.254959577815557,4,1,-0.017120455282168358
990005,2022-03-30,3.814278334067802,3.867988892577826,3.7324800835728937,3.7860251764558046,303785810,1098476389.7386527,-0.000838928210285142,9.816369117923717,4,1,-0.005016070868413761
990005,2022-03-31,3.801419132190471,3.876862835406808,3.695086588437191,3.780573027870427,263150327,1047714990.6424837,-0.0009976175541837374,11.675019017262553,4,1,0.036475962104223686
990005,2022-04-01,3.773408197826835,3.8475237398042057,3.68925478299269,3.7713086135010565,106577981,361616362.7055206,-0.004712510268457209,15.490989385184125,4,1,-0.0028652849876080067
990005,2022-04-04,3.784357928095668,3.836626713682203,3.739894417495349,3.790406465678218,185214739,659531819.0396296,0.006915186372712569,18.083116863288193,4,1,0.04216801098946628
990005,2022-04-05,3.846703247080918,3.875668827846862,3.6971099597402652,3.747693165207861,283277985,1126785122.9107463,-0.012642307261030758,12.145872805723243,4,1,-0.008506522988568913
990005,2022-04-06,3.743736487967635,3.7878279055176005,3.5783900694259163,3.6409635338449586,642317167,2324647495.49203,-0.03037422224647156,11.116535910431251,4,1,0.029610865020998994
990005,2022-04-07,3.6385929740464147,3.6759506026660214,3.505496323145769,3.5551640869033574,181092260,662444727.2566805,-0.021868861212108657,8.485021241110953,4,1,-0.033677784731088886
990005,2022-04-08,3.596208869123451,3.632023922420774,3.4959537018513545,3.5239321906984924,330172810,1151626611.915079,-0.008792340875554097,14.854339405674159,4,1,-0.0064905259221377755
990005,2022-04-11,3.524167833640984,3.5768110494737893,3.459395988818318,3.522253359731426,390748703,1196962077.8000405,-0.0006446236885040655,11.252873589923436,4,1,-0.011557766387926901
990005,2022-04-12,3.519502579086203,3.593686552259417,3.4854445735129866,3.5341129401828266,203609986,727120189.690099,0.007189260682793884,22.225569433415068,4,1,0.03054352810167492
990005,2022-04-13,3.567369305336027,3.755233405305842,3.526258992044559,3.706687164260774,443540529,1698807679.854696,0.044460919489788434,10.837504905607139,4,1,0.003086803876167463
990005,2022-04-14,3.702508490089792,3.717298196328607,3.6561376656661424,3.6853277045127433,467523343,1603163503.9995503,-0.005301420096899611,18.88106937853808,4,1,-0.04306494596086112
990005,2022-04-15,3.656601742459928,3.7739822487195807,3.6131023704361938,3.739072335817966,530925611,1939633330.398948,0.013098747831271195,14.524921654476273,4,1,-0.027271424950503234
990005,2022-04-18,3.7385795567736277,3.747991396010554,3.72497229194139,3.7310427368128503,293225301,1103506036.1532276,-0.001575237586869409,10.230381424338756,4,1,-0.021232429527159678
990005,2022-04-19,3.724658949883395,3.741376656371023,3.675493060644759,3.7062682379374605,986848045,2961149596.940367,-0.005034660445029145,13.130779027584229,4,1,0.01828849925194299
990005,2022-04-20,3.7747114531860126,3.807565314482489,3.6962165999022423,3.736228223684931,159001634,622800990.1553994,0.005600087900412347,14.590178775929683,4,1,0.01566875359995496
990005,2022-04-21,3.7616498245079018,3.8064430197386487,3.684437306683421,3.731985319707732,930649699,3162195388.842058,0.0015129763060868706,12.00048273567356,4,1,-0.006772519596553191
990005,2022-04-22,3.7192788713546645,3.803900029942902,3.620507061805507,3.7261571460280223,369407009,1196979574.726447,-0.0026390389311650186,14.78058874773986,4,1,-0.011809499465843084
990005,2022-04-25,3.752597682632974,3.8036292272797856,3.5902716928789986,3.645603439947052,468617616,1943131750.7589054,-0.020525286468278316,14.717363588630391,4,1,0.013869661692363365
990005,2022-04-26,3.6497647692865485,3.829958014474323,3.59188073618694,3.758870310042933,197272745,682500572.6998501,0.02947707201239872,14.100630814915954,4,1,-0.023604864569398937
990005,2022-04-27,3.8053949444721495,3.8726314538419664,3.6341185741007926,3.695148374969884,377940154,1402108553.7717686,-0.015303100069833367,12.504733781400462,4,1,0.008617306588870777
990005,2022-04-28,3.6977487690930353,3.8184288421257087,3.6021301983234104,3.7523048831874126,601509459,1990808410.6261687,0.011370789535442183,9.93412232825644,4,1,0.006888625140760144
990005,2022-04-29,3.759372999562131,3.8503826337765585,3.6598691642075303,3.7855003849277074,124790983,453616330.13101935,0.00810352930841479,12.357089610041065,4,1,-0.006248544525002385
990005,2022-05-02,3.7441457280100905,3.8344625367127643,3.7294407019182194,3.816112155680754,200127315,769172180.0690624,0.010387904375120965,12.987077605405224,4,1,0.0073994069270449875
990005,2022-05-03,3.8121643354405497,3.8755422235525585,3.771132507056005,3.8634387170930413,62948389,216176705.19168127,0.011054657202727506,8.622441643478005,4,1,0.0013986550872150563
990005,2022-05-04,3.8245885650850937,3.8848803557566107,3.745285775590071,3.7971332493049093,197384846,791706812.4070603,-0.011088309822583617,12.969677681786616,4,1,0.009424296480050188
990005,2022-05-05,3.8293972960497378,3.877807357151854,3.701313295110932,3.724743853676352,137395116,514984919.2090855,-0.01929606276558775,12.308448199125632,4,1,-0.02775810262920083
990005,2022-05-06,3.747523478144524,3.8016513868627535,3.3257110345280974,3.3687071573830436,205257675,665967395.7930349,-0.09757755247239085,9.694278491634657,4,1,0.011801231172823402
990005,2022-05-09,3.4123753828981793,3.4871748329735834,3.3795285109430497,3.4474996860771943,1449758720,5005114150.607803,0.022647052415794885,11.74764188140129,4,1,0.020167411929787115
990005,2022-05-10,3.4506764598554436,3.4717547422188044,3.3619895487421165,3.4037029689226737,682950965,2055947206.958137,-0.012230926853420716,11.796902014943077,4,1,0.005841753071035875
990005,2022-05-11,3.383240438764637,3.475512464316771,3.3202675530210053,3.381218788115024,93939990,325195319.56907254,-0.0037275679636385554,18.256296706526378,4,1,0.011531504560671453
990005,2022-05-12,3.4272645013127248,3.437590113511832,3.2792102369310547,3.3039935496911927,359340648,1096053299.074826,-0.02828676135431402,13.099840281828584,4,1,-0.0029055125719626403
990005,2022-05-13,3.2698549500661134,3.3172434727207443,3.155142829934497,3.2249365952808215,364498969,1072754167.2557319,-0.025876532917746574,15.360684475453525,4,1,0.017421270915856765
990005,2022-05-16,3.239871785338085,3.2935894672025223,3.0533282441431817,3.1071071560025865,169575179,562878493.2721809,-0.034858666209287306,12.257571735267698,4,1,0.0006506059910354683
990005,2022-05-17,3.1397708122651813,3.2154540493478625,3.1258764297363038,3.2064156957315997,235451046,799028899.2887295,0.03236428597993802,8.62618574538406,4,1,-0.023978779032815083
990005,2022-05-18,3.2296842454444414,3.259649262329722,3.0990981925899295,3.1290347351231182,288907751,855647776.0457609,-0.022456596632586544,14.311275658784522,4,1,0.015977510439477042
990005,2022-05-19,3.1359135867636616,3.2228302146874395,3.1162764709833652,3.1857360247967152,98714033,348799488.5300404,0.02030167387643471,11.014042824977045,4,1,-0.03384940521239891
990005,2022-05-20,3.171960751926057,3.2204231950427755,3.126549817718896,3.1682863538524986,121278306,383508066.43650985,-0.00729819507428094,11.74161677216574,4,1,0.00506681580331814
990005,2022-05-23,3.1848838242335638,3.204599672441061,3.1387825597534693,3.1917581465058324,245589854,762513232.9119341,0.003329290252747503,10.17992159505381,4,1,-0.008474249678761201
990005,2022-05-24,3.186082411360318,3.2313576591885678,3.143950655420616,3.1837686054579155,235896267,760086116.5022514,0.002403124002015436,12.726196109388402,4,1,-0.009771565995232724
990005,2022-05-25,3.1545107325750354,3.19823712871468,3.1545107325750354,3.1905396567655417,140994887,456322053.7515299,0.002333305228857612,15.447791523656072,4,1,0.002817606996300167
990005,2022-05-26,3.2322522320103144,3.3254718068803206,3.1372265959656365,3.2224495794632726,142498026,436860370.9894745,0.006852620496439173,15.055501125258345,4,1,-0.015073520960038406
990005,2022-05-27,3.236926984276806,3.276472306291475,3.1757631374814363,3.231198981828627,213778220,596737088.1778715,0.0025823266950030822,17.08630617475465,4,1,0.009724483059171691
990005,2022-05-30,3.1998800305166655,3.246401086622147,3.1506074436167153,3.198608243276223,400276784,1166832937.415166,-0.006077073929626427,17.559750237999452,4,1,0.0004790493704638336
990005,2022-05-31,3.2792326603827484,3.292482838468862,3.1659347888191074,3.1965657017947136,220265465,756975563.568297,-0.0018112706745111984,8.32915654278595,4,1,-0.013205912002671077
990005,2022-06-01,3.2103609746602495,3.26330819001388,3.1770098589286744,3.2374421740667154,603400630,2109974710.695179,0.013275101418511497,9.896956482385331,4,1,0.02649287661887448
990005,2022-06-02,3.2064433480742753,3.3167728243151857,3.126459440561841,3.2388850375313023,137137636,462092724.266655,-0.000697859788614751,8.742196902433514,4,1,0.003483367241456958
990005,2022-06-03,3.205820795279521,3.245261043450576,3.205820795279521,3.2385726740365777,235930397,783307726.4776464,-0.0021596824741231865,14.198911288681458,4,1,0.012132122222311746
990005,2022-06-06,3.2901685592919963,3.3260133037317177,3.2445327929944745,3.2783080473414627,210165221,581468886.071441,0.01613787131871375,10.937872804287982,4,1,0.028084689861429472
990005,2022-06-07,3.3410486338059693,3.362917573739385,3.1268140802218736,3.1574221950185524,350151946,1017741749.5728352,-0.04051425865110219,11.389888894387965,4,1,0.0277515404713774
990005,2022-06-08,3.178171500499626,3.212972702043106,3.090049468265502,3.117514968456802,149721404,435760918.8774158,-0.010688524524299425,12.02100704412524,4,1,0.011096438170554357
990005,2022-06-09,3.155368342954073,3.218163999060705,3.1430428749696,3.2067766175647723,718637687,2577530643.7922745,0.024077031749070648,13.523578027829261,4,1,-0.006818375679146909
990005,2022-06-10,3.2226683349623446,3.249342426210425,3.1762352240669336,3.1933377136229684,80219176,254645681.7038663,-0.00019543269832466813,9.332721917175778,4,1,-0.029698943488127356
990005,2022-06-13,3.2060910530481475,3.2426966994467326,3.0922015534735316,3.13818008051103,626145543,2061604186.368238,-0.01645542645938054,9.768140368805287,4,1,0.0035221040834061187
990005,2022-06-14,3.147648249531548,3.16966718469302,3.130339497872504,3.160413669523062,224222012,678086123.9021335,0.00573363685061157,12.548544255586494,4,1,0.021547559589149
990005,2022-06-15,3.178465444960583,3.2040542251124946,2.9713368231767805,3.004166968852065,309607086,931015198.0052067,-0.04770395728873051,15.853129450545822,4,1,0.006519075726274167
990005,2022-06-16,3.0259695637293036,3.0574765140167437,2.8676867089880855,2.8895977862803774,550528280,1519958733.669929,-0.03532161074417738,12.482785245896624,4,1,-0.06675491800000001
990005,2022-06-17,2.871207215426821,2.9166089269714845,2.868733791643584,2.898163308983778,401126843,1088001645.1196806,-0.00015596100378896885,10.725292888922027,4,1,0.016989452454370196
990005,2022-06-20,2.9114131513107933,2.982940320090092,2.797986652025316,2.8640556318268886,137819036,422035881.224112,-0.011737531993428606,8.156758776136375,4,1,0.018236707632087467
990005,2022-06-21,2.9085400588806434,2.9376860945723533,2.8777713412328647,2.905167144789536,323326632,1005892295.6596383,0.017073362020328792,15.11395251001722,4,1,-0.006789222766064364
990005,2022-06-22,2.90885643622844,3.060052233615249,2.8730066478933614,3.01949562878331,743634794,2382287634.865243,0.036194892073544684,10.844999059029778,4,1,0.019391094616193507
990005,2022-06-23,3.0071393759084883,3.068886902499216,2.9839692413402914,3.0417707945433694,127724741,395864234.9309959,0.011411364343926488,9.989072258512433,4,1,0.012074557305470407
990005,2022-06-24,3.0660847685507666,3.112181867955332,2.9884713450459572,3.0092239291494836,839869691,2625866500.215017,-0.014104391560827476,8.908502719538628,4,1,-0.014590726024057971
990005,2022-06-27,2.9940791812957643,3.0631593690667893,2.9268988301949324,3.0103050317798052,293664378,951834105.9504213,-0.0008231515054282686,9.420137518573116,4,1,0.025135152480580614
990005,2022-06-28,2.9774758658762432,3.0501962406875536,2.8618139488514496,2.947066547502066,177281382,529223584.37897617,-0.02072034972890192,10.368471458604182,4,1,-0.026405516126869734
990005,2022-06-29,2.975662284358642,3.025846637532643,2.9082569735550847,2.9612495861487473,132658256,375354497.64285433,0.005834456951681892,11.96830456312578,4,1,-0.0018361451634842907
990005,2022-06-30,2.9508459518014027,3.1453458447567675,2.899338563305857,3.093311105094232,191405968,611224787.8920411,0.04391632091195775,9.866964655539105,4,1,-0.003861361812592571
990005,2022-07-01,3.10034167464857,3.171724765299476,2.874007536443186,2.9351884923974083,66248555,196019184.27755484,-0.04978985587903834,13.011684064455059,4,1,-0.017431524131270488
990005,2022-07-04,2.9173266308714267,2.9722809560303385,2.7953197423708,2.8387030621945244,165852542,500019861.5530502,-0.034409440774432046,11.950355138379756,4,1,0.005493431266122566
990005,2022-07-05,2.874794266705025,2.9351692492755617,2.8007215886640315,2.864441495586686,178028044,565804474.0619316,0.008971583373797047,19.308547334816968,4,1,0.025928281948363184
990005,2022-07-06,2.888325153143613,2.9389110478509677,2.735398460213041,2.7814033881266025,116499650,323594585.8185625,-0.027124817035132524,8.928175390355278,4,1,0.02465686757847344
990005,2022-07-07,2.7724222752398036,2.8157912451311735,2.6476515297833565,2.682003421058931,374463780,993684670.1319742,-0.0379885573186381,12.949943357846402,4,1,0.014017373919800485
990005,2022-07-08,2.6498329814669073,2.742065710310618,2.6256057709105085,2.696017646127442,184730794,537261731.5737815,0.0052378341312072935,12.98182765139725,4,1,-0.03510354782069686
990005,2022-07-11,2.685429631881558,2.685429631881558,2.67205141485902,2.67205141485902,155590713,432025488.21730036,-0.008041489849713913,10.22568875359072,4,1,-0.027795660006641666
990005,2022-07-12,2.6911641249325506,2.7272050000366233,2.552638793622964,2.601250285694701,193114889,502420424.59206575,-0.03151004989618473,12.782564509069275,4,1,0.0026994605395277305
990005,2022-07-13,2.587442108989207,2.596916665595778,2.5331708935310515,2.5427915070793294,256563928,750281851.4199176,-0.017463572168679813,14.5851040545874,4,1,-0.0013690181858825332
990005,2022-07-14,2.5463329536761288,2.548035637526341,2.533731186578111,2.548035637526341,234287217,622694609.9311246,0.002340141980773065,12.785677598647712,4,1,-0.010785702138397357
990005,2022-07-15,2.561916869069456,2.5866051040811566,2.4928758136795133,2.520280331448012,159595598,383916026.2938709,-0.010609386552002834,16.433378903728435,4,1,0.038006668411746276
990005,2022-07-18,2.5521113353902094,2.5645046329900776,2.5307399919476357,2.535877929949718,252061114,605858569.2826527,0.0072948644781860045,8.107690728377218,4,1,0.001475105982806182
990005,2022-07-19,2.546250726447574,2.5890815686630453,2.507040488406471,2.5653646368871814,199478008,548792994.6539422,0.008280198380867314,10.617705897639484,4,1,0.010337720957544146
990005,2022-07-20,2.567320872986989,2.6105190873789885,2.5350973723717285,2.558314166219447,116277721,303951941.15148777,-7.823035980218484e-06,16.72363337615121,4,1,0.0193815977516071
990005,2022-07-21,2.53883530050369,2.6349894398039466,2.503428294359929,2.5917540875662066,182979393,453817224.47112095,0.01283111415608285,14.99500422862147,4,1,0.0004417317409685569
990005,2022-07-22,2.658394927702788,2.6783947606670253,2.6208158724047523,2.631245398659107,335537988,877494822.2005675,0.015176907473525814,13.947754063726663,4,1,0.05192810797051125
990005,2022-07-25,2.628095246881135,2.6874753928223507,2.5824506386689703,2.6356951001834084,311751933,772546820.5358467,0.0025877820330467032,15.959345844735584,4,1,-0.019764844672806817
990005,2022-07-26,2.6421870579918596,2.7065106758648314,2.6150088566625396,2.6756465462058507,196539157,496618354.5543302,0.01671881300257109,8.551659353826615,4,1,-0.012978082705648241
990005,2022-07-27,2.6910062744162353,2.7522063403982386,2.6556293454058966,2.7138538532416323,335121515,890934283.294556,0.011664156995873752,14.659183323445347,4,1,-0.019814652372084865
990005,2022-07-28,2.703346315320263,2.7231840500439017,2.6775959896170387,2.6960524787265374,124207317,312311565.9590393,-0.009209835342643913,15.445368791376055,4,1,0.03105010176861612
990005,2022-07-29,2.6954520268722746,2.799058962179945,2.6666266180342655,2.7695506128416696,122987782,358423414.13064677,0.02865042909740042,11.012918564169736,4,1,0.015609440930043366
990005,2022-08-01,2.7699347857618575,2.8218580613637005,2.663418029066415,2.7250913835419572,192321736,515256827.8867423,-0.018727930022107278,20.87336563032128,4,1,-0.01172102851967683
990005,2022-08-02,2.693950850018372,2.8410211312700095,2.646136325001838,2.7947255669285593,537253788,1444328055.1425881,0.02721109575498119,13.038886162971423,4,1,-0.018211872657512434
990005,2022-08-03,2.8039861788680684,2.835374963087068,2.7663491437985095,2.7954303325581304,257194386,705242027.5651028,0.0007057991525112439,8.082689274345022,4,1,0.027441172434757764
990005,2022-08-04,2.7486714278439757,2.8288386945767545,2.726729484065258,2.817351096615502,193309408,507352547.6240021,0.0051132382531407445,13.520140555792015,4,1,0.006668755604042948
990005,2022-08-05,2.859001988140128,2.882532840539111,2.7985482585590225,2.81332531746777,539930327,1860588689.6437447,0.0025257761634609236,10.879748060354936,4,1,0.02795941497069588
990005,2022-08-08,2.8346271191206225,3.0596546740894963,2.806557395577474,3.034759042895509,199715578,571423036.282125,0.07836327382204107,15.74977263443305,4,1,-0.0018951141374183344
990005,2022-08-09,3.054275886645405,3.0751649802805168,2.9177693642791604,2.929573118060814,890714011,2523854184.2834725,-0.0345164713316162,13.968017172154683,4,1,0.009710867099913029
990005,2022-08-10,2.8887997794361313,2.9037897959697943,2.812647621158581,2.847899571003016,167064847,459384937.3286472,-0.030893469739604072,11.146736637676284,4,1,0.005421032273811725
990005,2022-08-11,2.81743268872748,2.880327154361841,2.765152678181111,2.834496583278604,126437600,391212624.6140087,-0.0016382510846771436,16.812355928746477,4,1,-0.01334431420663116
990005,2022-08-12,2.8741077092284595,2.8925333171803422,2.782860800332057,2.8056707794888998,208294243,534284850.9553695,-0.008879616555535716,15.075158722006439,4,1,-0.003600323690295361
990005,2022-08-15,2.9265366474001433,2.960280671604291,2.7040228041056884,2.738955786802921,206102184,476713195.9276302,-0.026188919128235247,10.648054729990607,4,1,-0.024716978651034043
990005,2022-08-16,2.7672174887139867,2.804822879517584,2.7185346649967794,2.7317324039957973,136054490,405547453.06462455,0.00016776869568917619,12.175115145812425,4,1,0.009357044724645854
990005,2022-08-17,2.762164995474527,2.817381604728692,2.6640250729804666,2.720325118536217,1184874799,2944902978.5800395,-0.006861167961526265,13.883607656905134,4,1,0.014780391347165906
990005,2022-08-18,2.7328316557966668,2.7611707430648034,2.7088889880474993,2.7312003636439677,277932238,803729604.9908519,0.0042377930380238845,11.675223261936264,4,1,0.01942762743339956
990005,2022-08-19,2.7030772214853784,2.796501072203094,2.6840784846344237,2.7754672540443135,309812040,891633568.6215229,0.017434358055993446,11.7444056367778,4,1,0.012857773522062374
990005,2022-08-22,2.803334120465747,2.8189191380379164,2.733431405154786,2.758856874727043,174290218,501295481.4594018,-0.007484406481617033,12.636317821182457,4,1,-0.003276841231200511
990005,2022-08-23,2.721083098759981,2.7962499280296678,2.712162033599562,2.7734870293809673,168957110,522073070.0003954,0.009444283231913696,10.153813270689563,4,1,0.03083312802278257
990005,2022-08-24,2.748682416481757,2.8754656023249088,2.7039621881674427,2.8336245971169203,442260414,1118715229.3307676,0.018311025818421586,8.016716677528256,4,1,0.01744108345721042
990005,2022-08-25,2.7998936182865246,2.826867264960979,2.5585874140662352,2.586996701029553,79121478,196801578.91306072,-0.08589260100175648,13.148796676377078,4,1,0.027515390199259537
990005,2022-08-26,2.6135503906497424,2.641819524062888,2.5056586752777683,2.5599645590171853,108734888,280768213.1088846,-0.0169923508009578,8.42654098416335,4,1,0.02878910623886918
990005,2022-08-29,2.5337136156720104,2.6001331580062073,2.4023728332322345,2.4514037917667197,194483689,537731227.587929,-0.03722541928104522,10.302718415605177,4,1,-0.0032238448903814626
990005,2022-08-30,2.4560082131492726,2.5003397658907733,2.4074058836484284,2.449183591400044,501749329,1353110794.3330417,0.0005991813807736711,8.80742106911381,4,1,0.007200483801938389
990005,2022-08-31,2.4523200229393733,2.5086367639886964,2.4468076642224186,2.489322618205746,170797865,506298768.30586284,0.01798257942140969,9.03002908947495,4,1,0.015050733245347262
990005,2022-09-01,2.4632006883582136,2.537374574827176,2.4341901571560705,2.504150882052459,262116741,713423131.6723946,0.0005714184013472037,13.639947585435038,4,1,-0.024003150928869753
990005,2022-09-02,2.4847144397480307,2.5347554892642314,2.450589306613791,2.49636418119365,213051590,547816360.3071743,0.0001933773953195697,12.00746070835214,4,1,-0.023553097702662347
990005,2022-09-05,2.4756705757482016,2.56590955408915,2.4594055135684494,2.5355894849118186,554331715,1264805158.612478,0.016610902025655263,11.922172173876136,4,1,-0.027051804568480445
990005,2022-09-06,2.509155770435643,2.5347050584554762,2.3670039695642857,2.4051651389437154,82772911,192352888.47302186,-0.05357534250038007,9.65677163674343,4,1,-0.002868579735817972
990005,2022-09-07,2.391155205264675,2.3971147562230994,2.3822010802433686,2.391544827206623,391149687,878327308.2379735,-0.006285423044114755,11.019162835722986,4,1,-0.007440792458394902
990005,2022-09-08,2.3518939193532007,2.4210012905238867,2.2884404643328526,2.346858748735335,204915788,478013527.70980734,-0.018654123058292785,13.507398083539366,4,1,-0.02982007852135177
990005,2022-09-09,2.35826778222992,2.3942039828638317,2.2682042014192176,2.3042768362945116,400211754,883185430.3107394,-0.01693814722955687,12.417354568429685,4,1,0.002358176424396682
990006,2022-01-03,5.688717638783852,5.760133728395748,5.48435628164871,5.574177322240577,76191448,394485417.8288827,-0.01574311215486179,315.7133111009107,4,1,-0.04780071269492449
990006,2022-01-04,5.422412286063276,5.620034733086554,5.408516903420599,5.604117831229941,69025652,373590101.1703701,0.0061118703166982225,271.0822265144315,4,1,0.0033108187152896236
990006,2022-01-05,5.687124528902805,5.762714559480041,5.5534521094180525,5.629891516991757,68359915,428159838.3032213,0.0031463701162173213,414.2278499890027,4,1,0.004029240848260435
990006,2022-01-06,5.507606924680173,5.6707821447582285,5.430133875632275,5.6257584746784906,46006599,282409456.4837822,0.0005300761990092881,306.20202142462756,4,1,-0.005301376644429864
990006,2022-01-07,5.748634184907396,5.808363748830444,5.601138837351498,5.661818961485041,61680557,339627173.1673813,0.008900005602342094,349.90095799257614,4,1,-0.004861281887976956
990006,2022-01-10,5.660068438710382,5.8526565275569755,5.5557862909080535,5.7719598055374775,27260387,146711393.08391213,0.018711588291192335,507.8460897659493,4,1,0.0006643025002205675
990006,2022-01-11,5.846082256883076,6.0233325744804285,5.752581039953579,5.934192220142952,20140526,135419080.16647345,0.028234925423997113,394.1937589776719,4,1,-0.005747902997410253
990006,2022-01-12,5.995951583813131,6.071889705093538,5.8987577091098045,5.96454312270111,47019589,274372823.3435469,0.004357706068159178,449.9322396985494,4,1,0.0031023035920694966
990006,2022-01-13,5.9465097217422676,6.156534379652783,5.86639525055013,6.114870348685739,29631440,197197063.89705062,0.02115577306078557,316.68683541213886,4,1,-0.01014716291555443
990006,2022-01-14,6.0711553574362265,6.322219222043445,5.930789874885338,6.187347798562377,110899064,702794695.4502773,0.011529748649537316,411.9345671463873,4,1,0.03671960136051524
990006,2022-01-17,6.105262800963606,6.348883310645661,6.007062829688821,6.252056799277035,57952505,338218027.49122447,0.012714490204428263,347.31466275932564,4,1,-0.005748098452694864
990006,2022-01-18,6.283751667882748,6.393133235905835,6.089118532997058,6.182280360957805,30244625,170194393.4545956,-0.009741242577058298,367.11936157488043,4,1,0.009593279316184524
990006,2022-01-19,6.141470053950261,6.226544669204438,6.031908882108028,6.107057490908095,37155280,260658762.72151628,-0.009234702745539974,481.0662284275024,4,1,-0.013534736316273678
990006,2022-01-20,6.068774689806061,6.136936688871514,6.054084384631377,6.093370317288115,49971162,296880362.89649093,-0.005396049168697863,330.40839277351216,4,1,0.016381138657744494
990006,2022-01-21,6.136885757027984,6.236390936609905,5.948956316577712,6.035443131307785,45867073,284566307.122962,-0.007502598145614989,346.89405132983336,4,1,0.012652804232633241
990006,2022-01-24,5.9936901319795055,6.168817947410294,5.932048453466392,6.097507520015194,55902114,351323570.54290634,0.005408376146662597,298.33704391755174,4,1,0.006785923539483195
990006,2022-01-25,6.069307134650731,6.095327241025713,5.990608647801087,6.0246835199183,49616499,309325773.6225051,-0.005526685860423988,399.83393966874155,4,1,-0.020224896957282912
990006,2022-01-26,6.056817045336514,6.1137483673209525,5.954133724928355,6.031262270666042,19194520,117987902.7943382,-0.0028904987730986,315.5240128417557,4,1,-0.015091363118156073
990006,2022-01-27,5.98057899543851,6.0181140403506195,5.935175462009256,5.973537078213289,12536310,70369986.80704603,-0.0070732767417624265,408.69935317405225,4,1,0.030441707523322356
990006,2022-01-28,5.934945795986664,6.1281944513951965,5.832474346266846,6.032481689784691,38852858,219566384.36388484,0.008121075784618407,264.0414843775714,4,1,-0.01529807452014697
990006,2022-01-31,6.113841506094861,6.222960249970318,5.918531227321577,6.023240421380807,69567829,407927164.6411045,-0.0028792202699830078,378.23938346389747,4,1,0.010924419823584221
990006,2022-02-01,5.994883327243594,6.1025970543744865,5.7603881892198885,5.8388197061993115,37959034,207928095.43161118,-0.031306788745271805,311.26819095004066,4,1,-0.018681394972332448
990006,2022-02-02,5.797262252009673,5.89077949849355,5.752767211820119,5.831646323383341,105977943,668242257.605899,0.0009343528019187874,389.6481023362199,4,1,0.017786023123726763
990006,2022-02-03,5.833563609819791,5.9700637951595095,5.770443146095955,5.93370621246298,47261064,257726284.97469983,0.01583100288778659,345.0386918229119,4,1,-0.013858905570241298
990006,2022-02-04,5.963164436881323,6.002246594682541,5.946506299738712,6.002246594682541,123785289,647733504.3706961,0.014435108504743121,316.83109691773586,4,1,-0.019027135972471146
990006,2022-02-07,5.974385227621654,6.016522388740636,5.925885602903847,6.015905302119407,101841884,540945623.8106996,0.0004563430822222252,324.6312271221839,4,1,-0.01434335261333838
990006,2022-02-08,6.029417064303559,6.074617421773749,5.910093793471998,5.974546572203068,89729561,599305216.8724235,-0.00837482463904598,300.92507372612715,4,1,-0.01138309733350223
990006,2022-02-09,5.996947188437101,6.012139061575901,5.893077549339408,5.927700036878562,20938266,111444617.00727576,-0.006512194747352413,396.53705884646246,4,1,0.006513557411247777
990006,2022-02-10,5.836325107525586,5.913242942684759,5.742059311320578,5.83167328168961,46527173,304200297.5684851,-0.014502892543687472,291.3266201808131,4,1,0.00025303196572680443
990006,2022-02-11,5.93983926066036,6.618743728861509,5.844011431984535,6.508254100868703,98690076,619977889.2346929,0.11545930611561259,331.03369227677547,4,1,-0.021491244928234815
990006,2022-02-14,6.6132724085305385,6.659181708006427,6.3381786759258905,6.418582119617794,56733097,346540500.3876083,-0.016326735788632536,365.8750444288153,4,1,-0.0015643264018800145
990006,2022-02-15,6.37005774169532,6.47613966828287,6.130518849135222,6.237183610266861,63700853,389988444.76027185,-0.024156618208605103,450.1045903271852,4,1,-0.02239394846626279
990006,2022-02-16,6.1799440865734585,6.525264112704963,6.142966773744901,6.459241661152629,20709473,145934552.634601,0.035296153072724754,345.27903446828384,4,1,0.010973997597894365
990006,2022-02-17,6.484452799176023,6.573972983454089,6.402906629073507,6.526797135757918,144441604,1013028423.3431615,0.007338341766002277,332.3657101438172,4,1,0.014397423833327653
990006,2022-02-18,6.417939766572963,6.496530765551521,6.075204473660336,6.1306998532216355,26084910,163765888.88009548,-0.05873098575740544,361.6189046559459,4,1,-0.0014896444999373628
990006,2022-02-21,6.190444771316677,6.338909900184453,6.068427435690692,6.162027953888934,13274089,79569491.35468669,0.00715416857600463,246.36462492757627,4,1,0.004029810010028989
990006,2022-02-22,6.15190428125781,6.416002791075932,6.068037869943671,6.363018655680989,35850486,243381106.12800732,0.026842559330859224,284.2671226843806,4,1,0.031673146361967504
990006,2022-02-23,6.439636635612156,6.535807119046269,6.0942742661524365,6.156840690560752,9428121,66036524.25286157,-0.027650049788122383,325.2257393215286,4,1,-0.003985261721789913
990006,2022-02-24,6.106380306534518,6.268019932142528,6.106380306534518,6.268019932142528,22875154,142289466.51907495,0.01622425743910336,307.7627074809805,4,1,-0.01867367634208398
990006,2022-02-25,6.268774119403442,6.3160308893749875,6.18791658334516,6.207882479915222,222953033,1561510486.1952622,-0.00876117749317734,266.1698362240138,4,1,0.009772228476221735
990006,2022-02-28,6.2760783769071375,6.415961017323572,6.042171832650577,6.16576915363617,36773763,209288483.70092237,-0.007423535793594277,397.8342529831088,4,1,-0.02219140139676136
990006,2022-03-01,6.159414139639115,6.159414139639115,5.98110033474146,5.98110033474146,18470455,113825868.11536603,-0.028809922114510538,360.79972709101366,4,1,-0.004974241875654817
990006,2022-03-02,6.013814942650131,6.160317870927214,5.887768513492585,6.034236672245453,46106995,292033678.0507952,0.005662435980794396,353.8226887071192,4,1,-0.012226837001433066
990006,2022-03-03,6.086592740456481,6.211278307707375,5.994034558600683,6.124888975896704,26564307,156147299.88866916,0.01624776576945157,308.71909634624575,4,1,-0.014146873904408941
990006,2022-03-04,6.088710917886736,6.12989654526813,6.037232261790521,6.103686591483105,84240337,511037514.2744512,-0.0051978781186871525,350.3202853037361,4,1,-0.005712133440246413
990006,2022-03-07,6.000522970781887,6.214724902471165,5.960728994237233,6.147083780526369,28672730,159506434.08224028,0.010322203370356029,376.1323417453434,4,1,0.015760263122446806
990006,2022-03-08,6.073905904399349,6.392095534257976,5.902412344090701,6.2497261630931495,55671021,331205438.36945426,0.011145465605334432,331.15181080247305,4,1,0.019602538129497804
990006,2022-03-09,6.261831480647129,6.378748935589841,6.019300107876089,6.113389425305959,22984617,154780024.1865504,-0.013885449568389678,371.8621585853725,4,1,0.016251607929240748
990006,2022-03-10,6.163850933035486,6.2287198593854605,6.029444017970777,6.05493140189929,235560545,1233202148.483027,-0.010197223492693367,303.6100029826628,4,1,0.005237900666454011
990006,2022-03-11,6.144837521321394,6.23638377884202,6.040448565859531,6.166222402315435,65484998,381987848.01851374,0.011604826542258754,351.35763706611334,4,1,-0.005854581423149669
990006,2022-03-14,6.119965715834857,6.596572539377386,6.066509535075458,6.550648417424627,43405103,295896442.02915525,0.06505883849171262,416.77563404022527,4,1,-0.045067788085135604
990006,2022-03-15,6.431211632044913,6.541205871260177,6.320692202430062,6.39745766679466,41389928,267463571.65383738,-0.023126655881311846,422.915081649309,4,1,0.005822462912123774
990006,2022-03-16,6.254631469171391,6.42081654495208,6.192443385364254,6.36569103790069,29853954,252537464.2340604,-0.005144239853124078,429.56888775964416,4,1,-0.043602162409158984
990006,2022-03-17,6.551625373321666,6.61059872701919,6.390655660260322,6.461793419295348,28611324,182053949.71037987,0.014813163499635122,362.3247831702182,4,1,-0.036955597284764066
990006,2022-03-18,6.48148234405765,6.712912828201204,6.3388014610284,6.561305287293366,28939028,185221725.12308332,0.015950947755886315,347.59546282120345,4,1,-0.004061157081825343
990006,2022-03-21,6.571716572644182,6.711602963326256,6.483776666441247,6.62304340965709,133337078,924189784.7585624,0.011969535449017453,321.3456761242511,4,1,0.0038976840417987357
990006,2022-03-22,6.671094778517415,6.676074120645621,6.529343356730406,6.580570572876205,31438546,227918494.9223322,-0.009952404562117136,257.32232361707156,4,1,-0.009465153454214562
990006,2022-03-23,6.490531408636273,6.656934493118485,6.420429525412991,6.653654708425521,11482467,83147994.16014956,0.011424152186475474,277.5484765564199,4,1,0.027628924432448708
990006,2022-03-24,6.58461300777913,6.783393732299772,6.493040318128246,6.725821355734986,23366100,159743818.27422658,0.0092984280294473,336.4352310677632,4,1,0.007585858184581868
990006,2022-03-25,6.80326323371164,6.887077255518586,6.756011522598974,6.817703038617575,80256970,586410668.1243745,0.012982634131604146,339.73780518450985,4,1,-0.005699442295884555
990006,2022-03-28,6.820442384776739,6.943963280263397,6.670584182754287,6.750107996710379,36323992,275977229.9442848,-0.007077411485575794,435.54852082385617,4,1,0.024842667402580752
990006,2022-03-29,6.689966348953919,7.575664526604333,6.689966348953919,7.528560655118227,44716833,299341262.4231125,0.11880843513949428,428.67241487268683,4,1,0.028181282997818205
990006,2022-03-30,7.476302336952234,7.581495002454019,7.254437798751839,7.393076931322919,99306869,714565973.6070724,-0.023867317595149318,309.0981252580737,4,1,0.008527991527058916
990006,2022-03-31,7.31829222652382,7.376383180255689,7.219127357646907,7.278123174302573,28491359,201759274.21385053,-0.01004306450510559,395.2782349991454,4,1,-0.015518104371664655
990006,2022-04-01,7.261299010677889,7.586919614286149,7.171590872341961,7.495803805767761,66151579,475047119.40314865,0.027117435142348444,319.8635416749105,4,1,-0.01131714476698962
990006,2022-04-04,7.634805186588784,7.726744904357574,7.432366219345171,7.483533580684576,30514677,216194317.55943727,-0.0004488865769564494,386.6105308588861,4,1,-0.028055992836708912
990006,2022-04-05,7.465334270167316,7.64727678296037,7.268665264354164,7.4040946677595,70974892,481449961.19926745,-0.010270773201254158,394.4842006797214,4,1,-0.0018345076157193314
990006,2022-04-06,7.32216107227983,8.03229933568487,7.246618884068351,7.9634814412718935,33553617,294982667.6841277,0.07298451888188245,423.6115259367845,4,1,-0.020648864785816033
990006,2022-04-07,7.926323109318763,8.530235846969035,7.7548813041557585,8.350242491032652,36952774,349069908.2544159,0.04965647235959741,319.05020437249857,4,1,-0.007186981267138612
990006,2022-04-08,8.38637234280512,8.479312128192493,8.197537897451125,8.355834956512103,75527684,698549071.0098516,0.00013236468824665568,408.1384571685245,4,1,0.0038234266228242483
990006,2022-04-11,8.237989231953126,8.543894677290274,8.070360319425653,8.339709003484838,74430754,642641862.0713649,0.0007271575663443938,254.58675536229234,4,1,-0.038082290744258444
990006,2022-04-12,8.428515306949762,8.50511059277945,8.028550819539491,8.112706983947092,41002853,335953541.5658862,-0.028468146122998837,427.3731616115746,4,1,-0.024639066123553433
990006,2022-04-13,8.194363786899888,8.293100099726624,7.9939046996118845,8.070261030222849,35820521,264593248.42455128,-0.0040455181522593845,344.39318842698896,4,1,-0.010506362531379553
990006,2022-04-14,8.11964572240168,8.304866315498328,7.94121703531521,8.1188695574274,133966043,1078231233.2478836,0.004874910717529207,345.5935289530734,4,1,-0.0020232905781402293
990006,2022-04-15,8.079786017339226,8.199224645030474,7.896814913627444,8.034719064493443,68415253,503909402.7694565,-0.01052379586538038,247.82121476130536,4,1,-0.010264424775371143
990006,2022-04-18,7.987542504134921,8.74408799760139,7.873883371091715,8.627583361950586,37523130,312168885.05903167,0.06958746661506196,324.51947568275267,4,1,-0.006093608493936366
990006,2022-04-19,8.446605927491401,8.599421652330427,8.37517080653648,8.500978014036436,31396086,262409027.45453328,-0.01052668967188781,431.5303287484723,4,1,-0.01422842126731951
990006,2022-04-20,8.478356185454246,8.612583174719678,7.798701228512099,7.842468716477921,88693379,684032190.079977,-0.07400477247811285,322.5080032656248,4,1,-0.02810568141111682
990006,2022-04-21,7.8860518526202465,8.052537541283177,7.552960127823177,7.730560859253364,46894075,372878898.72301155,-0.02119105858203121,388.5638797252264,4,1,-0.011027361927560587
990006,2022-04-22,7.639920071261257,7.837706716031779,7.470718312411303,7.7113896986741475,39931947,319622453.55286914,-0.0005946392651627341,347.7625849103309,4,1,-0.00502278086861813
990006,2022-04-25,7.854235739162984,7.918545896102249,7.640115466677843,7.68209241876756,46737836,362863575.5263504,-0.0026427883277011567,411.37592659648385,4,1,-0.006838101351542283
990006,2022-04-26,7.7201649733043025,8.533746926392716,7.661379916862238,8.453780638132635,57206757,489054544.1258594,0.10112738648775749,356.79768229302556,4,1,0.001044952436613678
990006,2022-04-27,8.347604962993016,8.735781592728447,8.281891444454354,8.666024162407718,45534014,370605701.5249569,0.02615334129710294,296.94531373648545,4,1,0.006779095826004632
990006,2022-04-28,8.524164718331283,8.87618321191085,8.35175372126338,8.750317327929816,91976127,940732743.4461582,0.003923279850201766,349.0092457780629,4,1,0.01168668625974074
990006,2022-04-29,8.631891039977612,8.812141163533104,8.565296560743136,8.757959348615852,103053691,942181031.0859176,0.004648651677285035,449.20292660720366,4,1,-0.01287215576511584
990006,2022-05-02,8.88367545206242,9.03441538049683,8.550714572257133,8.650711998992321,62240681,614231944.2377098,-0.008698008417505872,375.100984121991,4,1,-0.030465764403232953
990006,2022-05-03,8.753545234119125,8.90835367087491,8.624453857654512,8.799196132346982,104479447,1013235011.5536163,0.012965247261681474,339.285121005436,4,1,0.022700736431216596
990006,2022-05-04,8.9298160945432,9.007156632038875,8.328435036644402,8.444279297225915,45421970,402638500.38684416,-0.042017085675506605,499.87758311183524,4,1,0.006154542829354905
990006,2022-05-05,8.424768467533159,8.699887378093967,8.25170016856104,8.51693127882729,67856351,568580380.8185538,0.010720567389783728,417.9153366836685,4,1,-0.018867947230588933
990006,2022-05-06,8.49618301968157,8.61307658501153,8.47015258560448,8.603610978338425,90177693,852186526.0623888,0.012318792855715412,395.175452351237,4,1,0.004142806432254447
990006,2022-05-09,8.525329618209152,8.910742028229771,8.32113959717362,8.715605600232433,87584360,740141300.175218,0.013198816050434619,364.21094936573667,4,1,0.018899088496715774
990006,2022-05-10,8.767435600641113,8.84989908131858,8.260067959722667,8.371692954311623,86178314,612615462.6857712,-0.039601359442369845,389.63258180995024,4,1,0.03124466924379049
990006,2022-05-11,8.382418009190555,8.382418009190555,8.307171920728413,8.336704819543854,67732126,615797213.5988718,-0.009022167005999249,391.7042967813609,4,1,0.0036368929263049226
990006,2022-05-12,8.29174330074929,8.668520080496613,8.103762333250964,8.464158861954909,155775760,1238623005.2577581,0.018524126034078024,241.99560006951856,4,1,0.01874366104914659
990006,2022-05-13,8.606324842720879,8.734983532499724,8.228898951300804,8.309721358875704,36370767,283075297.229984,-0.01507994866860473,368.858313498272,4,1,-0.023628179516472954
990006,2022-05-16,8.323161681723562,8.417532979968776,8.18688630565685,8.27515164165402,38881952,344360061.32342565,-0.008265552619325559,336.8340899923788,4,1,-0.001712875869785291
990006,2022-05-17,8.39566502529213,8.478938238476145,7.790546254844541,7.847318307623671,43391205,340667035.9807629,-0.051240038492473466,318.67839488433924,4,1,-0.007297853312671147
990006,2022-05-18,7.725500904930992,7.843497882859771,7.692215308341718,7.793589818592883,40095482,328049525.1119301,-0.005673893213625412,334.93285257651695,4,1,0.005353961331941093
990006,2022-05-19,8.007749370012942,8.224691253309052,7.705514333454559,7.871082898652031,13925354,107721667.88728671,0.011099930318778446,268.1356014114883,4,1,0.02904169933921797
990006,2022-05-20,7.854785552929824,7.930176132868706,7.781387622733539,7.849037074204318,108566426,945157738.2116354,-0.0027139453263874576,257.44336590251925,4,1,0.0036234326260548904
990006,2022-05-23,7.91966862608752,7.934604249409299,7.805221039792375,7.851255345817653,26268348,198059736.50671637,-0.0040103262294023685,423.916761436298,4,1,-0.018551053438668315
990006,2022-05-24,7.9025764178167694,7.98441823736406,7.568715099931258,7.680601469833366,51041392,467808352.42127204,-0.02009491977540754,372.9322354089113,4,1,-0.024633414323913645
990006,2022-05-25,7.637759126016465,8.00523349153082,7.600325822403751,7.995066521616356,18457559,165943014.51223236,0.040462036103598165,233.04886291147446,4,1,0.02968749121176252
990006,2022-05-26,8.043839116327398,8.10850732937163,7.942374031960127,8.008236521123692,67479054,516791085.6668123,0.002115576786895838,314.7122523269657,4,1,0.008551046187963682
990006,2022-05-27,8.086387802108407,8.237115160983297,7.889924311797445,8.034471565582821,27697171,229825615.59677237,0.0031097135308935696,399.31713935568183,4,1,0.007324071066401901
990006,2022-05-30,7.985152297837553,8.080614549677916,7.586227494640496,7.7061841334383665,21803651,161906101.60089087,-0.03933132313415904,330.33448959777724,4,1,-0.007460649538112837
990006,2022-05-31,7.686642057908777,7.833969099358846,7.589097667496039,7.752656966670655,55603273,400060108.2835124,0.005502074481638731,423.81308151572256,4,1,0.003959012945196329
990006,2022-06-01,7.749996094023686,7.855827422190477,7.546695031815088,7.63061357624788,28900791,212855865.81545,-0.018434190820632704,410.5087713102343,4,1,-0.019471006899571902
990006,2022-06-02,7.61421981654555,7.6731290801207646,7.432953708616814,7.521732352332774,32496961,256486201.82606807,-0.014759842563351664,277.0128329752973,4,1,0.006187264375728183
990006,2022-06-03,7.575965948225865,7.692319866150735,7.461116270767426,7.5523990446313345,48190721,359595245.84339106,0.009384915934906445,337.7979077008582,4,1,-0.022979665110305504
990006,2022-06-06,7.6367434758723345,7.667612985889799,7.383404142943616,7.448182830188548,77115654,511595686.2225282,-0.015799607009342118,321.3824226635325,4,1,-0.007751130763041149
990006,2022-06-07,7.424347426394123,7.513669428756914,7.291141000226205,7.3703356061258525,26312329,198917684.8775208,-0.012521557872949325,275.5430711621426,4,1,-0.013046595356063149
990006,2022-06-08,7.388006652823272,7.4671990461205775,7.260620493125654,7.354394113347094,23581205,171515502.0843108,-0.004236199946744787,272.62762575131495,4,1,-0.06186404067726684
990006,2022-06-09,7.181629002696086,7.434841898341246,7.124159704371567,7.411253204212473,47071847,326801625.649233,0.00793238047326689,303.1159369919266,4,1,-0.007517360819528451
990006,2022-06-10,7.330370611749376,7.684284490106504,7.209951580041367,7.5244305216769325,68845892,387540118.0334167,0.02051351643347972,311.40907539521106,4,1,-0.017826126165742417
990006,2022-06-13,7.546652825646475,7.699532665918102,7.443310760986733,7.562243373665031,119209651,850479575.6971792,0.000873510715485821,362.1863427848673,4,1,-0.004970898106967559
990006,2022-06-14,7.619744597157843,7.686397284766236,7.438829966858538,7.487722691323056,24439626,178098613.69789293,-0.007445745503789139,410.13753611620143,4,1,-0.0010103318841835965
990006,2022-06-15,7.512748127523194,7.776448128243542,7.4483366163791676,7.771408485139359,37964847,290284624.52418715,0.035844800817693444,376.08290147804826,4,1,0.031968310071370395
990006,2022-06-16,7.8536181100414835,7.956878639076357,7.61217890459684,7.691668499212245,95807670,756174886.9473277,-0.00975446494769169,390.9141123950702,4,1,0.004647023780672503
990006,2022-06-17,7.745376212795371,7.951216000701949,7.5721681647495975,7.7523209016530705,166952735,1350087661.512238,0.012032802960293382,331.05862758236054,4,1,0.005196048216547464
990006,2022-06-20,7.728158004728926,7.993902857420212,7.692471077738224,7.954744495971308,24325745,191649992.4213216,0.022392839282444135,381.613984787561,4,1,0.008211597279092138
990006,2022-06-21,7.9478889295698725,8.210704671420554,7.843467630473423,8.15223895905773,30579258,256388322.79059407,0.023895055189357525,337.51915648083883,4,1,0.015235901060880417
990006,2022-06-22,8.18295671302986,8.357242847500308,8.076769178517383,8.232442457683593,62879793,521521265.56392556,0.011910189654005152,321.73024453495873,4,1,0.007439802064878513
990006,2022-06-23,8.165755823511688,8.349034934053353,8.099410896690856,8.238378366866955,31106106,242986185.40771484,0.0011739102343499765,471.44267286516873,4,1,0.004217643175088724
990006,2022-06-24,8.386146839105772,8.465547231759132,8.022316292085067,8.105092791167921,27974999,241080306.61322793,-0.01356258445972423,236.21815533688275,4,1,0.012237896361264199
990006,2022-06-27,8.030681877442301,8.330158121080085,7.897182559350891,8.169387823820747,52877416,466321169.00901103,0.003392534534103273,254.56633629026547,4,1,-0.04635259708643513
990006,2022-06-28,8.187889944933747,8.300051952664555,7.997269944723747,8.105728147056276,114118207,1023121486.468895,-0.006850521753109746,368.12152016191567,4,1,0.03796425323995279
990006,2022-06-29,8.146607263552218,8.29551504351844,8.045692683300652,8.148141205873056,20046919,154545353.57639617,0.007510380815888094,331.14713985663957,4,1,0.028640922021392706
990006,2022-06-30,8.143650145575101,9.288400759973378,7.999473188420857,9.108611432604798,127032259,1132825248.073644,0.11654184535972086,273.3996905901032,4,1,0.003011856895799297
990006,2022-07-01,9.11170027445789,9.21980583921774,8.716826784728271,8.869586772470054,30831990,254213340.47779077,-0.027176800983403755,291.04218667529847,4,1,-0.02742614431913594
990006,2022-07-04,8.862354246521372,9.026130359404876,8.537617804872449,8.711201439896026,61762244,464264261.3716444,-0.016454750769229767,297.3051080268492,4,1,0.021557152891300127
990006,2022-07-05,8.783673307875052,8.985542326557104,8.578378431739127,8.751877040293534,123651240,1070689944.4746362,0.003541482763579331,400.08667922620384,4,1,-0.013998556037419077
990006,2022-07-06,8.704040973636525,9.039273061738113,8.484068232587921,8.777287133351388,63230614,514024069.39477456,0.006431130990715927,421.5625914778051,4,1,0.008925374881395285
990006,2022-07-07,8.688360402586351,8.908929420608226,8.327056110234627,8.513249616733072,37387041,332880950.5812797,-0.036077962179755965,452.02500894272714,4,1,-0.024996902389842625
990006,2022-07-08,8.612911501974395,8.880021269625784,8.523071082925547,8.805691974981908,72622267,690815245.2862027,0.03710999022985563,266.6850491473182,4,1,0.040528950516156015
990006,2022-07-11,8.846103629079645,9.066537077829484,8.702412659409633,8.895003225876305,39938581,347153157.50806993,0.012400558991178489,276.5414959355789,4,1,-0.027971559008585584
990006,2022-07-12,8.985560826721676,9.536363537739028,8.87963310039481,9.309182607652508,62437287,584601685.1918325,0.04942462370979431,273.46041721835843,4,1,0.0002456073130833441
990006,2022-07-13,9.407081681958951,9.618277557352828,8.668562636158303,8.909122733534744,43769459,372751459.94826865,-0.04963886508061724,426.8597696780315,4,1,-0.04066796146204182
990006,2022-07-14,9.084910790338334,9.13022952349455,8.849312056504631,8.917505680997598,81903844,676503218.7041377,0.001882861587619591,370.20413553204355,4,1,-0.0018122052737414736
990006,2022-07-15,9.023668789698357,9.13121125890191,8.86114917405424,9.012971498691806,20468294,170858457.75153464,0.011407393674663788,350.36644787081775,4,1,-0.008983421701605147
990006,2022-07-18,8.92335291941347,9.05355614966405,8.863124506891792,9.037664832055217,23086596,199461179.96099243,0.0014325104687637252,359.0277388074022,4,1,0.020190978574541073
990006,2022-07-19,9.08469400257793,9.217227380776672,8.668984403063105,8.84541561991406,19919963,176638403.2854004,-0.02126662766592566,342.6100726072158,4,1,-0.008985181097138157
990006,2022-07-20,8.779375089233483,9.121917381607606,8.687347502555902,9.038829829461088,42831934,448588404.60725635,0.023227576628879285,287.8929480729692,4,1,0.020217869770079437
990006,2022-07-21,8.977550728398075,9.266159278247626,8.868972204389966,9.109192618784602,16688447,155076629.8398441,0.008689251692870662,376.0538878284676,4,1,-0.020164870451567667
990006,2022-07-22,8.976689029144207,9.180986942787172,8.950527203726162,9.133879116356214,30592530,290434588.1929556,0.0030370749535066264,335.44229461315894,4,1,-0.006307284632960348
990006,2022-07-25,9.147228031591977,9.630227476022588,8.962422663055051,9.467968439271695,23564899,212573490.83311993,0.034840922423250646,284.1892284316888,4,1,-0.005932920445295417
990006,2022-07-26,9.485156317965417,9.628685151989643,9.377143432703242,9.521511047792215,118198997,957865979.5533035,0.003697383249280376,379.82775361763936,4,1,0.008211119657275688
990006,2022-07-27,9.47482328106671,9.61347156441312,9.392617097140034,9.503486654181218,25967822,214187457.1852002,0.0011017884457009222,322.55620608315365,4,1,0.005835784129402158
990006,2022-07-28,9.418853466565842,9.913517877455172,9.170422564524747,9.71084704387117,21735577,200116932.95250976,0.01860122107568527,358.9018993743153,4,1,0.012442881896394354
990006,2022-07-29,9.538920898997965,9.828965356112374,9.420131709956008,9.723880285992989,58497025,484935949.68160367,0.0035500960332315703,338.8122715941514,4,1,0.003939758735351396
990006,2022-08-01,9.906127834449986,10.060252474364141,8.935854864889299,9.071767227007633,126236283,1291998351.753593,-0.06707710406627385,400.02408262399314,4,1,0.011305564768765932
990006,2022-08-02,9.111889103793489,9.196016066796037,8.938761402296995,9.062249461484619,46624061,423802024.98301274,-0.005074390214848669,358.47280373477685,4,1,-0.017807407573329805
990006,2022-08-03,8.96265408725175,9.123083923018767,8.806088707531043,9.055811360331612,49805236,388950214.1568738,0.0007884084017158062,299.2904888313949,4,1,0.006217145372306124
990006,2022-08-04,9.073667632769457,9.473445857726668,8.849458275876444,9.266639031287045,102805107,876980195.3472546,0.023228033763845114,364.4884428590173,4,1,0.028985907279654236
990006,2022-08-05,9.426258809834058,10.473054344101385,9.342536873826347,10.339909865389666,74120086,786857353.0344367,0.12135581112177848,366.4404142021401,4,1,-0.03241131053915411
990006,2022-08-08,10.411136781704425,10.798459390503588,10.282231712475445,10.75490753029649,56675875,628643988.8373959,0.03394308408207966,375.9408561583932,4,1,0.008088252339733405
990006,2022-08-09,10.415448498442347,11.016549007405999,10.176098417784605,10.769865584396147,31631057,358266774.86396235,0.005946686222058969,409.5791881874339,4,1,0.011594326207224736
990006,2022-08-10,11.028319160419054,11.159678475803764,10.537491827080258,10.627916143678638,68314747,653281988.926285,-0.012893392778248155,312.68151219428324,4,1,0.026240759503894776
990006,2022-08-11,10.463841898658412,10.821697330607561,10.405838893778734,10.743186269494075,19896220,180003808.8758543,0.014768332963487492,385.68432033606143,4,1,0.012514242109271167
990006,2022-08-12,10.804167854037354,10.88498795115795,10.6723895204292,10.798443687682983,30577186,327317934.98282015,0.0001500965205758095,260.8259110566257,4,1,0.0008305984113262338
990006,2022-08-15,10.664056361825695,11.330827784869712,10.608315162496703,11.211330663244608,110456392,1241803841.378742,0.04116922863685548,339.08895424322634,4,1,0.006987823016748114
990006,2022-08-16,11.160473789353471,11.392022376037533,11.131825564247086,11.370419680148304,98487777,1186473530.339141,0.011166941844878526,330.62373179675296,4,1,-0.014767120140668237
990006,2022-08-17,11.420476176761486,11.7102178310391,11.274733695093886,11.532621390320736,64032833,761530672.3827413,0.01745707578032467,438.0900892911716,4,1,-0.00828663651848964
990006,2022-08-18,11.36435029658441,11.931792918844518,11.178021675888283,11.857040444485477,13856533,170469506.9775916,0.02206733442533174,337.0802959186195,4,1,-0.025982731963245853
990006,2022-08-19,11.840657154535663,11.990640026330913,11.121645105417745,11.35834309281691,24170190,241009206.2604598,-0.039674377156626986,381.9251578200565,4,1,0.02672330233385751
990006,2022-08-22,11.436168387816634,11.656716140944955,11.222020612275713,11.42667783832301,31423644,339650375.9727512,0.002554653062791558,259.25359060446215,4,1,0.0073628335973230236
990006,2022-08-23,11.271776426931604,11.473406651277159,10.744775974783183,10.91816354504977,43619241,454241278.4880042,-0.03817761563994981,326.48324640536583,4,1,-0.01814814399938934
990006,2022-08-24,10.799246916586906,11.094397621040844,10.679311753944575,11.039874820478019,21045029,244508565.0508173,0.005961908723668657,301.1233475308021,4,1,0.004024274878727234
990006,2022-08-25,10.9795800436026,11.207771700070802,10.629505516281885,10.751789797145616,37787744,435597178.29350173,-0.01954248093827512,518.141009145702,4,1,0.020604830494384177
990006,2022-08-26,10.792529846929028,10.917338068898536,10.481607485922435,10.707875339424028,135001545,1431065400.732667,-0.008087869880119296,310.09471337098216,4,1,0.01749490978321709
990006,2022-08-29,10.674383539595654,10.888370065211566,10.478703452912908,10.693789979582784,55852312,642000114.4557977,0.0003638888570198936,349.97042702927604,4,1,-0.018363360226362507
990006,2022-08-30,10.562810781391148,10.741060121598037,10.29101406759925,10.435766712769723,55929058,524494652.621947,-0.024487118977493623,353.03200938497423,4,1,-0.059557511483315714
990006,2022-08-31,10.49594392241876,10.51825953822867,10.457407729829555,10.493645523154472,24175355,250445188.2598164,0.005684178838521637,266.664675167531,4,1,0.006340145584968134
990006,2022-09-01,10.551184912023576,10.904646309712675,10.36249585939326,10.673362370323547,17494070,186307889.86337116,0.017937819078357228,317.31333300550307,4,1,-0.01760212215678065
990006,2022-09-02,10.574847035013365,10.865071819717173,10.349453304846868,10.593708161840855,21748342,247497279.93536583,-0.00677637254452918,369.45129009338774,4,1,0.01057759385240568
990006,2022-09-05,10.517242471176734,10.980414840666466,10.355366430006304,10.811650749908843,16042909,176086751.4299767,0.01890320578120306,350.68283798451984,4,1,0.016700940538164316
990006,2022-09-06,10.856676727878726,10.975547146586992,10.738120816711287,10.864570984336359,46025724,579067414.734211,0.0037726243895453296,237.38324873663547,4,1,0.019751247897221325
990006,2022-09-07,10.738119818412837,10.885225014369631,10.544531820855964,10.734476033888559,60218315,645257302.6541157,-0.014039672084729478,315.19589004896795,4,1,0.03153527938518063
990006,2022-09-08,10.67253607946124,10.798463021914403,10.591985161858123,10.67462113065092,25192048,275609307.6827833,-0.003849965454508431,408.57326875576905,4,1,0.022042745767008494
990006,2022-09-09,10.7901970878678,10.928296434288821,10.359656880297777,10.490685047205831,53477227,500684271.289577,-0.018939528639256863,380.69370537795953,4,1,0.031625060720791534
990007,2022-01-03,5.586125890180598,5.741836706150142,5.526228731153651,5.641265609588675,104472780,551439275.9284569,0.0163972484501183,7.339535748129574,4,1,0.01460305285844956
990007,2022-01-04,5.648160168192593,5.713912070530999,5.517102482038951,5.628455124736611,55432551,322330384.0146189,-0.005556708607390064,6.2043019411444265,4,1,-0.006177640973939231
990007,2022-01-05,5.651707471437959,5.668336624154043,5.4363237985329835,5.4363237985329835,69266541,383587926.2211905,-0.03071908524614178,6.627061384310612,4,1,-0.015054337503702851
990007,2022-01-06,5.523571301698953,5.547094785000601,5.3616748875466715,5.417735522982575,95054612,530317053.29818374,-0.0062238551071317,6.039803893499732,4,1,0.024110978767121344
990007,2022-01-07,5.443210235841955,5.82703574034896,5.355282387319217,5.744043389669736,97648073,475296372.5757779,0.05686136288345374,7.326846278841279,4,1,0.013634421195407292
990007,2022-01-10,5.777712769944155,5.857569469878482,5.657275205186778,5.753162304792709,100267643,587901612.1730545,0.0032583873893351116,5.951098520613102,4,1,0.0023737892520242164
990007,2022-01-11,5.659554829241904,5.909390924972734,5.545730999159985,5.755506333439735,98402080,543947042.3459421,0.005679769968315054,5.719786061436322,4,1,0.022936058230599733
990007,2022-01-12,5.621427423843638,5.9508006435996785,5.514139829929244,5.825616386862115,116371651,667109264.551867,0.006726660288059969,8.442654012000002,4,1,0.0013005037065608482
990007,2022-01-13,5.912909739396063,5.972874906314285,5.7280221853179345,5.8248427772241955,102110786,569948948.8833181,-0.002073197712196761,6.355186372235442,4,1,-0.009691991569177634
990007,2022-01-14,5.850714006866388,5.886889776898957,5.73427372587858,5.8123968452192045,37469957,228866817.67784223,-0.004071266279045598,5.617012304497664,4,1,-0.015646051815712343
990007,2022-01-17,5.75484676546187,5.832774095524455,5.735429332980311,5.78437111795231,117786057,625212846.8487233,-0.00020461394326591048,4.855932794373284,4,1,-0.001683764981045747
990007,2022-01-18,5.821061243184668,5.880535312276765,5.68141555438965,5.706013762868069,186553435,1097531343.768409,-0.009907306639945702,8.442654012000002,4,1,0.012053862136449692
990007,2022-01-19,5.840131363780107,5.89115582225809,5.686378593618631,5.735861788423229,64062867,387194817.53760153,0.001617100651871187,5.741008091696797,4,1,0.021707297473282466
990007,2022-01-20,5.817021660725124,5.8690602852816065,5.76898686526057,5.82629663358825,169102361,855486277.2120829,0.013414741061083719,8.442654012000002,4,1,0.00036721703124802444
990007,2022-01-21,5.881414365383773,5.8933709174113735,5.526059490468417,5.561800863051531,40083018,233914452.3473862,-0.041991272495485205,6.7743234750269625,4,1,0.01894836414587913
990007,2022-01-24,5.528968364413992,5.722689740533386,5.430331042406614,5.628687182647941,67303838,386638494.79011506,0.009541219295402997,6.481483257269308,4,1,-0.003346774202669967
990007,2022-01-25,5.577416810009562,5.738876358690861,5.441337127823475,5.617142137152548,49256572,285752290.39397526,0.0017129130862985602,6.511798070031642,4,1,-0.01220814405189934
990007,2022-01-26,5.51733027642884,5.7205928914579225,5.386944312878455,5.624567790299811,145201998,852885042.4696529,-0.0011033478460715628,8.442654012000002,4,1,-0.020403915765502375
990007,2022-01-27,5.666585719568021,5.709645707505389,5.552136303030717,5.590917276517155,171367276,1034466441.0248878,-0.00026468102387482384,4.798369998,4,1,-0.00790719812177368
990007,2022-01-28,5.6771943376927245,5.780174036169399,5.492839986519298,5.579277054892758,62101469,299936570.3025267,-0.005159916832746956,6.562104440763378,4,1,-0.019815752160493808
990007,2022-01-31,5.650182766766254,5.7308621169933724,5.442850785744765,5.523034668913196,131680851,786591807.6664252,-0.011950002559086704,6.037251961448057,4,1,0.03138749956112549
990007,2022-02-01,5.5742339641657175,5.654710054653237,5.499781229974062,5.593578587111217,188827267,930536330.9852312,0.013496797552322769,6.09247441914289,4,1,0.006861575804774981
990007,2022-02-02,5.5801586763032756,5.736313669467411,5.530803715706801,5.64359522232977,61005722,372522959.1842387,0.01083801100681564,6.488698867847374,4,1,-0.0014934529313494968
990007,2022-02-03,5.621774545772382,5.844589317730195,5.553821859906056,5.790313176193075,68896740,444067363.720497,0.024352037385307237,6.036143109540816,4,1,0.026896748802526974
990007,2022-02-04,5.745512037354662,5.981746679243991,5.6445028041733725,5.880402980967552,96890272,561542904.1298583,0.013875391526244582,6.532431430195864,4,1,-0.020340721515431905
990007,2022-02-07,5.871098001934389,5.9499520591491235,5.700302981823558,5.776080991090886,44619268,235674564.82992765,-0.016923469012271083,6.296988066514328,4,1,-0.002142097928012309
990007,2022-02-08,5.718374108641856,5.812801049698349,5.668141856195602,5.773889810362168,70216221,420130506.3822008,-0.0006735370300831466,5.013245154551225,4,1,0.031233837763266294
990007,2022-02-09,5.859087449346294,5.923977031427155,5.79093544765162,5.8525943061720564,231573644,1422408132.4704723,0.012272736880349851,6.753956229818254,4,1,-0.0022498358663030162
990007,2022-02-10,5.7813334805319805,5.987668087705803,5.707416732157817,5.903767663807891,46751755,263831537.6672043,0.010914258900269045,7.153167128294198,4,1,0.03821792579042747
990007,2022-02-11,5.89141197972472,5.982088340814935,5.792443808361446,5.925245252251553,110035227,552064751.7041259,0.0002301424908084817,5.7509851749776635,4,1,0.012270728454845885
990007,2022-02-14,5.818177433251862,5.891328939490921,5.75932637020168,5.833481650264623,96069185,553161238.7006081,-0.010853561915164574,8.442654012000002,4,1,0.02039786595302217
990007,2022-02-15,5.865944299615887,5.919305066704407,5.835218378854559,5.903604922356467,62587104,319617658.2926552,0.006138824431147771,7.947141095243609,4,1,0.020850344947007035
990007,2022-02-16,5.895692206328274,6.002734674985239,5.753478400164175,5.86942233759916,76865419,453755511.93818367,-0.004173229605907991,7.311093042282531,4,1,2.5029574127028915e-05
990007,2022-02-17,5.842853324870909,6.018246628218119,5.739049592311222,5.903423163830319,173064850,1148867256.4215815,0.008750072591617246,7.295982822205989,4,1,-0.0076256057294647305
990007,2022-02-18,5.867916788295776,6.049310840759061,5.859301705359596,6.049310840759061,92147964,588973323.1554984,0.024575653974486546,6.355974436904774,4,1,-0.0018031162066161263
990007,2022-02-21,6.059866716038788,6.171896907921686,5.903428190701247,6.006663495529513,103319661,594536879.8683335,-0.008034658162778967,7.690270829305229,4,1,-0.015415359151850038
990007,2022-02-22,5.974299139676399,6.131481584491116,5.89453165489184,6.077512858964244,163413996,1061892222.369841,0.011002959740227282,8.268406632674406,4,1,-0.0010303050434196611
990007,2022-02-23,6.075190716339815,6.120131831801967,5.771211061857437,5.862689589281826,59344528,347256320.3359923,-0.03630184325919615,7.266423019583948,4,1,-6.882013848339651e-05
990007,2022-02-24,5.994045625888995,6.077440977645602,5.7308070391073045,5.835077804406591,38676386,203958357.62430996,0.0001506257817034065,5.722470947276694,4,1,0.02638494938335638
990007,2022-02-25,5.857675983850349,6.0842789618729105,5.712951615879313,5.952788813150842,184467333,1200735234.6032147,0.01654836414455765,6.279382760483872,4,1,0.009266650076096323
990007,2022-02-28,5.988784269566705,6.08783096075339,5.7687408983441415,5.857463520101415,76229676,426243861.14118767,-0.010966067923351159,6.980880898524622,4,1,0.036902825744890615
990007,2022-03-01,5.854980807456627,6.06466815169972,5.797947105591835,5.960989692627307,113473183,679652588.3833649,0.013725856708825854,7.303358108110665,4,1,-0.033730926641556205
990007,2022-03-02,5.922315530040895,5.926559826830689,5.819615164605072,5.860517592110369,46187380,256012429.27316755,-0.020053074497010312,6.238230037328571,4,1,-0.019009573275241595
990007,2022-03-03,5.842676698353298,5.842676698353298,5.784354827403585,5.784354827403585,93792015,514719995.9087275,-0.007311387082528299,5.725975741548504,4,1,-0.005550304433689051
990007,2022-03-04,5.920389047616647,6.210355837483539,5.867743598806065,6.083785095235423,34011225,232942483.86249527,0.05214883054262008,8.287127827352599,4,1,0.023311967249715387
990007,2022-03-07,6.083327200605991,6.333711672887527,5.999455238614829,6.20891845888027,73233625,453859447.79745066,0.016855044417194927,5.234823878697869,4,1,-0.001711537406611501
990007,2022-03-08,6.241061020663954,6.2490558154105695,6.184189592786434,6.222058402613254,49723445,304156338.7955188,-0.00021543424580273702,5.358538309350852,4,1,-0.022926672055401116
990007,2022-03-09,6.1440227327109005,6.4393726160865645,6.118279174637745,6.369679919972677,38873610,252282559.2857994,0.02589855917962797,5.001017974682221,4,1,-0.0038287129134404524
990007,2022-03-10,6.201551009453985,6.461946944596679,6.140555802445822,6.378917960913404,55368558,337280833.8353881,0.005933888911035599,5.356422161050489,4,1,-0.018705845841471103
990007,2022-03-11,6.355067171706955,6.37955429489021,6.166360789985526,6.195438245272708,17451812,110621316.11701836,-0.029195144904496293,7.829514413341137,4,1,-0.021767690968908345
990007,2022-03-14,6.361920267910712,6.480265646352826,5.832887661496594,5.9401848008183835,34458437,198199841.1634553,-0.044614561484379325,7.873978251889426,4,1,0.031220624093734863
990007,2022-03-15,5.985207513269249,6.282771420947675,5.8948643890094505,6.1956403655111085,105069485,699781791.6559905,0.04567475742315153,6.24195688992199,4,1,-0.00549194290659083
990007,2022-03-16,6.320790945516785,6.373476219292319,6.133183527514549,6.19888713919632,82315837,524513553.0182806,-0.0021084753076086866,6.888811170602301,4,1,0.0027045553361652137
990007,2022-03-17,6.1808382764950425,6.384466794720695,6.012095667161135,6.23000975651345,37983797,222193817.2238041,0.004901511699003035,6.311311007448983,4,1,-0.00145192854853697
990007,2022-03-18,6.0931502988941775,6.236223654087704,6.054514450146633,6.203880972951375,84522818,588414990.1427002,-0.002826927470684343,5.1239160222916516,4,1,-0.0039282274780103035
990007,2022-03-21,6.143607798346672,6.256964697649076,6.0296255208989,6.162437637681969,38854457,245409443.0126374,-0.011241904972292117,8.442654012000002,4,1,-0.013130676813428183
990007,2022-03-22,6.144252641408119,6.354970717540482,6.133811713496897,6.323024891865194,106750936,572730009.7125951,0.028568465578746594,7.999862356254377,4,1,-0.004851946786858445
990007,2022-03-23,6.3257858398190585,6.372917633340068,6.1772781984073735,6.270157777622996,65310915,395079888.7225309,-0.009589930990389788,6.722678034235863,4,1,0.005267438252100739
990007,2022-03-24,6.231778041167432,6.338597257924672,6.154439371944466,6.253667141489633,53306274,355816611.53326094,-0.0020505986126380725,5.440555539868121,4,1,0.02215832670171291
990007,2022-03-25,6.217238465775127,6.312590756036959,6.088206626164037,6.193831138594836,66270531,427032340.5067559,-0.007446687407172003,6.079888309832388,4,1,0.014798439165501397
990007,2022-03-28,6.265122146306357,6.305244187574886,6.09472785043043,6.161174450995699,319652685,1920316499.309231,-0.005184139843710494,5.600427739821742,4,1,-0.019041174539602558
990007,2022-03-29,6.144220868928981,6.197140201022871,6.065960342228003,6.108776213615383,43664061,281614227.76959014,-0.00829987336229669,6.43081560702533,4,1,0.015440348969357623
990007,2022-03-30,6.137227114731526,6.205437028663678,5.830969543220614,5.9017993105926845,73596294,428081967.11097604,-0.035770443221569616,6.671305157851215,4,1,0.007426088083560451
990007,2022-03-31,5.91671472739849,6.00208096598175,5.886314053710462,5.969346385782186,111587883,658484488.619266,0.014142086962221087,5.957564358701893,4,1,-0.00975780872737135
990007,2022-04-01,5.9363175256985095,6.179473286202818,5.863456178660035,6.124515275687989,42248298,258753306.19008964,0.021136753793316674,4.8875289455567374,4,1,0.002844259489681539
990007,2022-04-04,6.048366921409917,6.164791603012853,5.965804030564872,6.097005620030633,25771015,148960046.73655206,0.00043522916108229174,8.442654012000002,4,1,0.008938820480979232
990007,2022-04-05,6.062815644725032,6.237976554854234,5.993081678307258,6.158983055360323,48056590,284195198.3871646,0.008225844137761385,6.588449592159871,4,1,0.0007349419412245149
990007,2022-04-06,6.267194197951312,6.342359084188129,6.104777055491767,6.189474997628698,111315399,577919640.067038,0.005842720277705874,6.841946555919188,4,1,0.007501144659287027
990007,2022-04-07,6.281437666088577,6.32255512965516,6.150973333652466,6.208593363622452,56058576,329947319.78561324,0.0035340470544540275,5.873248729150724,4,1,-0.013478834481254573
990007,2022-04-08,6.29133077767113,6.388473735689698,6.133856496584888,6.269517992943806,54245870,366046640.9801486,0.004538107857011768,4.798369998,4,1,0.031126973311986716
990007,2022-04-11,6.201505974661474,6.376379050186345,6.093064230204763,6.250230999020653,117795733,763251218.3607998,0.0021349994378614904,6.2319102223986595,4,1,-0.030134398151367855
990007,2022-04-12,6.163546665878829,6.59478350367792,6.023123950503358,6.452465943457677,40497319,282777990.58346957,0.03207886669048239,5.976274167451166,4,1,0.009025727812217464
990007,2022-04-13,6.514224034885386,6.622755783331806,6.268268599958832,6.369694276649128,60451338,392818595.35825384,-0.012117364622799234,7.145197142036938,4,1,0.005728649615954266
990007,2022-04-14,6.4382811181533235,6.576058718005109,6.063743968120026,6.195385764421521,25812200,170958317.81945997,-0.028736928291161413,7.388904373088492,4,1,0.010042432781462288
990007,2022-04-15,6.217159574729124,6.2541135005277235,6.118025020234607,6.158419410931041,86722994,492820956.5142199,-0.005683703110167146,7.213282909111696,4,1,-0.01106436696179028
990007,2022-04-18,6.141874047493375,6.6539234805250285,6.073279773066007,6.582536385485208,74394728,544852935.5721115,0.07104881218197813,7.492973198673347,4,1,0.01826223379057394
990007,2022-04-19,6.480107331361979,6.9190373663947256,6.366221735203098,6.790221758628903,109589185,844406786.8064718,0.030116131894196985,8.442654012000002,4,1,-0.001686600637778177
990007,2022-04-20,6.856372433227713,6.963642112466458,6.570965116928832,6.712672752645486,35997298,240406284.3141992,-0.01346269184741033,6.763832177773882,4,1,-0.018528044476859285
990007,2022-04-21,6.758061747050157,6.825490132574185,6.3387094696394275,6.426346896614699,61297786,371742477.5858095,-0.043451886613621364,7.635491779257453,4,1,-0.017100354159768842
990007,2022-04-22,6.379867718966459,6.613521404664086,6.323653763375044,6.58339022560813,32864307,212652673.22971925,0.02649231319516659,6.885908044486067,4,1,0.0019478266423825655
990007,2022-04-25,6.523817070725463,6.734592156385534,6.474564910220176,6.648886561875433,60046630,389094460.5838008,0.009878048285538767,4.798369998,4,1,-0.024936814417588198
990007,2022-04-26,6.714144515326885,6.794584568563272,6.68510127223854,6.719798401564111,161578323,1040689557.2946049,0.011514771924932428,6.1550632025241026,4,1,0.02812294285235408
990007,2022-04-27,6.692420365539421,6.837976632482514,6.4282044383984385,6.582353614244226,54283383,398808536.2184868,-0.020176321172712654,5.429145023894099,4,1,0.016383590779809238
990007,2022-04-28,6.71369918928888,6.8425235635082995,6.6050748145774385,6.716908113591677,29475753,186470447.89607504,0.02129458520652317,6.581516823792155,4,1,0.02853433363060144
990007,2022-04-29,6.725070193919548,6.853040300839392,6.680857363588346,6.761896820519817,45580371,323176760.9334156,0.007984522507350888,5.503540785466011,4,1,0.026887716483091455
990007,2022-05-02,6.786411673120732,6.896239063353971,6.702226667293916,6.861864553090746,26537566,178707542.30825317,0.01304787618558719,7.019294273742091,4,1,-0.005496591230464874
990007,2022-05-03,6.883348670498894,6.911646810355896,6.696289718842423,6.759066859086166,32749054,205804326.16653287,-0.018140167752263143,7.483749443418228,4,1,-0.013578462400461348
990007,2022-05-04,6.712113046478275,6.8154935876392475,6.667208886328366,6.736182377410159,105806562,774083008.1732992,-0.0007355522458709214,7.771727765701263,4,1,-0.04182538064556593
990007,2022-05-05,6.824912996486644,6.893208643949545,6.569132094060002,6.635431971657815,29886775,186075045.11564103,-0.015111161364240512,8.336089887007935,4,1,-0.006345160296106443
990007,2022-05-06,6.695012376381105,6.814868060421292,6.423645946083623,6.563642204676618,78151464,556469569.7388384,-0.010780615017054442,4.798369998,4,1,0.027578555594040988
990007,2022-05-09,6.656737532285118,6.688463545846378,6.493603858267423,6.54866928279493,61460523,440213117.76634616,-0.0054862517431705235,5.11746798801711,4,1,-0.012930585593814641
990007,2022-05-10,6.548138677589039,6.775393022130907,6.384138415266741,6.598910811480652,48016796,334178020.81460226,0.012059692401115839,8.442654012000002,4,1,-0.0032788539423654244
990007,2022-05-11,6.5860163481527625,6.728820876290849,6.559949690278397,6.701357707582531,72325382,467589967.65715575,0.013077874725385215,7.520089510286338,4,1,-0.008662091415411528
990007,2022-05-12,6.677720225556329,6.7091535182882085,6.507396935464995,6.538403814549184,38018457,284874601.3010072,-0.023642221396791733,6.573577040922129,4,1,0.005857224231299964
990007,2022-05-13,6.512260645936792,6.659839383067411,6.249051653714415,6.398319835751669,112002441,690042187.6522027,-0.021691702942054084,6.358115952497143,4,1,0.020087956613338044
990007,2022-05-16,6.490545033569517,6.6980097415001865,6.359262809632751,6.567648703307675,45524321,286380904.7877323,0.026102574984429704,6.260649347526053,4,1,-0.024041648643308534
990007,2022-05-17,6.616652769219063,6.887712909184519,6.561745144019137,6.7935772331132105,59368632,369131458.8462839,0.03478742046577282,4.798369998,4,1,-0.02105154176533438
990007,2022-05-18,6.783577156859394,7.093365506388853,6.690914991497373,7.008601379091695,51925047,338854307.73904383,0.030135202195436635,5.521790292691738,4,1,0.02322021186941202
990007,2022-05-19,6.938714778108458,7.028456432198413,6.624499822313694,6.713048337618687,111039421,621492070.3268948,-0.04059474634307412,6.201008959971019,4,1,0.011450113471850815
990007,2022-05-20,6.816825236913238,6.9241581325869435,6.621423948816422,6.7459963697547405,96520408,636814918.1944994,0.0013557736339786018,5.577266986046736,4,1,-0.0040513859831043985
990007,2022-05-23,6.712719976151603,6.810235000841195,6.708636734250102,6.768868860030125,15669313,100959846.59151533,0.006801544661851181,5.707510643531182,4,1,0.026663721975590124
990007,2022-05-24,6.755763080216576,6.780968224922576,6.6380545854357225,6.644488485931682,77343053,559893929.1466289,-0.014931969119855051,8.442654012000002,4,1,-0.02132102293287572
990007,2022-05-25,6.764184157476025,6.796168279878658,6.6113012516236624,6.66785880281214,23386988,175303790.23552456,-0.0011767867458144798,6.0515703201943065,4,1,0.014545057909797295
990007,2022-05-26,6.627962223832066,6.784875725048582,6.4958110890076854,6.648998000750154,54507444,407667422.09621507,-0.0023379650401094917,6.634796539723656,4,1,-0.0010658428539436929
990007,2022-05-27,6.623732053257231,6.761511643532348,6.363072902325947,6.532444016568661,63792149,430434557.5854418,-0.016823104210126227,6.594153929283707,4,1,0.009473891114221727
990007,2022-05-30,6.511580709155837,6.8692491298268274,6.445375984532979,6.794324649810954,53672680,340065316.4374661,0.040697197091466644,6.999805376950503,4,1,-0.037286042393939255
990007,2022-05-31,6.702308838289192,6.791219718963634,6.649418551363775,6.727319695400264,86312482,594120588.6424829,-0.0061727915811534105,5.816907162963819,4,1,-0.004072047390649478
990007,2022-06-01,6.778133876450924,6.891882181084302,6.5620317136577135,6.625036587822471,105328514,827294508.9992524,-0.015535879520678034,7.829032826244315,4,1,0.011508371607450241
990007,2022-06-02,6.612941944075298,6.675769976088612,6.496717758502692,6.601087830410064,41219017,301190916.44454247,-0.010754102956353657,6.826634667080478,4,1,-0.0009891842232813291
990007,2022-06-03,6.545503966615792,6.628507802878385,6.105965323074791,6.193390141167082,39237705,259058424.61755824,-0.05756707385081032,5.0370992058476745,4,1,0.019607081482545183
990007,2022-06-06,6.174495144070873,6.25087567794315,6.136069458137482,6.240152492253366,62824772,456476309.566329,0.004430719817682933,6.20570222900368,4,1,0.019083942352052304
990007,2022-06-07,6.205593462917793,6.737275324602044,6.015894352677379,6.507300462345302,27442080,194937950.71001834,0.04818560072628157,6.13616873507535,4,1,-0.014972252411448953
990007,2022-06-08,6.4928415752701465,6.561006899424952,6.282349557848218,6.38506111984635,48987735,297719839.7751086,-0.01987869891073005,6.0870804420279505,4,1,0.012870325595870407
990007,2022-06-09,6.4318330811921465,6.461128442735632,6.234872508254347,6.301252377535502,146805930,891583452.9448555,-0.016526839417083602,6.9041885015596485,4,1,-0.015504861098834831
990007,2022-06-10,6.302560144749897,6.327892716520214,6.092221201254195,6.129401293270681,29228619,175598218.2067477,-0.025752540242964413,7.054307706184375,4,1,0.0008436923724272026
990007,2022-06-13,6.119455469191774,6.2604719808065665,5.961795856825386,6.112293141049176,57400716,323075065.3085574,-0.004066553357509251,6.9129151296076685,4,1,0.010248373195524813
990007,2022-06-14,6.257535434825804,6.643141382491605,6.15493043673775,6.5203488905771305,46614887,331395267.4856504,0.06793608703609635,6.704738987135219,4,1,-0.013046673744719246
990007,2022-06-15,6.526246732767591,6.653222719342402,6.4147980266738465,6.573461213113705,203204147,1496194286.336201,0.008537028367066952,6.417513883161158,4,1,0.012291367176317871
990007,2022-06-16,6.634486975407834,6.711269502367287,6.483721160170169,6.58275576486739,48321708,287716609.5859971,0.002361319007276496,4.798369998,4,1,-0.007893387136634981
990007,2022-06-17,6.628865295140829,6.703040202288611,6.446626012100419,6.485763119311663,53143682,357480532.0688179,-0.013719156509253311,7.229145509973398,4,1,-0.009070185563447773
990007,2022-06-20,6.505744007598126,6.713000880334214,6.398769250997597,6.627804610227055,39047969,254924492.19776118,0.01660820638773724,6.879397196008703,4,1,0.011037511349254979
990007,2022-06-21,6.628355866885656,6.756362234117081,6.471211852077142,6.574566000128261,69535704,451237152.057284,-0.00835816680479163,5.317250696964082,4,1,-0.013057451370627356
990007,2022-06-22,6.5795945651897085,6.740961225887692,6.445013865737347,6.617066163250375,84261793,529352560.2919752,0.011720966363800754,6.63761690024846,4,1,-0.013851896885482638
990007,2022-06-23,6.6258373501345105,6.735210819347167,6.464276531131327,6.554101718875222,44179341,259801848.4619483,-0.009385667681891372,7.070287124324448,4,1,0.016262301865927482
990007,2022-06-24,6.520033216783784,6.651839858893422,6.4030895962993215,6.521657219474529,117655841,790860568.6369559,-0.006456430463728839,7.729301441490529,4,1,0.0016956047954710212
990007,2022-06-27,6.470426983296526,6.671408098617297,6.470426983296526,6.659742040724243,85439388,481251432.3334141,0.019768668655325592,6.90537972203129,4,1,-0.022712570712329586
990007,2022-06-28,6.658262148285469,6.722861668981218,6.574047890315749,6.61533497691969,109922581,715101654.8599432,-0.0056300664496350935,6.684755488255642,4,1,0.01336466182717945
990007,2022-06-29,6.516618121532023,6.904377159656951,6.406925752468494,6.8337218035988485,59052184,391633352.7572242,0.03160595327540567,7.440268630286621,4,1,-0.006350894317061194
990007,2022-06-30,6.928422380712411,6.956491560249405,6.656529956384397,6.708899930293451,81025373,580842201.6080071,-0.017187980219064675,5.9937527457610775,4,1,-0.021914319825885396
990007,2022-07-01,6.855929965490546,6.915528795925266,6.435890366761983,6.500895757326752,54125275,363355562.8630342,-0.03087747537282434,6.7896721395556305,4,1,-0.0391629227673729
990007,2022-07-04,6.5206312617452555,6.72923181003184,6.38726794967966,6.634606394815001,150598016,1044703819.5459032,0.015433413534880397,5.671410518294736,4,1,0.014110849328512963
990007,2022-07-05,6.645133841120438,6.6960188503747355,6.532658573228454,6.590629637692197,68261654,456652269.94241726,-0.0007846396317355058,7.649857050491166,4,1,-0.013431461407712626
990007,2022-07-06,6.673765152687036,6.678815044520509,6.508767145070618,6.515775280262883,62221196,446598453.374247,-0.015624816768641235,4.798369998,4,1,-0.019428191709503325
990007,2022-07-07,6.413470694807139,6.504853169603799,6.345249180471537,6.456007579908263,54395179,307677502.4754215,-0.008791247418701359,7.277234084555646,4,1,0.00998713107534293
990007,2022-07-08,6.486148947477263,6.601833786647328,6.314913671718589,6.405358519232857,55601614,296157608.2395846,-0.005976397996374234,6.342318267266623,4,1,0.012586034827040469
990007,2022-07-11,6.37042127749164,6.432409906257547,6.175614192732871,6.234558386574249,77000540,457778892.001207,-0.02191605403262041,7.463868920758921,4,1,-0.012294128901516741
990007,2022-07-12,6.411537026215701,6.5097174439227015,6.238452096935718,6.317439530850604,113974588,746276349.1936105,0.00932765821764089,5.513758506372106,4,1,0.014254960189447455
990007,2022-07-13,6.31686433392676,6.411136229340426,6.180404506379437,6.258444973451313,49088879,266593126.94893527,-0.008255939323354913,6.422350793483746,4,1,0.03209633109781859
990007,2022-07-14,6.338208354390429,6.3990295891796185,6.12001083262204,6.212971027761386,73899062,414157037.6615047,-0.008327770222039675,6.389741851182283,4,1,0.021034161818488342
990007,2022-07-15,6.205797599242451,6.21911584228182,6.033963816251897,6.074035922201099,75524922,487578234.62084895,-0.02023991649823983,6.815280241885617,4,1,0.018603676372167977
990007,2022-07-18,6.22511506437252,6.265498647808304,6.089561681391877,6.166590883097804,82629695,490522263.57010585,0.011549489860679184,5.2580209697506275,4,1,0.004906529293006268
990007,2022-07-19,6.1349219371676,6.2426041411231745,6.077908391744759,6.202433388352457,25930880,167955727.26163158,0.0053531611570314585,7.056107922972414,4,1,-0.0069306416370695945
990007,2022-07-20,6.254911250406307,6.3279374429539565,6.163552125036968,6.242621405906403,41495107,235338855.44960153,0.006107788412178234,4.798369998,4,1,-0.0008729103298252759
990007,2022-07-21,6.2591083152405975,6.3611465817033555,5.951027746480621,6.037856426584763,31495173,181493353.73702875,-0.0297962460388913,5.624811907454713,4,1,0.006884148704001866
990007,2022-07-22,6.065391092214192,6.170316697582324,5.86484391155209,5.940155914072551,70750502,421223424.33211243,-0.01484591942585342,4.798369998,4,1,-0.01964166588426922
990007,2022-07-25,5.951186686875279,6.062633010679236,5.810692666338476,5.898518316922637,40204655,271084984.43689775,-0.009809973462388046,7.291502528825687,4,1,-0.012017334914868156
990007,2022-07-26,5.859821086250093,5.889433483942117,5.758767254208622,5.826574162262733,46909376,340421346.67457914,-0.014961804220042438,6.775812119937828,4,1,-0.02230069549770182
990007,2022-07-27,5.667898133093633,5.9462847432087695,5.537829550653068,5.827114418752152,35530438,205374846.548634,0.003465936868805312,6.841295677886275,4,1,0.003673489563024884
990007,2022-07-28,5.880540461922261,5.990198028124951,5.807735947822143,5.895319756916583,50337734,299656270.709164,0.01093074378862942,8.133753233560453,4,1,0.0012972579567482618
990007,2022-07-29,5.866300113796315,5.996280031525883,5.767833583918891,5.914410696324701,36513104,200357906.68907458,0.004617861396143576,5.983896775829887,4,1,-0.010194961120381704
990007,2022-08-01,5.978865884819417,6.083970445121847,5.836157855563518,5.923803664401207,109451598,677382879.526173,0.0021266381778361526,7.023992700261784,4,1,0.012815759833899104
990007,2022-08-02,5.938530950663053,6.015831456447151,5.90315570290649,5.956630344235562,84613751,540774287.5982542,0.0032081908181131715,6.395721377669525,4,1,-0.01631610039883516
990007,2022-08-03,6.044949073484155,6.044949073484155,5.858159251775624,5.858159251775624,71893704,466340654.773154,-0.015027608661168083,6.228728133199331,4,1,-0.010774850599763889
990007,2022-08-04,5.894549179458156,5.950717675109599,5.8052501625905135,5.87908195162414,63098099,330725157.8096186,0.002549553883429854,7.908377833046831,4,1,0.012191407266514746
990007,2022-08-05,5.714896622877838,5.977747966650251,5.632171387308561,5.868638793481582,20769381,120315530.55615433,-0.001983712613293405,8.442654012000002,4,1,0.014507606942194521
990007,2022-08-08,5.901270596225882,6.01259886676185,5.82977906583859,5.966081132714347,48926451,311760178.14535034,0.01692897512860855,5.8639171320740315,4,1,-0.012428818749114228
990007,2022-08-09,5.944638480806341,6.007221892846204,5.848283520328212,5.915354157494333,45454111,256301028.5482082,-0.008919197366585143,7.298346079676106,4,1,0.0036243816863240227
990007,2022-08-10,5.985576316849666,6.033715888576676,5.928194501956875,5.945173680554994,75408381,473714049.26755077,0.007881830593704507,6.681891651397577,4,1,-0.012164553590403932
990007,2022-08-11,6.014518807280783,6.014518807280783,5.87739221099055,5.87739221099055,87997275,594447287.2554456,-0.011280214830412041,6.695726325204621,4,1,-0.003082338229553688
990007,2022-08-12,5.914452958897352,6.148709229556404,5.801228091473746,6.016446360950428,84169146,475633285.9817407,0.02187495669442114,6.599442946283227,4,1,0.0022466633562760988
990007,2022-08-15,5.993636616430707,6.096309399483577,5.944069882422763,6.022974711343997,134876551,840206068.7112556,0.0010369095421549194,5.965968082183479,4,1,0.008752621057976825
990007,2022-08-16,5.987433670843337,6.039133763145741,5.90961203352832,5.988979050570659,49667910,281168215.80584204,-0.004641446772805943,4.798369998,4,1,0.004960102366137042
990007,2022-08-17,5.980501136393992,6.17265689290758,5.9234516733842035,6.110020484961405,45782593,258099215.5002732,0.0186539454333872,8.218567782687964,4,1,0.004266650021201777
990007,2022-08-18,6.00675249159196,6.203794266117746,5.889395744173926,6.110691563014957,128441342,759541218.1822115,-0.0012223286753963304,5.5981440210795785,4,1,-0.01684556862334313
990007,2022-08-19,6.056449878163401,6.524183896525656,5.958235252846875,6.443237589440671,75524170,490267533.5865285,0.053832766695234555,6.062257198913354,4,1,0.00606467395196971
990007,2022-08-22,6.348117709360286,6.378047341811602,6.2971184233822886,6.349682439345163,51269137,402334893.9298573,-0.014961623251591907,6.084819197102248,4,1,0.008607346780362173
990007,2022-08-23,6.25078822763524,6.536266903132281,6.134039079136002,6.403920568692278,202048409,1364252595.8354204,0.014057083191565404,5.510575011383176,4,1,0.010760789798438029
990007,2022-08-24,6.430720416160963,6.502514684015227,6.109046241437245,6.15466674794033,93628004,615484651.5843043,-0.039214535750430886,6.591538790147494,4,1,-0.011238521323704566
990007,2022-08-25,6.194706025589715,6.259053354068579,6.14233572548314,6.1751514504128036,65163781,412417073.5865219,0.0015747845658351184,6.274327896259983,4,1,0.01430095884623957
990007,2022-08-26,6.178084365679307,6.599424155118385,6.141996614656714,6.510438267001805,46562284,288004826.88329035,0.053516218108758944,5.576599983014171,4,1,-0.020574505767568772
990007,2022-08-29,6.4982790510342054,6.542406253629339,6.4386809941943275,6.486267856739135,152198929,902781726.8088737,-0.0030772170745738533,6.488687819601482,4,1,-0.006729149715333295
990007,2022-08-30,6.413817680884771,6.446089268306142,6.2760150843367635,6.300540485866392,73905809,500312732.13322896,-0.02802281146670905,6.286630894214121,4,1,-0.0043034610700251556
990007,2022-08-31,6.277447576759937,6.400883222635819,5.915264947006718,6.005653132624361,66211572,439949815.91258353,-0.047276996278447246,7.416331751852844,4,1,-0.01971815603367003
990007,2022-09-01,5.952418592653308,6.237362501498763,5.9018038927218095,6.187736096335415,100461765,695832695.1452103,0.028696932339046737,4.989098323865122,4,1,-0.004540750899071425
990007,2022-09-02,6.172800584723187,6.331087477074673,6.088325154420462,6.205297418493493,111167518,716547822.9073485,0.006483943490992005,5.489528582610227,4,1,0.0034594137171914383
990007,2022-09-05,6.126982663893077,6.33169052298175,6.061159598912653,6.274437349922492,99735903,507321169.91087747,0.003748922906157549,7.164479121560261,4,1,-0.028517587391154998
990007,2022-09-06,6.301023334668331,6.445191314141137,6.171941621889635,6.343305631025792,112594430,763748127.864768,0.015671519720713605,5.652793536877585,4,1,-0.006164821979682385
990007,2022-09-07,6.312892642695859,6.312892642695859,6.272607816795012,6.272607816795012,82885667,548010167.3008237,-0.013177743801728556,5.394817836521874,4,1,-0.02730908975211216
990007,2022-09-08,6.28376850893802,6.314474149366477,6.26337733078061,6.292881198160878,89874975,674730087.4876107,0.006508096700544844,5.702326115477609,4,1,0.031887746605784
990007,2022-09-09,6.359607335244672,6.434692166321835,6.107438973213804,6.2031444265020035,46611820,293871784.09094167,-0.01653322089744844,6.212758568227633,4,1,0.0033189994398331313
990008,2022-01-03,5.7926216974931375,5.879514596186569,5.665361673018097,5.735826589861774,32473321,177759380.44109786,-0.009979608668408654,5.790198613363918,32,1,-0.01881614372169695
990008,2022-01-04,5.712519087800844,5.80794126700749,5.632432137320294,5.724160566818758,26499830,148436101.05249095,-0.006290047069048931,3.9023908369262754,32,1,0.010705665570918359
990008,2022-01-05,5.7683630840527576,5.89729688426912,5.514389995939537,5.686012974339491,27978981,176154391.296429,-0.008065466663917326,5.995768832381648,32,1,-0.00549207888540796
990008,2022-01-06,5.684342483681262,5.771293408076538,5.671042210418283,5.734706597455595,37233094,213640116.76084292,0.008587013185168042,6.597166753878603,32,1,0.009289786790142092
990008,2022-01-07,5.808560777569374,5.864106978595053,5.302847253478927,5.3868153551794515,32184946,154652808.665858,-0.06559151942078291,5.412646995799638,32,1,0.006476959725998309
990008,2022-01-10,5.4576778785661295,5.519057329444888,4.961084911481495,4.998324714133078,21930062,96647629.96255963,-0.0668394750635169,7.125462436000002,32,1,-0.007621604120322828
990008,2022-01-11,5.0155625358138565,5.126113198305017,4.872750237284376,4.969252112353211,37120441,177883949.24219698,-0.008451445228300372,4.1248079611007995,32,1,0.018270690455402396
990008,2022-01-12,4.977167250424262,5.084379806240449,4.952415487032078,5.084379806240449,42198945,221193074.92230085,0.02149315858788431,5.923765574341599,32,1,-0.010123298102383646
990008,2022-01-13,5.1000076787625455,5.177926766441187,4.973395373961081,5.06425778659436,16981970,83665526.39963624,-0.0016876053849294572,4.361294450767078,32,1,0.0202789407744534
990008,2022-01-14,5.089738817208636,5.1550549241221075,4.848651662652027,4.93927401308526,20967180,110953158.1110911,-0.022053544322201142,6.322998959362651,32,1,0.022507726929795656
990008,2022-01-17,4.951244708781655,5.024416658342101,4.843360402253319,4.933568518463883,8135069,35808690.64561251,6.794608501255758e-05,5.849446047768652,32,1,0.017888312990464596
990008,2022-01-18,4.959139836599925,5.025025984389029,4.6753946427938295,4.7652711179348595,33914069,144858925.13023046,-0.03802819874798038,7.125462436000002,32,1,-0.00307579210518468
990008,2022-01-19,4.714463543761039,5.020425058014776,4.612148985250854,4.929804204733618,50621477,214175607.2513601,0.032672311132449325,5.734172524403656,32,1,0.043388546082414985
990008,2022-01-20,4.949369959682404,5.022945175647505,4.806038517914442,4.870556034469137,19584296,104563285.95888485,-0.009849024097805633,4.880476223340161,32,1,0.0025866138965963655
990008,2022-01-21,4.863153291604521,4.922939688392197,4.754971212815657,4.84855862938238,21541539,110141040.99792421,-0.0058817972139595925,4.804178677839352,32,1,0.004106307479302742
990008,2022-01-24,4.903319441270129,5.126848089010666,4.867198065219113,5.114742840191956,18366365,93689374.89470062,0.05204827926295599,5.017741757178741,32,1,-0.0003758068125288846
990008,2022-01-25,5.13994216474643,5.186135695703924,5.099698256636689,5.155417506629164,17784193,83694403.7847486,0.011483574277291176,4.787092725429796,32,1,-0.019245151828326833
990008,2022-01-26,5.115193379640769,5.220448468176057,4.951831618148921,5.047257658166903,24730554,123297990.73354349,-0.01717677503080509,6.646935637529155,32,1,0.02206109102052031
990008,2022-01-27,5.115016771180433,5.155967886062087,4.965831973789143,4.994767076962602,13473063,70520611.60940142,-0.012679021684019518,6.565393738069474,32,1,-0.00975067957374709
990008,2022-01-28,4.866450726040135,5.119797635360789,4.783944580035039,5.049025835938151,19781952,94868957.81831987,0.008203440515152241,3.9915852014808886,32,1,0.015665231867389617
990008,2022-01-31,5.137152341423027,5.210477425327613,4.946554390480934,5.020834577803189,12603455,71609003.69936615,-0.002361990900018063,5.2839117278458385,32,1,0.019752556015596622
990008,2022-02-01,4.9461235588600045,5.102385340669284,4.864371872196627,5.015318027738395,29942257,149851297.0896089,-0.004593323392359469,5.30669885766837,32,1,0.01027735537011135
990008,2022-02-02,5.028203034325726,5.16352197030334,5.018970738476441,5.151288831085571,26845206,142552983.2539194,0.03034209261954032,4.556922008808866,32,1,-0.011787439303296041
990008,2022-02-03,5.157662725875424,5.275835459264936,5.1010487487124925,5.192581344736898,17450222,78765512.73618425,0.007207496374311006,5.6723768816242375,32,1,-0.005810141251292805
990008,2022-02-04,5.259025132138115,5.296113479683911,5.09571658844885,5.152464238015853,22415570,110059758.88893402,-0.0063653048729418755,6.778521467392085,32,1,-0.045602997256078054
990008,2022-02-07,5.144551767341817,5.184866589765357,5.032257621572992,5.064670105165446,20055329,101896796.52503346,-0.018042096569374905,6.142122487241376,32,1,-0.001983983217226168
990008,2022-02-08,4.97057017456226,5.085561165432367,4.891054231856055,5.033873945250554,45083258,253467058.5791434,-0.006185719604627255,6.646889088588172,32,1,0.013673869556372486
990008,2022-02-09,5.004067662731185,5.147372974248671,4.917606744878686,5.049025389110088,18035839,84188355.44978276,0.0066746277878355536,4.60953862474236,32,1,-0.004045810704916536
990008,2022-02-10,5.065677105388288,5.1430255091354375,4.912875700305267,5.01172354418351,33049086,161273254.76773566,-0.009706632204571805,5.282165950661074,32,1,-0.010051798354811153
990008,2022-02-11,4.922558776327329,5.120697467916485,4.859644117751013,5.038551854700685,15322815,74048425.80280145,0.006948750922386284,4.569980203558447,32,1,-0.0050720081337825495
990008,2022-02-14,5.0514597242802095,5.072697810165342,4.9791211633694505,4.994430467586763,33195978,167928766.39964494,-0.010395825163692286,5.47632462719293,32,1,0.020703307365531613
990008,2022-02-15,4.940999097592894,5.177694702540577,4.89195904083539,5.148222330055579,42984609,208119765.24915096,0.031593955789808614,5.5643683481594675,32,1,-0.00092609929419432
990008,2022-02-16,5.178628720597344,5.267557168508816,5.05816250953936,5.151585338069535,42398351,209650944.5277375,-0.0029557905410563675,6.21537634629538,32,1,0.03164891119132139
990008,2022-02-17,5.1147259690527465,5.290303219351105,5.112475867010802,5.290303219351105,52524624,278167816.0216676,0.026903489337090112,6.6084725059972,32,1,-0.009722233026101585
990008,2022-02-18,5.374945255349552,5.4656373619464125,5.258492403615227,5.31868320987478,28101604,146386476.3478423,0.006294667990292178,5.928097373972028,32,1,0.0037004626811750715
990008,2022-02-21,5.285810736022376,5.460273656125115,5.137968322076999,5.30239880474205,49658702,244016652.72945037,0.0005922210423643329,4.491564415846508,32,1,-0.007382840640761361
990008,2022-02-22,5.355793547390842,5.423748915283752,5.268102419173971,5.353014277289686,54259015,276738282.61005324,0.00718394841009678,4.100878320231407,32,1,0.0353381046520313
990008,2022-02-23,5.326607233227293,5.418324468972279,5.245311943569698,5.318591124211432,11515988,57317381.79178373,-0.003941854779611181,5.754720922248832,32,1,0.003061213153993147
990008,2022-02-24,5.247954252215178,5.40874488437314,5.223001553657628,5.381034784303095,15757307,76204978.85456164,0.009311950850030584,6.824945863761987,32,1,0.0362509856633262
990008,2022-02-25,5.376282377671289,5.389001872547287,5.272044692274112,5.304794303304008,8513911,46779999.13168924,-0.015733251204356473,5.224666521944208,32,1,-0.007156716671595508
990008,2022-02-28,5.341666217202587,5.443001702240206,5.232769583208726,5.328545854045889,40860187,232849464.28254265,0.0037862928876934493,3.968557802348811,32,1,0.026021743224068878
990008,2022-03-01,5.35477222041403,5.411872782600358,5.306617566788818,5.3751576360595985,8066782,41740715.501279116,0.009794175220571619,7.125462436000002,32,1,0.002010143566637915
990008,2022-03-02,5.364465178570863,5.439496841924926,5.108539882599811,5.222942246467235,7290362,36610318.27947801,-0.029841236944331197,5.723772185876273,32,1,0.014252116939247855
990008,2022-03-03,5.129356222959319,5.23453493655757,5.070798294717835,5.165064519703917,11188159,56419819.273160174,-0.009107170790273499,5.410324406634971,32,1,-0.0207773229541188
990008,2022-03-04,5.196561779350455,5.4193756332412715,5.034992221685394,5.243206865367606,7910738,37683427.72773894,0.016131044546100485,4.243781923101682,32,1,0.00593510206561534
990008,2022-03-07,5.264569282296299,5.313575540198087,5.215351591990405,5.27420072060674,26586545,146515662.7918892,0.003687593971944318,5.263073788564596,32,1,-0.018212069104323582
990008,2022-03-08,5.323237940182259,5.391543749041544,5.087580875615714,5.182593529473024,10775021,60013147.840431094,-0.017433298464938525,5.925922637380052,32,1,0.004379541583652318
990008,2022-03-09,5.1807008867045585,5.247968783733918,5.128633053472645,5.203386929422187,7929501,40004650.546921335,0.006887951451721495,5.737519023708082,32,1,-0.025865209933896082
990008,2022-03-10,5.108882539786219,5.36128415916737,5.0392928514725295,5.266872655273669,21346504,106002618.2829057,0.010373884996541417,4.642095744995854,32,1,-0.0016026692532400803
990008,2022-03-11,5.269481746717649,5.356524266075501,5.18653052855756,5.250180071997034,21372840,103587772.95555152,-0.0018262398439151495,5.194605664741746,32,1,0.018663343644594915
990008,2022-03-14,5.258771053738968,5.276219733904076,5.224360437238946,5.2368320596215545,6458417,38287448.86241125,0.0008912483437186009,4.696418513531609,32,1,0.009327376718496181
990008,2022-03-15,5.342540945510365,5.848356123158241,5.249378390007271,5.799680279871194,14743136,92659159.18303247,0.10205976131683056,7.019394250302966,32,1,-0.021019880245361257
990008,2022-03-16,5.818931013027407,5.904154053736496,5.56658802692931,5.677513721265861,21662264,132945938.39526516,-0.017659365571816594,6.145406827287029,32,1,-0.03233830610881731
990008,2022-03-17,5.6980598176715445,5.953128510302966,5.568723969438761,5.83645816077547,18305644,98174078.09044439,0.02466126723025703,4.7752897101775424,32,1,0.008465266137255643
990008,2022-03-18,5.8733163311458,5.8733163311458,5.833396300871628,5.8433538184684854,17452685,103457883.88734815,0.004924437490085023,4.2433898277947595,32,1,0.02693513350363161
990008,2022-03-21,5.845707763977773,5.910231477750185,5.788720812843463,5.8496563395187655,46250803,287955293.6619325,-0.0005568123897639001,5.5137212535651905,32,1,-0.016420462290770495
990008,2022-03-22,5.83734634581043,5.955175497445668,5.549973605578066,5.691071894477679,77468515,460023344.0814778,-0.027667153760396666,4.802657737768059,32,1,0.03572849854337015
990008,2022-03-23,5.7004637101836115,5.7689334600626685,5.649666016917095,5.716958290541832,17391177,108020447.46156242,0.0012709512738842575,4.867875552000507,32,1,-0.00011061074940291346
990008,2022-03-24,5.636266823502205,5.7755788747508365,5.569077643149191,5.68690263767853,9847656,58691722.98455324,-0.0018013584679352165,4.2696109256079895,32,1,-0.03336561599786721
990008,2022-03-25,5.67983987359565,5.782720431517958,5.53808020333254,5.640487250511619,19453932,109408153.21223608,-0.007085416991032783,4.368386205829385,32,1,-0.026589016456810836
990008,2022-03-28,5.765734332348845,5.781095514002409,5.625957949555862,5.64657040603257,22968744,156904932.81984985,-0.001801157753782378,5.402183951567598,32,1,0.01311579745077261
990008,2022-03-29,5.700150893163525,5.7552693715712095,5.6190916518918765,5.645593002586448,20334575,140409345.20167476,0.0009898439159705037,5.002685092428941,32,1,0.002207143395213995
990008,2022-03-30,5.665010299454678,5.722158352124999,5.6107708904759415,5.6728064113532835,31722566,176730663.77845848,0.0027987072048302965,7.125462436000002,32,1,0.02524908298230378
990008,2022-03-31,5.7697644311648375,5.972570382103828,5.629016028458107,5.828056606853573,90756273,469737646.7565011,0.031078488787382112,5.830355121568695,32,1,-0.020409609873063464
990008,2022-04-01,5.782935522519645,5.896278145020998,5.4685662157758665,5.569640629848001,7412374,35505457.45559475,-0.04667604143397933,4.256599708647642,32,1,0.002018514823940163
990008,2022-04-04,5.715061634639924,5.802290687463501,5.535739306532425,5.670542035927474,16350200,83814051.67519082,0.013539662303281737,3.962418463014189,32,1,0.00011517216662206784
990008,2022-04-05,5.620242184713233,5.7575079265832025,5.541756525898674,5.689413799479596,58006631,316419474.66106224,0.008766359542228267,5.632384283602781,32,1,-0.0024361992197393808
990008,2022-04-06,5.796239205930109,5.921443353151748,5.553707369131637,5.666640684705949,15886315,92493084.85660973,-0.004851008796541407,4.8867766364389045,32,1,-0.006517571865924214
990008,2022-04-07,5.7653411588095915,5.8403819737705005,5.5362307071842025,5.5922431086862066,36556924,203678133.72457066,-0.009469865705311126,6.629023795053155,32,1,-0.00617844899103807
990008,2022-04-08,5.4937542048903785,5.602162134828099,5.431564971490583,5.499267476753255,30517389,183641652.0957813,-0.018217789243119387,5.517678325459614,32,1,0.0029750266738455145
990008,2022-04-11,5.594910471322202,5.707918837004633,5.449429355822275,5.561258614609718,45955943,268067756.79224497,0.008620061089871464,3.714513384,32,1,0.0051543552932198046
990008,2022-04-12,5.539674842271554,5.6816678151475,5.411773614973067,5.539830969422073,77230404,397859338.30711704,-0.0022788301124296853,4.361935480126536,32,1,0.0043024845812518675
990008,2022-04-13,5.50289989600746,5.709557267474724,5.434830469240957,5.635426671082785,29284977,160305004.29745123,0.015337174102034992,4.6459944300637455,32,1,0.020543548762799495
990008,2022-04-14,5.636809142926775,5.701676924332433,5.33678373678575,5.386407630121221,7891593,44814808.501024514,-0.04382620909057222,5.676168148257528,32,1,-0.020463332756464905
990008,2022-04-15,5.332200016515249,5.42328427468022,5.105924082872688,5.205292229526316,15207066,77057764.73082493,-0.030246898563472756,4.335196878326077,32,1,-0.030861355328287578
990008,2022-04-18,5.2434269452579505,5.356845728469661,5.020150433365834,5.125654273908146,77455927,412097060.221391,-0.019885382442893087,5.392729255874725,32,1,0.017323621538843943
990008,2022-04-19,5.059910223321889,5.12235269155749,4.986090426119034,5.009882654543492,8847287,45446648.737251624,-0.018161721758399665,4.113152688855283,32,1,-0.01607259821820351
990008,2022-04-20,5.021557988966092,5.05603925772581,4.94331886634738,4.969831288954625,29656130,164257445.9190817,-0.008943811287281753,5.25365732468017,32,1,-0.006464229460459992
990008,2022-04-21,5.04150625053697,5.13718122768906,4.702261030924061,4.799722775746264,5287012,23394198.549456652,-0.036148085859954666,5.604442636794877,32,1,-0.01042688975362538
990008,2022-04-22,4.820591203421147,4.842769149458584,4.55078985611476,4.581980131276716,9503894,41388003.811123766,-0.047911412116930015,6.779290971804049,32,1,-0.010791646832661352
990008,2022-04-25,4.548227128087373,4.568608732818883,4.394895715868198,4.394895715868198,39730724,186338833.1422355,-0.035888694346583226,5.482297274742485,32,1,-0.02484098562965953
990008,2022-04-26,4.417055064637084,4.485711374419482,4.26308951115088,4.313413329152311,23111663,109670957.66197172,-0.020799985860944392,4.527460087818517,32,1,-0.009701690675876465
990008,2022-04-27,4.2509960295288405,4.301320284715038,4.187697633065393,4.246067551998565,17909324,80843984.78352657,-0.01562951205824465,6.8161289651207815,32,1,0.011061114041227395
990008,2022-04-28,4.2179372358291065,4.266308254231102,4.185781357452605,4.252380205549204,13421573,67588698.8861146,0.00048385463108521656,5.078524260917138,32,1,-6.697061183389093e-05
990008,2022-04-29,4.228864706533091,4.293027197780669,3.7764203084164807,3.8486872155724456,6099889,27821341.30797657,-0.09588451019610587,6.016564192218696,32,1,0.008594091331057036
990008,2022-05-02,3.8703362534977575,3.9203704399190817,3.7684765572918457,3.8179215806890543,29409058,148233282.16771513,-0.004840429719935061,4.699077308460344,32,1,-0.00845057235633451
990008,2022-05-03,3.8340162728549383,3.866765369585273,3.7612880367086285,3.798644253160774,19830813,71294668.64591737,-0.007861028186733326,5.333515103808954,32,1,0.015379645725961722
990008,2022-05-04,3.8044789998329254,3.896366659409839,3.718713970510177,3.820026567168386,8424169,33611425.93025351,0.0049901024289134,4.5402989506658455,32,1,-0.008659755510015353
990008,2022-05-05,3.8018162146037056,3.986669672702988,3.7604627795065237,3.9474412104955086,20492043,78609790.75405632,0.032420183343086405,5.55729155512611,32,1,-0.035918489538722675
990008,2022-05-06,3.8894375021625875,3.9826178795261002,3.811124092375916,3.8908659863400046,32427278,125220348.83546065,-0.01180733717640558,6.0484861690925245,32,1,0.005393568574635108
990008,2022-05-09,3.9541260563781657,3.9541260563781657,3.909787794256494,3.9274288853905794,20017736,85131645.30910438,0.010092339092291555,4.800932963401456,32,1,0.013072114185209585
990008,2022-05-10,3.902401943838405,3.9245176894651834,3.87759265712929,3.9033326860100215,24743141,96074922.53895153,-0.0048778813971121215,4.752229183671816,32,1,-0.009526428621226327
990008,2022-05-11,3.924060412132276,3.975684907271672,3.7777043800230508,3.826216639642698,23979862,78445259.38471876,-0.017820906831407093,5.591371099585234,32,1,0.020428032835501698
990008,2022-05-12,3.835378196227462,4.194011185227062,3.759177975576915,4.098645304209044,13697720,56561496.9922665,0.06866887896741429,4.520598377897942,32,1,-0.014491225084150282
990008,2022-05-13,4.126813412421685,4.14729778840493,4.098083392145782,4.121228151589135,21935962,98802144.16953823,0.004725124967577907,3.9756056336264516,32,1,0.011425581844661026
990008,2022-05-16,4.0893380708388305,4.146190540184178,4.008551237324693,4.064644590540389,34331939,129173642.23091403,-0.013292116697878074,5.5877911778660465,32,1,0.02972160937251084
990008,2022-05-17,4.105659266074493,4.1248166492669665,4.0460972049964985,4.077816945918514,43674412,177280464.1962748,0.0018234051468986256,5.147737175757233,32,1,0.0006256986602011939
990008,2022-05-18,4.125168444648288,4.178858129021513,4.084239601672738,4.138592263439348,32305598,157810320.3049074,0.019080978938971465,5.128253156277237,32,1,-0.0038580551517318263
990008,2022-05-19,4.212865147145623,4.242115310929562,3.9663281826601526,4.024436652366489,14734239,62599914.39712809,-0.030058314485345797,5.755785263585603,32,1,-0.0018000776972519783
990008,2022-05-20,4.040475129129141,4.3907431708827005,4.001845863029642,4.35724664565825,34354516,165052455.83191553,0.07800250794399996,5.898825671403423,32,1,0.027737406428362924
990008,2022-05-23,4.322499030054324,4.339270743837087,4.166493039587671,4.19584140274791,30865183,126546270.44490327,-0.035122450900683715,5.0987776628829975,32,1,0.006861251368170029
990008,2022-05-24,4.317442259887052,4.321952945250915,4.133662988074128,4.163493001430693,14839442,60567063.571599305,-0.006957593689863921,4.279536136432771,32,1,0.03652569527580367
990008,2022-05-25,4.12734083212816,4.131725652082304,4.1073375968513535,4.131725652082304,17555267,70940206.75717632,-0.007182750615272724,4.677157295043837,32,1,0.004756943552845086
990008,2022-05-26,4.153381908172751,4.2233208452526085,4.105155169289897,4.158628381442919,29084220,143307198.48670498,0.008034445649037152,5.820844159673433,32,1,-0.011137182984473543
990008,2022-05-27,4.173658347471658,4.247698609075476,4.109773849720871,4.173190743593455,55970480,222223110.10218534,0.006298536054870613,5.377008187356739,32,1,-0.009939823661894564
990008,2022-05-30,4.185126785196388,4.3013404388262195,4.114991949011086,4.232849677064098,7391725,32324130.774379868,0.009814238082976719,4.753306579551142,32,1,0.0010494568587563786
990008,2022-05-31,4.241995668629502,4.3556755604509485,4.206488029096547,4.31266287942866,64966271,223924249.9512047,0.024805488282128217,4.554345969124905,32,1,-0.03477317168880265
990008,2022-06-01,4.309841536566066,4.369819060891889,4.234612114572069,4.2906519037565545,42764999,199473765.4108565,-0.009330629197285592,5.85454594140243,32,1,-0.008091275241604438
990008,2022-06-02,4.31093313336641,4.3823200628646495,4.010289327240952,4.066545196621931,22880329,99812827.66750951,-0.05284156023833534,5.043545184713009,32,1,-0.007713242728294143
990008,2022-06-03,4.075694755439098,4.126283931441949,3.922011572834382,3.954656843867877,20838306,75996050.5220218,-0.026650923434552987,5.994654178563522,32,1,0.00408472931675003
990008,2022-06-06,4.072709899045393,4.104315529240878,3.920338967390784,3.99539512846373,26907819,100040482.9332787,0.005033127012414254,6.128772226273819,32,1,0.033078151311417975
990008,2022-06-07,4.009111141755099,4.060696455708187,3.964208922907229,4.012397525901634,14722575,59596669.82819622,0.0049499985611732,4.9614437350156795,32,1,0.0009337784963128823
990008,2022-06-08,4.015000193897384,4.049031247338405,3.8997894954892423,3.9650430675732027,20411017,69287124.94205031,-0.010240881580408897,6.204355505393251,32,1,-0.03275178260047971
990008,2022-06-09,3.9649694341586117,4.080224372007945,3.8975062703792585,3.973632894721643,9292153,38931529.194512665,0.006098427389210126,5.378928361766778,32,1,-0.015568076975321988
990008,2022-06-10,4.045883552451897,4.139274769928658,3.9460545951406525,4.028688807361532,8001948,29875861.933212012,0.00810503741014278,5.503902538915417,32,1,0.004467976194146902
990008,2022-06-13,3.9768418294914563,4.010858571671094,3.866067772887098,3.9092295208066057,94311472,340680578.8665531,-0.027127623923151267,3.714513384,32,1,0.0015841311506413541
990008,2022-06-14,3.899881671593858,3.95305637217891,3.7707596208349075,3.82854993053626,21848548,81010541.4010301,-0.017574994982899727,4.40108822791764,32,1,0.027671995762103444
990008,2022-06-15,3.760265952156967,3.8182410267676294,3.7373894486414785,3.7941867038599795,26038869,91649233.06428508,-0.010907289974989192,4.44520005699072,32,1,0.016354559769049933
990008,2022-06-16,3.8237143044787913,3.8817512053010805,3.724774707400411,3.7893608211206327,22556460,83734226.36062485,-0.003117736878590071,4.956246157762056,32,1,0.015844171228525133
990008,2022-06-17,3.8245179644200817,3.8360753931476554,3.7356566538022484,3.7521372279386407,12117392,50681684.0930953,-0.00673517745108949,5.35594949655363,32,1,-0.003698781482981415
990008,2022-06-20,3.718720745302278,3.767049386555195,3.636608627090125,3.6962690243167278,19666598,68885163.79911903,-0.016346095801834635,5.395062450225734,32,1,0.018723118144949796
990008,2022-06-21,3.7501373122923494,4.07628519694044,3.6374516634547005,3.944103725964459,20548893,88513223.68411526,0.06667471890229311,5.521475758941633,32,1,-0.015261717302058176
990008,2022-06-22,3.909731575901233,3.954396384924864,3.836530273411666,3.8608252369844176,20672572,85920935.50995407,-0.01833374924046473,4.637817164441124,32,1,0.016494533494582943
990008,2022-06-23,3.8609278093376154,4.008527569269168,3.744210430544427,3.8902016099178485,13518923,58274436.287163764,0.005933762797448944,5.930577175698448,32,1,-0.00481090099665084
990008,2022-06-24,3.8876516388944444,3.9565839083403955,3.7065734795107685,3.7497175878383944,30856606,103882229.8877134,-0.03465309699620478,7.125462436000002,32,1,-0.024666029228212507
990008,2022-06-27,3.831035064469889,3.891069849294923,3.7934609878262315,3.8640036733527103,25549632,89426633.88269293,0.02658163310336597,4.925350957419151,32,1,0.010105566597458485
990008,2022-06-28,3.8329180204049362,3.92243464437694,3.796739554902573,3.8814643063505962,28205473,123959727.87353958,0.008094791647387497,4.655838794955418,32,1,0.023806635860732686
990008,2022-06-29,3.8905002526994314,3.9852883677395363,3.7930548852172694,3.8977211672982874,35018126,146309472.47847039,0.0017799684077466518,4.63748970192389,32,1,-0.006926311681283198
990008,2022-06-30,3.9194363640361742,4.001293182204072,3.866236681027341,3.9341240230096006,19888216,77050684.50231332,0.012744325657003477,5.328472056147425,32,1,0.026621065295989732
990008,2022-07-01,3.97086190950761,4.0297752665645525,3.9272477032876174,3.9899749350545735,20708446,68816514.32445846,0.013674620580844454,4.774052566858466,32,1,-0.028208337707003133
990008,2022-07-04,4.020528747677045,4.065570574617708,3.9735705993285566,4.014002616986734,61308708,225072035.39262336,0.0061197163151626745,3.819592542516089,32,1,-0.020386927755980094
990008,2022-07-05,4.058568087734222,4.152601616103061,3.9993701339457868,4.084241340941667,11574341,47197225.68119354,0.015681532787200733,4.0214858242502896,32,1,-0.0024994235605633884
990008,2022-07-06,4.061017627989989,4.097769994901268,3.9628852197822098,4.017980556098374,5883654,27243305.90965838,-0.01714785474346554,6.2809924074614045,32,1,-0.006315824926696841
990008,2022-07-07,4.096777390263077,4.130634404652489,4.000326010810964,4.053796922386922,30584882,129970804.68288077,0.008542258637658711,6.5723825802357,32,1,-0.011364369155215473
990008,2022-07-08,4.0464065299520415,4.2251927392193505,3.9543173511461784,4.122622066438249,14694202,62485743.455983706,0.021339950972618284,6.942452366875021,32,1,0.0022771502314568926
990008,2022-07-11,4.147178076585155,4.214903686091352,4.112333497600719,4.190257663460921,11212745,54135125.58968037,0.013145057490832954,5.4635862933365535,32,1,-0.009004341890596424
990008,2022-07-12,4.253279979820505,4.322750516217491,4.108150894191402,4.162819742159891,36491561,183062438.9827521,-0.005390044507000545,4.384921998315456,32,1,-0.006114999911669059
990008,2022-07-13,4.131608708635036,4.267804580162036,4.101791236183853,4.209794009827133,21179090,86344297.40458073,0.008688519630071055,4.850553249466569,32,1,0.004742867539906873
990008,2022-07-14,4.236374807616367,4.327008427917168,4.176793657811129,4.2885490000111695,9486673,39321099.43935042,0.020342068395398455,3.995465027956289,32,1,-0.011371242566554429
990008,2022-07-15,4.269190424807501,4.481883620513137,4.184727883873032,4.392756499900765,74673269,320616469.504746,0.02391626023501253,3.9666961140681227,32,1,-0.0018059799547778007
990008,2022-07-18,4.507573027388708,4.525121485599493,4.397057518141269,4.398249201360766,8492220,38961471.21260564,0.0025822807697362684,5.491723502753749,32,1,-0.010996517608376553
990008,2022-07-19,4.512331922934035,4.521304612516888,4.343757806569228,4.381940597227797,21365634,93249495.9136324,-0.008611940040398556,5.773990717726257,32,1,-0.02053729548457856
990008,2022-07-20,4.3516904602005315,4.431602086326243,4.318490166919647,4.362216753592276,7101162,30962360.97543793,0.0015036220835171394,7.125462436000002,32,1,0.013009382559760474
990008,2022-07-21,4.380315018618356,4.485660087612423,4.366770877620932,4.436102915782427,27452963,107481006.26715182,0.015138685935612097,5.1704675640191535,32,1,0.029091643249331417
990008,2022-07-22,4.439512401241746,4.506938946169573,4.431022470149722,4.500061419830284,14990050,65127969.81217466,0.013388650635765297,4.096547909653559,32,1,0.01813458807059344
990008,2022-07-25,4.495772596739809,4.495772596739809,4.432236877278804,4.432236877278804,36104547,164203117.68295985,-0.014364461766646568,5.134635076378076,32,1,0.005650660104513224
990008,2022-07-26,4.443284908025782,4.553126083771073,4.340169130508923,4.43834290110001,22483375,97284796.067808,0.0024057735120773414,4.988672521777626,32,1,-0.010928198467007653
990008,2022-07-27,4.458518534062352,4.530260086778084,4.374834020642208,4.448594922533779,52490016,229690966.01501766,0.004417849331956481,4.804038104327183,32,1,-0.004887553774541053
990008,2022-07-28,4.408496586197308,4.596259680902552,4.3426402064939245,4.538720772952028,17785694,77527344.37093063,0.017970494065017953,5.578462706599097,32,1,0.018005964114342052
990008,2022-07-29,4.557148851909217,4.6778779593089705,4.432905735084237,4.529907028737014,7553411,42716255.51664281,-0.0014061611518802182,4.207332728335633,32,1,-0.038864278695972
990008,2022-08-01,4.547436766583124,4.617105048399101,4.39328693880121,4.498201339680235,25443939,106531785.1632593,-0.012221934290268556,5.371576114124275,32,1,-0.006188002842735337
990008,2022-08-02,4.510835977445539,4.596498832653143,4.386110876667955,4.523465327399007,17979101,73097510.61838453,0.004444254574823526,5.889325202582213,32,1,0.012505391708808529
990008,2022-08-03,4.498856913311792,4.70555481733404,4.473881278832401,4.684536720788727,7440707,32785844.036358412,0.040404326676813984,6.730699245987818,32,1,-0.019390183036254293
990008,2022-08-04,4.666134830857161,4.76192989870635,4.6523089945295535,4.718613428057433,12005065,56205853.70416284,0.010009609019688462,5.545612835059833,32,1,0.0072122619834415515
990008,2022-08-05,4.774648548919594,4.838335837257007,4.510894459763239,4.597583670333033,13898388,63963704.92516687,-0.029818956200302556,6.306078838805273,32,1,0.006421872042477046
990008,2022-08-08,4.593019135138382,4.684103709622393,4.464545095325409,4.5233240664738394,55700298,271582834.7477547,-0.012762518962471596,4.845395431916188,32,1,-0.024774012150004143
990008,2022-08-09,4.598066305509291,4.68457222691612,4.480875454891784,4.565935559328778,35320085,173461942.29043186,0.008547486484369685,4.969093722425998,32,1,0.0014816397631155897
990008,2022-08-10,4.600188677311286,4.600188677311286,4.478590558644705,4.491979224550486,17790467,79586456.85221198,-0.01604043771417448,6.6477822808848845,32,1,-0.010517950540834283
990008,2022-08-11,4.490045621885761,4.5588865945732415,4.383330983483985,4.472973927731443,31762014,135954941.63859823,-0.004486798386166598,4.086047406621096,32,1,0.007088086215665781
990008,2022-08-12,4.508177016405307,4.571457587004795,4.258075684835859,4.3416792122563335,6880278,25887212.95572178,-0.029636104143920223,4.881239896113139,32,1,0.01140960120047006
990008,2022-08-15,4.258338336415025,4.413454053395579,4.185865767589769,4.324706370208188,16452135,59783716.87698669,-0.001994182465814067,6.400189423945089,32,1,0.006795776389736355
990008,2022-08-16,4.409632032299791,4.468934717109237,4.389253996484582,4.432500262132395,28729351,132093995.52078366,0.023669913621056922,5.053108213968731,32,1,0.0012365832497257295
990008,2022-08-17,4.465711487722862,4.527863073183373,4.381640102378457,4.453541918330689,26806086,102702458.43643375,0.001293909925616799,4.985849977712071,32,1,0.0049208147077434644
990008,2022-08-18,4.538222258561795,4.574084345375608,4.437768132674756,4.464866128563988,16108175,68068520.46052666,0.004655244201609089,5.004077574869955,32,1,-0.02003383146502624
990008,2022-08-19,4.420879173586367,4.476471609888042,4.375523528428307,4.4372721221652975,21149481,93885448.73307018,-0.006495952638542502,5.35862028775917,32,1,-0.0005238452029322449
990008,2022-08-22,4.398493556389474,4.5255750358359075,4.354057891341379,4.469273067039433,26397854,119069065.53882551,0.01198227714808176,6.353314970867181,32,1,-0.013567795932326331
990008,2022-08-23,4.514558548585585,4.62111396286983,4.475534895328814,4.605148839154334,21282477,103397165.67363697,0.023861184004094354,6.1769419455146375,32,1,0.017571879083708407
990008,2022-08-24,4.615619022717678,4.654816281801,4.503490601789582,4.547213881092589,37685307,160991631.7270923,-0.009350534607414494,5.25860450620006,32,1,0.011638707922215252
990008,2022-08-25,4.575888964508013,4.593360377682481,4.486500576334991,4.529454606709442,27620949,128642699.69012219,-0.007502286300460657,6.360272355118403,32,1,0.011590383989241376
990008,2022-08-26,4.517234683409877,4.602348364963432,4.497402444303237,4.557799507523159,28243051,137851397.44112262,0.008208827972168865,5.576532272785009,32,1,0.02918869148353144
990008,2022-08-29,4.527041600806726,4.578519294790813,4.5203233886284755,4.5372384807436,62291011,282588979.7486742,-0.0030833755296696,6.107188075259737,32,1,-0.005621043409391574
990008,2022-08-30,4.486462576291391,4.705421481391107,4.3644547307856545,4.596147188852387,37320773,160392564.2750392,0.015251438727252575,4.354745786461137,32,1,-0.009352136094261708
990008,2022-08-31,4.618416556087248,4.658672925347668,4.35742557644821,4.4067004936310665,66891134,279761027.3677975,-0.048574263324556374,7.1093811786387295,32,1,-0.006023490782815895
990008,2022-09-01,4.322692265860424,4.401682292128789,4.288168607145147,4.347362840388627,14650103,70331811.40245171,-0.010763406046815556,5.4576831620813575,32,1,-0.027293501409301812
990008,2022-09-02,4.281295531168032,4.387732350562399,4.274891520791737,4.387732350562399,8424365,37963626.34609696,0.009165419470118183,3.714513384,32,1,-0.025953671912939187
990008,2022-09-05,4.36438984847628,4.451127001278465,4.187112447732016,4.284465786951183,19089794,84413061.14019653,-0.025395045948926564,7.013821414090829,32,1,0.010580258798054099
990008,2022-09-06,4.292874125329822,4.3420478395700535,4.218715717007825,4.284182944821474,18428325,81630534.76271899,0.0031218263940822042,5.252596962120802,32,1,-0.023765693341670842
990008,2022-09-07,4.355346994489262,4.411755140249242,4.2282451330742274,4.272000807576715,54325441,246935397.18985564,-0.005087654095280773,4.887989260914526,32,1,-0.018310735834272018
990008,2022-09-08,4.280262338583874,4.334246023821974,3.8426899784235258,3.8666672743566672,11346086,45410645.00038853,-0.09156375207383632,4.70524651045659,32,1,-0.0017327602815268139
990008,2022-09-09,3.9330758752731105,3.994970508055296,3.606656764009967,3.678890052495181,21378492,81693570.6285321,-0.05087384549104528,5.673629948004956,32,1,-0.007022143924100477
990009,2022-01-03,74.98273091531439,76.50830331828405,73.7846726364283,75.50497149402152,13407347,907837415.732144,0.012476750489829708,46.84924514445765,32,1,-0.01703823998478786
990009,2022-01-04,76.58771195334197,77.26141705678488,74.89822755523672,75.43767036339037,11327938,861683513.9726481,-0.0028180281721134825,72.77358586840671,32,1,0.044388685749728214
990009,2022-01-05,75.50826699106308,76.970886369824,74.72878120227406,76.0695592944031,5014171,392425041.60402316,0.008714999393785925,55.26107032876125,32,1,0.007282061101220981
990009,2022-01-06,77.98203903918886,78.85649600484378,75.32051233608426,76.64385733842222,8608093,591141562.8507048,0.005040513070344752,70.8474673031506,32,1,-0.010637442078266009
990009,2022-01-07,76.49712303350127,78.38515637368313,75.20416380810363,76.86322084456053,3941751,292008629.1151268,0.004703535372562837,84.53038864168244,32,1,-0.01152172124031934
990009,2022-01-10,76.6650890589196,76.9981305715993,76.6650890589196,76.87414793420382,24660369,1805192628.2713017,0.0018268843764293863,64.8388341538486,32,1,-0.0051876133518716045
990009,2022-01-11,77.5090336954414,78.30064161809122,76.16681423938682,77.20246345143018,26467537,1616307114.0854301,0.0023466242040299074,89.40051882732988,32,1,0.07471949784555813
990009,2022-01-12,76.8846204222466,77.99855283842085,75.82960820119811,76.98325082320872,13058782,1082525599.6954122,-0.006379798041137975,86.23269382011397,32,1,-0.04188794569370755
990009,2022-01-13,77.52665888562763,78.2745181680818,77.09845787914833,77.93900851151658,20671567,1539198740.7821693,0.015250341167488288,89.25373313505365,32,1,0.03346269485041035
990009,2022-01-14,75.69935129913586,75.87430177508845,74.33874456923043,74.62155844089693,27928669,2126350584.7668731,-0.04103397634819298,76.92734502296722,32,1,0.017300509491227134
990009,2022-01-17,74.4450536775928,75.58025176814958,72.68920342162386,73.09181409198762,14656812,1076529129.6374137,-0.018980358954229417,94.4650117814665,32,1,0.04780867758130927
990009,2022-01-18,73.18851744153496,74.0668718852894,71.9593776847989,72.77115576109078,43582469,3054400665.6080317,-0.004819933761555233,76.51996920577596,32,1,0.019214486605263252
990009,2022-01-19,73.09464135571027,73.3468996459336,71.76830371595585,72.66887713833007,5819331,438907406.0059538,-0.003991290814984368,41.6660642190209,32,1,-0.0004304136072575457
990009,2022-01-20,71.84392000817355,72.57095463346614,70.76242286195686,71.43337973389899,10113319,753832015.7037958,-0.01391792889064533,54.03887774457987,32,1,0.03148928279994767
990009,2022-01-21,72.20696819430617,72.73313203352927,71.12493282347147,71.90313956765124,9746736,650126100.3783909,0.004787536154828593,64.17182133329877,32,1,0.006677933595455765
990009,2022-01-24,71.61351586314893,74.68078179600387,71.01684471190063,73.97648108584151,23630457,1688185339.7769327,0.02589105332738338,66.5666700017064,32,1,0.023166966177881033
990009,2022-01-25,73.82194125759099,78.33187244784519,72.97314815563948,77.14070002106865,4515956,369476786.0443973,0.045457073369990234,75.90540801543845,32,1,0.04430507189436042
990009,2022-01-26,77.36069115477235,78.33972279486514,74.64224050694166,75.98155777816179,42291111,3797260764.7743287,-0.012599001431668,53.801092044292645,32,1,0.0023688020300354933
990009,2022-01-27,76.45456384885439,76.83504991787474,75.14165375327401,75.28162742222783,20980570,1836541825.1494966,-0.015637809458575395,123.32821527009665,32,1,-0.013860196984571778
990009,2022-01-28,75.81651400703869,77.50686911125857,75.1151558866388,76.4313412238606,56995860,4005019061.2159715,0.016112694316821802,66.26783070196188,32,1,-0.020749429954270725
990009,2022-01-31,76.2313473664804,77.17258275364989,75.51289437992232,76.43386694614243,13410088,989844398.3852618,0.002553146443298447,68.14844364218996,32,1,0.013609385439809468
990009,2022-02-01,77.10036307178666,78.1544157936429,75.32127874316824,76.89930453689082,8498308,642091969.9688824,0.004534791187835353,56.01635973077305,32,1,-0.028107401845766024
990009,2022-02-02,76.69209207839788,78.50086203571828,74.78700603367705,76.22058376823449,21831856,1868158913.7927277,-0.005766226247886219,50.75703748632659,32,1,-0.011518646539746769
990009,2022-02-03,75.9212747660623,76.14826253117256,75.18328251459725,75.99286498874122,33005977,2363275742.5965037,-0.004961712359748271,65.80276521456028,32,1,-0.03091425873777795
990009,2022-02-04,75.86075464245316,78.17152663141357,74.45018883594774,76.68115897958903,7532422,640243203.4595907,0.01137609850184999,68.86104364101998,32,1,0.01542406183446132
990009,2022-02-07,76.34352521349922,77.86653181948924,76.04337347639832,77.14073889641664,2896365,203297587.8285541,0.007873404758485879,66.57294042295163,32,1,-0.02415104785412723
990009,2022-02-08,77.70219788183097,79.54273435708997,76.61313138782668,78.96127255395601,3488889,233517014.08247608,0.01556084210893422,111.1748697995279,32,1,-0.04093489141310055
990009,2022-02-09,78.6927246019655,79.63507174171764,77.45651027111215,78.48071178306732,17244833,1511402429.1113992,0.0018846427223817206,65.80264508306423,32,1,-0.03541044462099668
990009,2022-02-10,78.18668831512274,84.9378988555798,77.14419685467391,83.94032433607116,44019264,3773437218.4305,0.06592317797371366,66.59210844355135,32,1,-0.01846616752604638
990009,2022-02-11,83.61399779910649,84.0798762750929,81.99892183360235,82.92777780796551,4683255,356062132.30964106,-0.01203962708630213,86.85625970855688,32,1,-0.015615757765993044
990009,2022-02-14,81.64047895202908,84.28572447161245,80.3708681469652,83.29161785023443,12082152,933091347.4552736,0.003925632113218416,64.93838893895814,32,1,0.007358729376632235
990009,2022-02-15,83.00498509244021,92.72478903612068,81.37791537263952,90.62627047447374,9867492,854653954.0676525,0.0893782031842685,80.07808528022167,32,1,-0.005610403263425419
990009,2022-02-16,90.77566264688777,91.44964778080087,89.95444498004132,90.99024693290488,59940342,5629866999.959139,0.003995279669732463,46.76795281689036,32,1,0.011090457520570975
990009,2022-02-17,92.74669127925259,93.58145552348897,89.61813433994348,91.03385127550719,81855006,6308924840.207044,4.380872443950385e-05,46.877876785181165,32,1,0.013611649658436652
990009,2022-02-18,92.16696900815602,93.83931564800974,90.199632522676,91.87271428644584,18870418,1633849614.7541022,0.008526301379162845,70.80866711556966,32,1,0.022713082281032748
990009,2022-02-21,90.92242307184793,95.96205762425411,89.75820999755814,95.08852009224182,28448876,2588655490.5931273,0.03599993275437671,63.78689245422116,32,1,-0.0604349869397563
990009,2022-02-22,95.20210043091738,98.23058409716583,93.39430763115702,96.50744833154869,25073393,2822930460.490964,0.015057276408561276,53.76805087094988,32,1,-0.035926852397811924
990009,2022-02-23,96.82080795477269,98.63749071900887,95.62299177580722,97.44464347103387,4961068,503570575.8906691,0.012247648027151607,70.80434600133962,32,1,0.016885493032091144
990009,2022-02-24,97.56953337612957,98.73064233190628,95.66575447034332,97.16934351377469,24453452,2513789352.8674564,-0.009449257768753213,72.65042137872017,32,1,0.00610160455972062
990009,2022-02-25,97.07642915296407,97.20585175655334,95.19105931356368,95.93868839473838,6360218,617225745.2728403,-0.009749649803683244,55.37062660963213,32,1,0.030136261452846855
990009,2022-02-28,95.4325746107773,96.50905037579862,93.46254334121748,94.71223260750486,11615651,1165406848.457852,-0.012138785575196848,58.593646180301945,32,1,-0.04901272731010761
990009,2022-03-01,96.41837088756759,97.69876968530362,94.62338134331246,95.34299492973953,31718095,3174583822.6158032,0.008339723149153573,72.81166435039769,32,1,-0.015454183730392732
990009,2022-03-02,94.9418642241189,96.76833956688756,90.40128265638641,91.63300047296755,14730759,1349145247.5569296,-0.03818182941856141,50.49115863816982,32,1,-0.009841288419862758
990009,2022-03-03,91.94002924424647,93.29533072711486,90.19218922728206,91.00089771736324,30333567,3014765830.123849,-0.010593334680471985,57.133918661496985,32,1,0.004693517578636817
990009,2022-03-04,88.46632231913317,90.79693057770902,87.73715331868202,89.79679147880856,40310645,3355238044.7619815,-0.011218453654508548,79.95070881429398,32,1,0.0005904234745983056
990009,2022-03-07,90.68575549640609,93.13357208777181,89.26702870342756,92.07670269498315,3477840,317081094.8043622,0.023790151403036603,67.82432416703348,32,1,0.014191393849707653
990009,2022-03-08,93.18878730410576,95.11117321545298,89.04278944030297,90.69956624870818,2394718,219446930.20814458,-0.011058458631044531,59.31919720553886,32,1,-0.004135731446168427
990009,2022-03-09,90.04195184976109,91.93251233826177,88.57450150829581,90.73832548351886,32223075,3259425820.3636217,-0.0053552614814356605,52.289792683146,32,1,0.042550536031766506
990009,2022-03-10,89.94219331555243,91.87491721387786,88.03203911513742,90.17155184211879,33997524,3548063087.6849766,-0.004965660498487332,50.60915318912263,32,1,0.05256202782559335
990009,2022-03-11,90.32646458931654,92.45236725678114,88.9403719704722,90.98989856728261,15420504,1486566680.1161156,0.011058476317431684,65.6968768746672,32,1,-0.035634029371203815
990009,2022-03-14,90.85545871023552,93.18946600614426,89.57512418492274,91.53641226886812,19063333,1498666533.2146316,0.00490337591711757,123.94845751685628,32,1,0.000880333465488203
990009,2022-03-15,91.77505111213368,93.57765867712298,89.81273826802543,91.50443172492542,26442419,2346322225.8170347,-0.0008951331486771426,80.70438011719533,32,1,0.02451821580983509
990009,2022-03-16,90.87058332870633,92.82481566935552,85.1518015642611,86.8273022444917,27691209,2188912793.6668406,-0.047159577532095064,46.025792004415635,32,1,0.017841241575619393
990009,2022-03-17,88.92309410543146,90.40742857881513,85.06749349762313,87.01366555384399,11066593,977945943.2546844,-0.0038759801279887895,84.13655122768245,32,1,-0.013340856497045838
990009,2022-03-18,86.45834914205511,86.69999214058315,85.51240602090166,86.13032957743147,30336192,2703794659.1964984,-0.007789097948982735,54.57284505990441,32,1,0.0074658617111813645
990009,2022-03-21,88.02106878076877,89.53714008094778,83.64437548861281,84.70035791351287,10556808,809440478.3381697,-0.01426382359672745,68.20541145654205,32,1,-0.05025102624486544
990009,2022-03-22,85.92287893599865,86.74525624737642,83.68182825657013,84.1976990390765,17488155,1372068328.720356,-0.005152518927538121,57.391110031239045,32,1,-0.001136987711922359
990009,2022-03-23,85.1313317589622,86.11827486553113,84.06736599270488,85.33691935127997,17110192,1251154957.2549248,0.009314859613094749,123.83734791571871,32,1,-0.04638440429640284
990009,2022-03-24,84.3178153316339,84.42574887170032,83.13676561730932,83.23640236519591,7063652,588314723.3814707,-0.023101359461887617,48.825368341511115,32,1,0.015412754252433982
990009,2022-03-25,83.85860077859398,83.88015607057163,82.42666869647643,82.5630921631697,7761872,648843102.2987958,-0.008627104176350495,74.92436279591733,32,1,-0.03557315769842468
990009,2022-03-28,83.1513281354225,83.88060539553634,82.12364157567522,83.00548956698317,76627191,7036600944.556842,0.006275004891020332,55.775093772228814,32,1,0.004582668731336623
990009,2022-03-29,81.30845982457814,81.75906339837854,80.8197257045931,81.15738563249943,6462759,546206981.8697959,-0.02024781750041867,84.92320397856129,32,1,0.009485619772763252
990009,2022-03-30,80.34407333846521,86.87382345967197,79.65743470202224,86.14412545017373,19453252,1580256345.0120542,0.05824010425854009,74.48036323613718,32,1,0.00184585950492988
990009,2022-03-31,86.2369585296147,87.7813813540266,85.01098338182501,86.26587225471584,22202752,1678697790.8999605,0.0028281528420970145,98.8334891595128,32,1,-0.020377098989641747
990009,2022-04-01,85.94651016691309,87.01806302550443,85.24578829575421,85.91933278395834,13560044,1097392858.18536,-0.004367400135455066,84.40701794466898,32,1,-0.007140823748405509
990009,2022-04-04,85.55363726503882,87.09771488517491,84.65560836338325,86.35549418322873,22472138,2193029016.9421263,0.0002774787740160576,55.639636180821604,32,1,0.03654549967720057
990009,2022-04-05,86.70691557282781,87.2064991144219,86.5225223622858,87.16418626936021,19140901,1495891129.7725165,0.012403513866830793,160.8969128693418,32,1,-0.013867211531193895
990009,2022-04-06,86.42584900254631,87.27519610157081,84.53141241744582,85.88073265496979,6835717,563076240.1864421,-0.014838034355099713,80.45846256152186,32,1,0.00013683004509851921
990009,2022-04-07,84.96866771116338,86.54716873859826,82.41764469730334,84.29682595026158,20000685,1795563109.397774,-0.02194539262498769,58.04368123531077,32,1,-0.01801721170674213
990009,2022-04-08,83.22011414097338,83.44267511768115,80.2011534434164,80.62125318706038,8669018,683961945.8461608,-0.03913798525023221,72.57418163445772,32,1,0.031501824782880605
990009,2022-04-11,80.87053719913486,81.81598134758109,79.64741387062101,80.07462952562507,57744712,4524576954.238453,-0.006254128374357165,82.26539159075989,32,1,0.0019076128150935464
990009,2022-04-12,78.62664073184706,79.12517121473464,78.28514719436392,78.41709779349316,18085448,1467470038.6253927,-0.019132952980219914,81.34893527821477,32,1,-0.024522098990229717
990009,2022-04-13,78.17377584687142,79.13326638674651,75.45198313463861,76.56454636858687,7604357,617091508.5242506,-0.024067333147077787,79.06280616274668,32,1,-0.0003122919227876335
990009,2022-04-14,75.37336963656799,77.56244031451476,74.59844764098091,76.28749068695717,20481666,1361344744.299225,-0.00042796288920964227,90.80710983857574,32,1,-0.008103554007030453
990009,2022-04-15,76.45914801912556,77.86238766976469,75.44415416879505,76.90959032300823,6936742,462598037.59336394,0.002442372096677085,88.21829971635003,32,1,0.04318618425488137
990009,2022-04-18,77.46020272090438,78.11091951299073,76.40807810793423,76.92816975300266,16128695,1452913329.060517,0.004367712603044184,53.15733474767683,32,1,-0.0019390306565479024
990009,2022-04-19,77.66834134564807,78.91200268571347,75.75253491484057,76.92806893039027,10841116,839688410.8193294,-0.0043327984986364495,126.97429885450117,32,1,-0.043949455625317956
990009,2022-04-20,76.55220523308509,78.81847698400249,75.44968391182303,77.50478132976409,6555630,578838658.6227721,0.009402643011350787,121.89607771906236,32,1,0.015119331250534529
990009,2022-04-21,78.14101451003863,78.81947422330633,76.17420419546718,76.77211785504737,7118198,586433687.1400601,-0.00979198715001799,86.49070783554883,32,1,0.05554086846318158
990009,2022-04-22,76.56253968198243,77.26537504190763,75.23488036478737,75.84243889218247,95622320,6845872570.08526,-0.011772836970090975,69.08796519211162,32,1,0.037043423492241025
990009,2022-04-25,76.86018749204428,77.97119551884478,71.30492956281073,72.37101100984302,15810944,1049182078.020458,-0.04849015931619051,69.43936554508876,32,1,-0.03516424078594081
990009,2022-04-26,72.02913672293126,72.78391891136553,70.28726845360245,71.23315691769389,8827993,727882293.1448483,-0.015375641145245252,62.07302891725981,32,1,-0.00897311932583299
990009,2022-04-27,68.99868060068918,74.31380232462968,67.17111996332352,72.18320832550967,7949351,585032031.6821657,0.015847052070521027,64.49254576516181,32,1,-0.0014993439376903956
990009,2022-04-28,72.69164755460199,73.57488717268342,69.54667499867634,70.29351750260882,19672540,1557914396.9701986,-0.024481371264390032,35.68062288314858,32,1,-0.0011183689715403545
990009,2022-04-29,69.98614705325079,71.88022246174391,69.17653358493507,70.8745765052856,9448184,586035966.96207,0.004597038575001521,107.17189607968709,32,1,0.011424863480381443
990009,2022-05-02,70.24406307517263,71.54186769020042,67.7076190053818,68.66374797191364,6056398,442588388.3747357,-0.02750786182902029,96.61896403936836,32,1,-0.011339562347362043
990009,2022-05-03,68.97391521594024,70.50771607930291,67.47410599966446,68.73897998831464,13584397,976606842.2654338,0.0022611269749817,41.549208022329395,32,1,-0.029283370453467607
990009,2022-05-04,68.11576685938505,71.61536038388476,67.47420035782292,71.10174464687871,12445128,949681134.2890185,0.030129652610544656,88.78642445056153,32,1,0.0293471856025423
990009,2022-05-05,71.06235137130514,73.3134113031859,69.66687832752734,72.18246838105614,8818871,741985092.7092212,0.013741062269590853,68.14790422523903,32,1,-0.035812026373713585
990009,2022-05-06,72.37794130761988,73.05623543133231,69.8665952013553,70.59365423259362,6814852,482934850.5047355,-0.01883282904413391,64.4037731172035,32,1,-0.025719640466773844
990009,2022-05-09,70.94755557069716,73.25172175878296,69.23287732975133,71.41227403522261,10018098,770880761.0340579,0.00995956537907066,78.98861143067984,32,1,-0.03600715354808859
990009,2022-05-10,70.78500925873895,73.20355602089931,70.01437417493474,71.96126599122304,9339248,692349140.1860689,0.0093420104552413,40.7387255901999,32,1,0.018685318941643582
990009,2022-05-11,72.73921972208294,72.80439451914607,71.63584725591889,71.77017098219731,8329065,582412745.854813,-0.004921545955869245,68.07683029047642,32,1,0.0028068249376956003
990009,2022-05-12,71.07815394348911,71.66725553811882,69.93939111596534,70.92131580803222,16354144,1045485255.6823696,-0.012563046589829622,69.92459808784626,32,1,0.0272029087137649
990009,2022-05-13,70.36679190972231,72.60686663321246,69.02398401330568,70.95865708313357,74509474,5919677257.074343,0.003245165940649224,69.94457165664907,32,1,-0.02518831382239089
990009,2022-05-16,71.03812891316048,71.60801013122776,69.2390406973464,70.02431694369713,41555357,2357966708.9476194,-0.011654942501118289,45.55442451893962,32,1,-0.039876208342556126
990009,2022-05-17,70.55378226650629,71.37373003504145,68.54039539819217,69.2233624311414,59909205,4260573261.678438,-0.010586721386241114,77.9269117456111,32,1,-0.014472929976424912
990009,2022-05-18,69.29205960421507,75.06586779011161,68.36352354724514,74.16493203169838,8644616,642993635.5873119,0.06628967690673283,93.3343023510946,32,1,-0.006265773444113037
990009,2022-05-19,74.83045964235481,75.54277402616432,73.31858956965971,73.99929667784703,50740575,3990131575.66636,0.0018913364535197471,77.02311809498701,32,1,0.006028889225420567
990009,2022-05-20,74.33569938563278,75.16334787742042,69.86440708581797,70.99200010097492,16924023,1024059883.6150134,-0.04353194171958354,63.832707302396685,32,1,-0.05335718476455228
990009,2022-05-23,71.26713299896586,71.71010155567664,70.17951024313139,70.8368244578609,28376647,2169583227.459651,-0.002993556310464676,150.54265629675024,32,1,0.01449446667712237
990009,2022-05-24,70.95539937890814,73.4964654205538,69.04590900289988,71.9080860593238,20540761,1481202078.9896827,0.01772164689734129,51.95739925331896,32,1,-0.028611953710316933
990009,2022-05-25,72.5340428097803,72.59352294150122,70.06775220157903,70.5068516190295,10148834,859956910.930618,-0.02014380662123386,85.79313483771854,32,1,-0.020862576165557208
990009,2022-05-26,70.57851821728147,71.41959148673831,68.21834665777882,69.37528661865514,23849493,1633607447.2636516,-0.018337541197179164,73.38636486457847,32,1,0.03631435444641573
990009,2022-05-27,67.9716552008787,69.12424792583711,66.04650606092522,66.93098336462702,21649098,1440473625.5487673,-0.03174028332917373,123.45866081874124,32,1,-0.06908070841947486
990009,2022-05-30,67.8668414440191,68.42598663742066,66.68756797912334,67.68043343546297,3254620,206072152.32181007,0.011403039661508272,76.55729470808362,32,1,0.009589430266577485
990009,2022-05-31,67.88695717369562,68.35086233408965,66.84894171823338,66.95792293308457,12858066,885481111.9049777,-0.012012172149038585,81.54949785634095,32,1,0.00947095885870943
990009,2022-06-01,67.37804248011764,67.86276452104525,65.00026049130999,65.80711533997551,28467601,1791199119.0534456,-0.020152072073465324,79.28881964729491,32,1,-0.026242970772409314
990009,2022-06-02,65.33531938750785,66.8897414628379,64.36701845019739,66.10898938607222,17265591,1122736252.5017114,0.003920712345524071,49.93620527797425,32,1,-0.014570364745096417
990009,2022-06-03,64.84716502953131,67.52553989487888,64.17772627430794,66.98172493850406,19648412,1367617318.9505286,0.01666631459872622,52.8225237681654,32,1,0.037800578396172006
990009,2022-06-06,65.55564308359652,67.02430755256276,65.54793894785469,67.00727592683279,8396516,588956249.7266684,0.0016103574751891521,62.96185556131794,32,1,0.061092900871412774
990009,2022-06-07,66.54014343256155,70.31610925899318,65.56325077906442,69.45165534094076,16710199,1190052376.087413,0.03280506872259733,90.56437685587598,32,1,0.03289265039598289
990009,2022-06-08,69.72409267887176,69.96658668715872,68.87028773918819,68.94421864074994,12813396,871197425.0823463,-0.0018612729951455248,73.16643388736142,32,1,0.058673742746012655
990009,2022-06-09,69.90718758527134,71.37127487501206,66.80834574137458,67.9627348986999,11466200,800324513.601487,-0.01801327515284847,64.25762600714597,32,1,-0.02224139284906975
990009,2022-06-10,68.17133384243161,68.72790962202498,66.48579613569643,67.26764323119315,8092261,557697318.6785171,-0.00965040471936261,102.30988488413584,32,1,-0.05014508671120888
990009,2022-06-13,66.707866217809,69.38858988501188,65.9210446554162,68.78481498390136,29374316,1993612372.1790004,0.019825492289454037,37.927677410754626,32,1,-0.002188130435413432
990009,2022-06-14,68.03379518597062,69.67046820302288,67.3695388350677,69.15816245488132,17686857,1110648426.739541,0.005224846319355002,46.53537547891566,32,1,0.024733732615112552
990009,2022-06-15,70.04087236798863,70.19062555011777,67.1098925285406,67.22050226237397,14822716,1100941238.3922238,-0.02346511870761849,32.518851775247946,32,1,-0.058768635082606525
990009,2022-06-16,66.53715512988967,68.8718233917052,66.03876027927676,68.46398380837881,70025871,4422732614.104363,0.016237816439578202,97.49931216440417,32,1,-0.029623489171012263
990009,2022-06-17,69.99518147680321,71.03010111174719,66.95290929387237,67.55065685851329,18762471,1335077064.3594728,-0.011881722738832054,66.38011158333622,32,1,-0.026136540333153477
990009,2022-06-20,68.90357657749263,69.24826805277914,67.60834526933758,67.92229604267472,36356642,2303877537.736138,0.004943704684471279,90.80202482357384,32,1,0.010658842768176557
990009,2022-06-21,69.53605080990195,70.42730788930413,67.77494827656517,68.92535110798987,16941299,1094809545.5043104,0.012921635723618687,66.13487535574448,32,1,0.006610454365888709
990009,2022-06-22,68.89999885762248,69.7421465553126,66.2649022191851,66.62876585467053,10860038,673346296.3773384,-0.031477554066182335,92.33423893041292,32,1,-0.024873324098249272
990009,2022-06-23,66.4501214257626,66.46459349119263,66.13526183075169,66.41241124159245,5680327,412234359.2318212,-0.004300961361503743,65.79403608919012,32,1,0.0051094396871911125
990009,2022-06-24,66.71823621438296,67.1773641861086,63.772227999602215,64.4985779304388,16086302,1113454137.2674882,-0.03029726919747287,77.08170721392648,32,1,-0.03647885955026497
990009,2022-06-27,64.9987284298051,66.02272670960154,63.66168028300874,64.7269996096175,1666554,116476217.38617456,0.0024251517107392604,73.82570016546399,32,1,-0.013924240508153128
990009,2022-06-28,64.25197746754716,66.08879779374088,63.56321361099378,65.4721156747818,15681023,1283608915.3547323,0.01399144232385435,75.45849577519043,32,1,-0.040245937616630346
990009,2022-06-29,64.6934385403288,68.12777466491373,63.51130647099287,67.05539688643198,18489297,1219253117.9568448,0.024532540437938555,112.1444868849721,32,1,-0.005252939803764261
990009,2022-06-30,66.77606312693908,73.29896535938316,65.79904391318307,72.15559527126246,10596718,901899195.6089153,0.07870179344342465,42.20114166736868,32,1,-0.025668549525056233
990009,2022-07-01,71.52201316787576,73.6224142024091,69.96282712945539,71.96184940392637,13421656,878689191.8288627,-0.008039843861382208,66.93804672114952,32,1,0.021139349407563984
990009,2022-07-04,72.5848305913099,74.0275385611217,69.77405694482493,71.26398053922969,5238564,390967797.59760153,-0.007540848273120449,72.41267305516243,32,1,-0.0013581819900908968
990009,2022-07-05,70.82768462675378,70.82768462675378,69.85412035313958,69.99979458991638,40127825,2744311446.3928514,-0.017033474182455897,69.2838041289014,32,1,-0.00765492555155009
990009,2022-07-06,70.15427264757463,71.0003452796685,69.65108829981527,70.26435361929154,10682376,761159933.1775398,0.003882146958739712,60.72739478370375,32,1,0.05497689137051901
990009,2022-07-07,70.74448850778306,76.99030405006526,70.25175531862557,76.15905609898022,6485602,514888024.7194496,0.08329619383411582,58.31824383486205,32,1,0.011497901747838405
990009,2022-07-08,77.25935873037024,79.5613796423367,75.54742664302067,78.38666278965864,20544817,1687856015.684251,0.02840437924038136,107.16406607085538,32,1,-0.01209474440206564
990009,2022-07-11,78.27623794412506,85.7800838081623,77.70751976237251,85.41318389890068,15142190,1219457085.5928304,0.08937001755908773,66.89185355506564,32,1,-0.018863238445533136
990009,2022-07-12,85.56738888105696,87.11497545255534,84.79129515139107,86.44357587515748,10706654,821797810.5189998,0.010620506817648588,139.8663359015669,32,1,-0.03762066876692564
990009,2022-07-13,85.19265490547491,85.97621162372837,84.76652551856431,85.67387979487685,9058591,826520861.9686264,-0.006193481001885517,79.81750738741056,32,1,-0.0026045224639481184
990009,2022-07-14,86.58057416139991,87.17301934852719,85.57111754501186,86.5796761107177,13854431,1146436661.0862274,0.007528301604894439,62.70207831277703,32,1,0.009121984167575727
990009,2022-07-15,87.38354952727265,92.76863707763836,86.56383324139138,91.90629745401745,34127268,3409919431.8338675,0.06299830115980716,80.3933769227594,32,1,-0.06064067836855993
990009,2022-07-18,90.11897166847741,90.70662344304866,87.44675843886684,88.12479861276724,17858731,1676359151.313697,-0.039001176303019185,70.53495901448889,32,1,-0.04336028922541588
990009,2022-07-19,90.01991597307094,90.01991597307094,87.68658859934308,88.01493944739116,13690823,1200538605.321503,0.0019745876933840224,101.40609520701985,32,1,-0.016739813814796577
990009,2022-07-20,87.76045662476986,89.64461025848505,86.0859651130206,88.23708637301037,26127518,2378992301.1115284,-0.0009901509466716087,48.340446769654285,32,1,-0.035015015082667876
990009,2022-07-21,88.64422792921226,90.13274017653654,85.47414836545981,86.99373058126858,13381021,1236317789.2726102,-0.016986376048923977,40.03552985041172,32,1,0.0008221330390718734
990009,2022-07-22,86.87071470737504,87.30124466301729,85.69811978413199,85.7906152963885,18690080,1712359360.0106328,-0.009219828861058533,75.9779895115259,32,1,0.005182934000416399
990009,2022-07-25,86.20603108312142,86.80099188678336,81.75256728636295,82.74792031098636,15094633,1187929617.2720747,-0.03712086241243239,87.37928035792935,32,1,-0.004376021521641793
990009,2022-07-26,82.6717935695553,83.07923849799255,80.46980840428027,81.09801930818266,20645745,1838036629.1563523,-0.020101040612038584,74.31477560644356,32,1,0.016737540183835983
990009,2022-07-27,80.41836212387436,81.9449424494625,78.67002204133294,80.48095435775139,8865657,815864249.8555065,-0.009147970723972047,83.28033650891064,32,1,-0.018900189926511803
990009,2022-07-28,80.49301816152145,82.48236306067243,76.21316877972076,77.86551048537973,5048643,424699404.9088241,-0.029922240625131755,79.75079983892167,32,1,-0.0019772512925059623
990009,2022-07-29,77.76317191611672,78.47587303683294,76.26341199124481,76.89650594578214,28876609,2194643080.2533236,-0.011491777208795347,44.049897814421335,32,1,-0.03203652056417337
990009,2022-08-01,75.9810397720971,76.84386744584687,75.60290685051868,76.10371838610001,43564935,3098868893.485282,-0.01315564747504135,74.21260545647266,32,1,0.008400058554423202
990009,2022-08-02,75.12794652599963,76.16872171464279,74.6633013259502,75.47347012049825,6093714,454896130.98819935,-0.005672534841022671,100.65745690648738,32,1,0.0018472493140995099
990009,2022-08-03,74.60561257050234,75.13411537392098,73.96305085657205,74.36829522240491,15402714,1130938516.1222239,-0.012483041136834322,71.85475550821356,32,1,-0.03816578656029526
990009,2022-08-04,74.26687374718804,76.482649913578,73.6058742016021,75.53073046185922,9792132,630731493.5915422,0.008191504278317179,46.34024213434888,32,1,-0.005404319447809375
990009,2022-08-05,75.52436456656181,77.20876297398017,73.53925685112897,75.02368499235347,27168822,1941726365.2538548,-0.004902039627241956,61.88808839650872,32,1,-0.001723473901112531
990009,2022-08-08,74.38034969459247,75.79175581591954,71.47489561566026,72.99917938240192,16633747,1141645004.9858294,-0.02883900214019701,80.49000418359607,32,1,0.008286786185652631
990009,2022-08-09,73.4091520141976,74.99505166680802,71.0894001516181,72.19638018954087,186600438,14365371258.200266,-0.00900430765356895,115.85454081576889,32,1,0.009451803125114849
990009,2022-08-10,72.08561033756577,73.93411268299369,70.95773032101454,72.99322059278657,10559514,712181861.7335055,0.011428162233559646,38.22422462068497,32,1,-0.023178703979749443
990009,2022-08-11,72.71615427114502,73.70225787274654,72.14251581026215,73.24125639965683,42842147,3436322111.996734,0.00402137669555348,75.98361372194957,32,1,0.023439758541013156
990009,2022-08-12,73.25447076724407,73.74763476332788,71.86115418508705,72.37004116796948,51155548,3779410510.312211,-0.010796823739488228,51.83992457735548,32,1,0.01588611011245067
990009,2022-08-15,73.5508148505779,82.3778557165654,72.44519642475552,81.33573346794323,22439494,1600436573.7690463,0.12231914936302446,79.33578963479424,32,1,-0.023285252702876146
990009,2022-08-16,80.22721281822399,84.67478306287705,79.36088938650555,84.18334757769318,15250812,1207371867.0273218,0.037218332979990186,81.2301054441688,32,1,-0.036412671370898014
990009,2022-08-17,85.67148386106884,91.44142877400535,84.3779611925305,90.00534867811459,14327136,1324647139.9449902,0.07026431296088795,63.758065768183215,32,1,-0.020885683827559023
990009,2022-08-18,90.68419266288467,92.61913146457297,89.22227780987306,90.6270868721423,13283413,1342870268.0580764,0.0054226159577523275,82.28394050314239,32,1,-0.046740573662949515
990009,2022-08-19,90.76086160187656,101.19656991594353,89.27265899763196,100.01116540546998,32335710,3319191725.6883516,0.09997160568176162,95.55804414623854,32,1,0.005994673470498244
990009,2022-08-22,100.74952578530886,102.55410795003931,98.14639457822618,99.55315368321602,6841163,598045700.2893522,0.000457490643225085,65.0630947652653,32,1,0.03662362213538632
990009,2022-08-23,99.46015739065861,99.65705038922636,94.29093862854275,94.29093862854275,12025616,1179561154.5650053,-0.05288851976315214,45.96704997209584,32,1,0.04409555040202575
990009,2022-08-24,94.86128073917739,96.84512527083805,92.78389041917376,94.76609331818841,10417310,1002501004.3721979,0.0014096608558250142,103.92668963891383,32,1,-0.03473749218307168
990009,2022-08-25,94.39266945171147,99.07084355445002,94.03160696153193,98.60618254369751,3273312,338212049.53870213,0.042617840575402514,87.1994395565281,32,1,0.024166888666811978
990009,2022-08-26,100.00905038206739,102.03726877598162,98.41109997664333,100.614260880454,26887902,2438293950.584501,0.018528584704121883,80.65613251689236,32,1,0.0021170305992366284
990009,2022-08-29,99.62186472106644,101.96575065615039,98.409367585601,100.3759436237615,25916728,2966623805.117165,-0.0033729702058613222,55.681957891884636,32,1,-0.07576010668369812
990009,2022-08-30,99.86265687305367,101.50101537001133,97.83495251048875,99.54809379687458,8278344,764516656.3428938,-0.0072005235841394516,91.31478547550125,32,1,-0.010972102306251215
990009,2022-08-31,100.19696469835512,100.65673127791437,99.04694655009065,99.45231783602217,29224677,2871507105.4977226,0.0012261110130518307,124.55386758086297,32,1,-0.01446608892468
990009,2022-09-01,100.67078949410043,101.45220713585577,99.89565090221757,100.35573653305129,4106915,380922242.6301942,0.00522867665304321,65.89987770899174,32,1,0.03747942669023027
990009,2022-09-02,99.03829179373214,101.54545118855081,97.71410302404139,100.51050626430678,14668436,1333907827.3555124,0.002623895960203886,70.23504540286899,32,1,-0.02788091073900561
990009,2022-09-05,101.11404857070677,103.05423365272745,97.06019337169448,98.68007925981304,13053607,1192868453.4189315,-0.016806838814791083,49.83452225893247,32,1,0.017142241694089656
990009,2022-09-06,97.8225795767859,99.66052148638342,96.93886413986738,99.27903876022054,14399268,1534642500.999544,0.006167123588666513,55.212658659675476,32,1,-0.003898197372214806
990009,2022-09-07,96.90938990415667,102.3257841113462,95.59535733889585,100.77164017211568,13765160,1447419612.4384599,0.014231961390344104,49.69599730515765,32,1,-0.045929321617737884
990009,2022-09-08,99.74424446474711,100.23504170582481,99.63130044346674,99.83193510208656,12352853,1255360687.8431895,-0.007965087031593467,70.99200357906572,32,1,-0.01787267811377382
990009,2022-09-09,100.59827338332526,103.59271776453157,99.28204170957991,101.66443273526482,10238547,1004477193.5954211,0.021051493172923565,61.76156527866393,32,1,0.04755184514976677
990010,2022-01-03,5.710427362952208,5.799936286938506,5.643831987685203,5.715421764035642,124921631,671808452.3162514,0.00838430629957903,23.420855686535937,1,1,0.0009636824200214859
990010,2022-01-04,5.663520915067998,5.8341138687359875,5.581619419294756,5.711579744985964,117013615,554024322.6800169,-0.0012262544533173931,32.862775090564405,1,1,0.019111781124138378
990010,2022-01-05,5.69323191368136,5.838199299073699,5.656411839551369,5.792196680124736,116983720,734858460.0076429,0.01211835852462983,8.985493626363539,1,1,0.03711761567173725
990010,2022-01-06,5.715197291350258,5.771200435257634,5.536337923017679,5.5753504576097095,173471739,933452846.132424,-0.03369091518394513,21.647102845169982,1,1,-0.038565416791083613
990010,2022-01-07,5.487609072357284,5.707260796003801,5.379354696392761,5.600177909498376,185305354,936681318.6086487,-0.0029274144513585522,15.889234144291574,1,1,0.049120515170119096
990010,2022-01-10,5.555872347835491,5.780611398047955,5.470660094496908,5.622754977822751,308378874,1623701584.2113717,0.010872235419947559,21.470261183173076,1,1,-0.006596055832494367
990010,2022-01-11,5.707035331875806,5.742897873859693,5.566149021384252,5.6024484718056495,153420506,940762999.1237136,-0.00349979140118086,30.693272127354145,1,1,0.02635906914143539
990010,2022-01-12,5.6187725191582745,5.728009840838881,5.501610243482069,5.631602585939041,325396411,1738459513.0753107,0.001773757869852186,24.501888816506124,1,1,-0.018795672610195453
990010,2022-01-13,5.728302548326825,5.757793002179315,5.406803601082841,5.462763453033819,110617681,646742349.9335756,-0.03127095288137159,21.31721909784565,1,1,-0.04251723539250461
990010,2022-01-14,5.4138510159094775,5.484998451832325,5.3280803691198555,5.372699359472797,81688296,432168184.6188759,-0.013306838112109648,21.272064988084026,1,1,-0.03442556015650761
990010,2022-01-17,5.39455534421269,5.538154312212057,5.3215754102120405,5.457394275925584,147414554,725057397.6640404,0.017286311878689016,11.269356806225149,1,1,-0.007751779033780819
990010,2022-01-18,5.399360818117126,5.470492804316006,5.363903040291355,5.4128160073215055,200880973,1284567771.7203872,-0.008464707885080231,14.717324411544602,1,1,0.015473943635932276
990010,2022-01-19,5.395146713589011,5.501734275859036,5.318995258630155,5.411509814926673,255101760,1524478889.053474,-2.5641089570073747e-05,32.90701917653659,1,1,0.002085280788178766
990010,2022-01-20,5.344632703150223,5.550065597016194,5.285737142177211,5.4820839207207674,409400419,2056234495.25725,0.010331849125270175,17.298406322366585,1,1,-0.005559123908866126
990010,2022-01-21,5.4080566213909735,5.652237203715302,5.306799088000429,5.5500753382060095,195173195,1244409340.2976177,0.013168295666626431,33.15386403732338,1,1,0.03160687024413265
990010,2022-01-24,5.490368226582999,5.665632319487467,5.451869280079595,5.608600866788318,272000701,1552639921.0229394,0.009543755593012406,29.31991775291143,1,1,0.0012919408625336637
990010,2022-01-25,5.6032984814456235,5.706923011366955,5.499028444344429,5.600152218818754,355179490,1815223173.4101338,-0.001384719624531367,29.933410573965414,1,1,0.008837791710617384
990010,2022-01-26,5.548802116538994,5.806440648528525,5.478667423955918,5.740389322645388,103889835,562439754.6373408,0.02410131342107078,24.14631894758861,1,1,0.08574284305364703
990010,2022-01-27,5.704341921962686,5.7208905460463475,5.565468299481371,5.58098712465929,150188183,945530529.7703556,-0.025366599375405946,17.787197167549486,1,1,0.0010196500229903253
990010,2022-01-28,5.594477757354784,5.7017551242624185,5.142692340269841,5.219403165280089,858570686,4282475952.0385485,-0.0641736371521185,19.929893263256066,1,1,-0.017663242570149517
990010,2022-01-31,5.15008167182638,5.45393662416805,5.086429864597955,5.402654265945646,248752564,1576797324.3512843,0.03325835922232471,27.25552163746199,1,1,0.014302311385759381
990010,2022-02-01,5.399411491268888,5.428425605260107,5.315189370209526,5.356539231682076,253989838,1305954056.2197127,-0.008116618283224243,8.900289888608393,1,1,0.021178060012341682
990010,2022-02-02,5.408175663525594,5.4642685585855135,5.286799172835978,5.337208799419023,282257253,1491970876.0327446,-0.004222105155130389,34.518849080024324,1,1,0.009413614442611405
990010,2022-02-03,5.3895948330847885,5.4383330546850654,5.285289527046827,5.327658128563572,69520956,442023916.24190336,0.00013917224053351326,17.336029782897473,1,1,0.005500213611613486
990010,2022-02-04,5.356445765506807,5.449825857925994,5.305245993430755,5.389570433127867,113845587,649921744.1547756,0.008885108616111302,20.451037367708917,1,1,0.04149984340762725
990010,2022-02-07,5.357761418360443,5.491805594710523,5.209275193589076,5.330676535863708,92193075,453920758.0897539,-0.007317482253813463,20.521272848831817,1,1,0.03810490947819086
990010,2022-02-08,5.307319963537904,5.454234386146261,5.157405301014596,5.280643754654555,221228662,1028106744.99592,-0.010849234927954017,20.832180574973126,1,1,-0.0019428188925770741
990010,2022-02-09,5.2656367997470195,5.311062105151663,5.143232664921002,5.195724841752957,138275326,692535081.8686615,-0.01916258426333439,12.469423615657204,1,1,-0.016241244420863714
990010,2022-02-10,5.2705635126238635,5.348073970246813,5.139072502394154,5.21215738128939,172153530,909336916.8497028,0.007707998540514778,22.476826847644013,1,1,0.012896437919739153
990010,2022-02-11,5.235554253923995,5.387853385144093,5.1504040030379725,5.302913305285499,124990539,652636381.164391,0.012982569531246447,26.76677044851227,1,1,-0.01639712735370095
990010,2022-02-14,5.2799255358050665,5.3965404338645335,5.24200464440162,5.32065083556721,64167917,363107572.4009223,0.008293949900036245,9.209684433717216,1,1,0.0252816486416134
990010,2022-02-15,5.351861386185883,5.450677833874087,5.293708342987964,5.3461698777499285,255035935,1490157895.75642,0.0051512938959521045,12.53523797294952,1,1,0.012756641709422917
990010,2022-02-16,5.378576601059409,5.479263997132374,5.181496713363422,5.286347557938032,61387568,309480319.758937,-0.011370976888158508,30.129426326123845,1,1,0.0737640598873184
990010,2022-02-17,5.309339125694269,5.376407416701276,5.28497204206248,5.353925771490204,102928054,593684562.6586813,0.009521780912081149,28.008998238747143,1,1,0.041257167320172795
990010,2022-02-18,5.364600641884583,5.443233673578495,5.276616443610043,5.386849769785033,77806872,412200744.45913154,0.004918186790342982,23.822607246818706,1,1,-0.028063830889424237
990010,2022-02-21,5.357055486118716,5.467735323851487,5.2222249762758395,5.343064004650629,94429840,451775726.7218751,-0.00924223370683501,16.113233756991285,1,1,-0.012853858277708519
990010,2022-02-22,5.3861512712272805,5.463336060859685,5.374174875654523,5.448442684419276,180788460,1096209113.583714,0.019884716637686158,28.073031486257708,1,1,-0.050750637800119076
990010,2022-02-23,5.329669555816255,5.587699769497726,5.25807757196529,5.525511426115519,328218691,1836447857.5870166,0.014854122854469009,13.04700891607912,1,1,-0.056829621944731026
990010,2022-02-24,5.5461800392752485,5.605946095949457,5.436031901721146,5.4795265006687,67534713,284311910.81599665,-0.004955932782568999,20.039818458092093,1,1,0.004329879486304618
990010,2022-02-25,5.474427498927215,5.589211834730255,5.3715844404472755,5.4736522597612725,114526732,679725068.6459777,-0.0010545835978764567,12.505981161012674,1,1,-0.031150721645941026
990010,2022-02-28,5.39028665871963,5.638466098683861,5.285129483751354,5.532194977354276,60565235,323282438.40757895,0.007409122209211273,19.84397045534916,1,1,0.045817532201378235
990010,2022-03-01,5.450334285625486,5.689119435374324,5.405087168024598,5.621117403338525,111451388,585622714.469741,0.014789875895795147,13.996492335753706,1,1,0.032690460485188574
990010,2022-03-02,5.612750546729979,5.672387902970118,5.48322102675969,5.544433210433936,169622049,1036009694.5800811,-0.008794178636630378,28.519530620574645,1,1,-0.006136603989287405
990010,2022-03-03,5.567058809219399,5.567058809219399,5.429308681768249,5.4461979963842575,259562269,1195849418.95553,-0.02227390645824172,25.120691427423214,1,1,-0.007679951651838442
990010,2022-03-04,5.472730529942678,5.597682782755343,5.2168698905929,5.295960667054681,47213389,240264256.46440402,-0.021310290780465018,16.852697614965003,1,1,0.0415851894021551
990010,2022-03-07,5.377692737395327,5.40285343645999,5.296489542313089,5.363745426936871,217365824,1184963795.9091153,0.008123314030638987,32.51097071097344,1,1,0.047811882241159606
990010,2022-03-08,5.29516610199586,5.359904669293758,5.231736507960295,5.311734758729677,95654594,527500305.5375676,-0.008718614437266549,14.423648565278018,1,1,-0.02409415934530061
990010,2022-03-09,5.3425421661599115,5.415998752408499,5.089709431440478,5.169731677482631,78897983,487407007.43380374,-0.02653836508716804,20.86986068103935,1,1,-0.027586920316667766
990010,2022-03-10,5.2038598028467264,5.4715009422914065,5.133203634065495,5.373928682780049,175815056,895115735.7605915,0.03900907749935214,16.555704037171655,1,1,-0.006940539593185373
990010,2022-03-11,5.372512722080848,5.487247709048624,5.272934581167847,5.350646895480777,238287163,1343405472.4154,-0.002567010202697414,28.369499001384572,1,1,0.012950461389458502
990010,2022-03-14,5.394855887704911,5.459474471044133,5.188935295003622,5.267411831964797,159488050,971850107.7041134,-0.018112970431225162,27.288285613570817,1,1,-0.012714864507193953
990010,2022-03-15,5.175046714371534,5.429140932810329,5.101440373452437,5.366274714267986,84265019,467525922.8496553,0.0195539691129767,35.31106199480826,1,1,0.0135214944910022
990010,2022-03-16,5.290937997873051,5.386129903731952,5.205949877150286,5.2723896581771585,148781043,880168964.4783152,-0.019210860163439834,21.872857622743975,1,1,0.05421396688426928
990010,2022-03-17,5.346023799480055,5.368328623333405,5.202863031467495,5.247139009276587,109282614,506791941.7682892,-0.006088971800689424,6.216432698893235,1,1,-0.03695402898376585
990010,2022-03-18,5.213213088087052,5.479880213002241,5.161363622729811,5.418037773692214,229428880,1405899663.196433,0.03559140494761018,17.82384410978257,1,1,-0.010867895063384264
990010,2022-03-21,5.517047695087201,5.629066765494103,5.295694479604256,5.415279034496705,333728357,1577244832.9014313,0.0013842310910253382,39.123148717599506,1,1,-0.036436864927361125
990010,2022-03-22,5.359844128917633,5.437492636086001,5.331302666541932,5.386086943676961,300495880,1678421775.8633118,-0.004754321492027292,18.594840200157122,1,1,-0.021486155373645927
990010,2022-03-23,5.492762755481141,5.518300345565615,5.291399060919922,5.339727074582245,151372751,870212729.9565752,-0.014211780641643369,9.712984123178533,1,1,-0.006766298305084137
990010,2022-03-24,5.285435762922166,5.335856496165455,5.261856341112913,5.299732025225276,310520419,1663111829.788107,-0.0072370451838118174,25.28112584380385,1,1,-0.018515238717519727
990010,2022-03-25,5.3174340625569005,5.398158797388474,5.030585375388907,5.115059943837221,85306642,468793171.07383233,-0.03352948281766204,26.036393396222042,1,1,0.015362151956886705
990010,2022-03-28,5.108348109562983,5.298654177234696,4.996579368402916,5.20116586737587,498445442,2631188596.970645,0.0185164998968224,15.823405338400299,1,1,0.005338425902340153
990010,2022-03-29,5.1995966178257556,5.312573484500838,5.137433807896426,5.233922821338548,92956986,511837431.5389495,0.004780339246175121,19.18486280164708,1,1,0.009360256047533133
990010,2022-03-30,5.268712811347127,5.394410263999012,5.244106126819193,5.394410263999012,49223718,289605837.84942836,0.02965695456972187,15.074537621379356,1,1,-0.007092832568019363
990010,2022-03-31,5.331190860427194,5.427192380728346,5.06219336784774,5.126754761504234,374743962,1980964353.6645522,-0.04595859833545705,26.021127352166598,1,1,-0.004591397302255428
990010,2022-04-01,5.178525416577803,5.271513452330829,5.130601555026075,5.215390319328842,107483937,555531804.4981824,0.015970999648510162,21.645182074933956,1,1,-0.008287808236181818
990010,2022-04-04,5.20524503751725,5.298748268858964,5.105505514853273,5.2020572811059,183811445,885197247.7661036,-0.0002852011222250627,13.246134031359356,1,1,-0.005516290551042285
990010,2022-04-05,5.231998485758483,5.293557896692532,5.131705798528233,5.181925887140027,91592009,538960605.825219,-0.005817178217734461,21.084345094642114,1,1,0.012619550985756033
990010,2022-04-06,5.061225255450326,5.133565127210686,5.00396574833367,5.107197910436552,690777478,3342030979.7810144,-0.017709141206016583,15.786288663717375,1,1,-0.05100978238279406
990010,2022-04-07,5.06604012596351,5.293733727353152,4.998770217748633,5.246713217561026,479471270,2670456398.8498826,0.028272224706285355,37.568911097301246,1,1,0.00905935098473897
990010,2022-04-08,5.307093494855278,5.518787305230182,5.255845970233911,5.487688797493037,398256932,2398144676.326744,0.04790208511293195,30.10385308245627,1,1,-0.02235933050751138
990010,2022-04-11,5.509220170420723,5.602900942256392,5.370859398261713,5.417641757906681,179053004,1054578242.1997473,-0.0071498765049774924,20.160272496047305,1,1,-0.007966390939636461
990010,2022-04-12,5.480127684752199,5.654976398066025,5.473867038347966,5.606229464420892,316882419,1647311176.8546596,0.030587660472572505,21.856210490127754,1,1,-0.04117792209264707
990010,2022-04-13,5.610088675305914,5.646658158402904,5.558302137007933,5.586758963525624,168171998,831287370.3014938,-0.004983833067495094,31.552666654184648,1,1,-0.008504600429132966
990010,2022-04-14,5.683894542298181,5.737582584134832,5.402280797960089,5.481407007047467,345087941,1887453084.4818459,-0.01823253398731415,19.752430951871254,1,1,0.00878616469818549
990010,2022-04-15,5.518036557630562,5.609782329284017,5.304432890288897,5.400116384668789,129972202,769566226.8979539,-0.015320211203734927,28.54843948673,1,1,0.01365378355058264
990010,2022-04-18,5.384061829251011,5.502137458785083,5.29186371901138,5.430796050059844,400246191,2387543001.721242,0.005259482975986032,37.80838397061337,1,1,-0.03098632602805548
990010,2022-04-19,5.4706950881043985,5.526534225594367,5.410445410228225,5.458523233885727,119629962,754189794.909836,0.006667682175843758,17.400361348052904,1,1,0.012343284418702258
990010,2022-04-20,5.518139637057261,5.594268558679565,5.475253601435095,5.533390799699209,143091100,776187310.1947781,0.01264896935007095,40.372690843673226,1,1,0.032197741345949535
990010,2022-04-21,5.578814310042683,5.858200584884334,5.522739609471437,5.813456388331594,113113341,750895688.5491812,0.05091201682166261,36.05036125591495,1,1,-0.012172103799705913
990010,2022-04-22,5.8006289142962855,5.945477637303722,5.698760830861884,5.830794002353551,198185663,1075946099.0313363,0.004094710610566906,23.354782201586172,1,1,0.0012628029465993063
990010,2022-04-25,5.853456700617099,5.897106895350753,5.700570727323974,5.759296602846582,125506440,754019067.6198514,-0.017280060507365448,17.73098180305296,1,1,-0.054949935636838906
990010,2022-04-26,5.818943681666419,5.9249567864143415,5.5501503271479935,5.649438635938258,240616023,1285200707.5124032,-0.014513568257413073,23.240113960816675,1,1,-0.02312813833430164
990010,2022-04-27,5.6805797856855955,5.772920600313009,5.568614097349051,5.636434048218099,123224178,693175478.3231488,0.001261456378254023,19.202075819441806,1,1,0.008586141347619829
990010,2022-04-28,5.57596546309992,5.680776309539231,5.478070626350138,5.588098685838673,272261695,1451182613.2761536,-0.016552773793039932,15.410300736686189,1,1,0.02719136352996576
990010,2022-04-29,5.529450111104143,6.091273927787427,5.413127712759329,5.982046385041675,452659554,2449846229.283713,0.07613700898929127,26.120743535749682,1,1,-0.01504018415466437
990010,2022-05-02,5.950300954621239,6.061745284885342,5.8497101143869,5.942596056525963,169341516,990990463.8813041,-0.010057892416706888,14.035585837280287,1,1,0.07374654065472555
990010,2022-05-03,5.882395633352818,5.91112176348445,5.848890659046477,5.848890659046477,601736661,3404611860.3141556,-0.01265244838827376,18.494357060255158,1,1,0.00976418509493799
990010,2022-05-04,5.720192101540471,5.9427474385705,5.649958023388408,5.84806249576675,309663312,1946797555.4544926,-0.0026387251973283006,18.591816302905873,1,1,-0.03335019605394567
990010,2022-05-05,5.96211603080238,6.087958785726146,5.899466759453792,6.006281164976568,554720463,3620689934.2376003,0.028323268749782488,12.20837894000386,1,1,0.03620174725851279
990010,2022-05-06,5.960370053836022,6.029442435670006,5.90717335061073,5.971453816781457,155976388,918964946.3108613,-0.007879122395397141,27.449944834618535,1,1,-0.03279569745275806
990010,2022-05-09,5.933806680116635,6.124309682941026,5.796812094161199,6.011411190159478,59727255,387800289.59364164,0.009136760377971249,19.326256733416056,1,1,0.01015906412599198
990010,2022-05-10,5.901565876315092,6.091526572486959,5.826352139964487,6.015803657968506,101448550,658822389.891638,0.001615724967287071,35.26822656163137,1,1,-0.024002977348814014
990010,2022-05-11,6.07082281969636,6.13569581714644,5.848950551881589,5.899299479147996,113746905,674822908.3734202,-0.021154776076674868,19.200910776204204,1,1,-0.035633995399527156
990010,2022-05-12,5.88353037719583,6.120618923405711,5.788370618191753,5.987926049696761,95585709,481204675.402061,0.01632246850469613,17.997883037143772,1,1,0.027372942371094115
990010,2022-05-13,5.9720473784735955,6.213959118784965,5.914379333893807,6.098705677958624,42749109,273317452.6717273,0.02166329454387635,14.728802081296463,1,1,-0.0058183223186346455
990010,2022-05-16,6.110832707338334,6.161125921799989,5.9809153518330085,6.034036723775353,299380499,1733037226.914445,-0.01323406988123464,21.49482730302478,1,1,0.04811243440598245
990010,2022-05-17,6.07384135217975,6.100563362167759,5.984859491079493,6.065495213507276,58452035,328611115.06920993,-0.0017234165906805847,21.543058807134344,1,1,-0.02641213263953843
990010,2022-05-18,5.984294351615862,6.029976610572809,5.927859943934596,5.946169544531091,264937015,1694711960.2266529,-0.010443498161379901,28.362762490200726,1,1,-0.04112652434445284
990010,2022-05-19,5.84056805449428,6.009156156867697,5.7876104838605835,5.977560892516408,658583682,3135662740.221285,0.001134632029436107,21.734820020537846,1,1,-0.011791154768239637
990010,2022-05-20,5.897727960745412,5.980987007590812,5.553416695123117,5.644729254518604,100186567,706597327.3648816,-0.05476573168673949,48.028087336276194,1,1,0.07975289787700439
990010,2022-05-23,5.579849696059105,5.6338416611741335,5.511870652761539,5.6338416611741335,208992061,1172175633.1762211,-0.006064228914533776,25.349824800821533,1,1,0.023889651763354943
990010,2022-05-24,5.611952943592213,5.682465958326446,5.611952943592213,5.672672560225942,138150828,808914996.6077535,0.012841202431019353,14.246191317939934,1,1,0.016283397340540948
990010,2022-05-25,5.741222364391526,5.8258175035104,5.4435404727840915,5.5082258235846355,289748821,1471265917.9569607,-0.0313432043923893,13.764694637945297,1,1,0.017181031257907986
990010,2022-05-26,5.590304732598044,5.634482640262222,5.428067393551814,5.479570901060847,82925532,510942848.55493206,-0.006364313615819496,26.14669195056364,1,1,-0.011931803638696144
990010,2022-05-27,5.377737338790326,5.585162233993805,5.33801416473184,5.520343505433758,146812116,802920090.0727181,0.009185329151374376,14.065237032115492,1,1,0.07537534842454485
990010,2022-05-30,5.550054517393426,5.647631055337327,5.430288019264147,5.516015428827195,307094475,1780153647.364434,0.0003933787301206919,26.771821613256968,1,1,0.013680975534734081
990010,2022-05-31,5.482430937086143,5.570437589688045,5.4252808353574435,5.4880517400502065,155162671,803059840.9628328,-0.006552767439690854,30.12675536180846,1,1,0.011133924137394752
990010,2022-06-01,5.650334150213418,5.773597051345107,5.355890878819937,5.468951561216921,68555537,382909836.5865687,-0.002907365457935056,30.41251615720066,1,1,0.0279898348019011
990010,2022-06-02,5.560554965074391,5.61221464052112,5.401046182434924,5.464790205283886,336682076,1713468272.3365278,-0.0007552938636696217,14.941670172780938,1,1,-0.03334710892147106
990010,2022-06-03,5.5745912184435245,5.636664193063844,5.171492234192429,5.270383341491551,77523558,423455950.52419585,-0.0379675782234892,30.43311530004818,1,1,-0.022647702601058396
990010,2022-06-06,5.290883729906549,5.343770175098409,5.218981880367094,5.270599151769358,163312765,921067646.0338602,0.001095666489283465,24.048069429526883,1,1,-0.0054308944226782434
990010,2022-06-07,5.284489680985724,5.404267513058871,5.225336270742179,5.338036757500916,218843688,1224164214.5360732,0.012493944390075333,16.602027546745877,1,1,0.028165450918013486
990010,2022-06-08,5.2873881245401835,5.3443808743951395,5.2507082165227175,5.281456865193056,176788268,990407603.8739042,-0.010161425124256827,19.864534589505944,1,1,-0.034021017285638236
990010,2022-06-09,5.247483939720065,5.285693252819701,5.141523290275384,5.190690933564134,727832808,4131392988.6350765,-0.01842093287082753,25.500737137026455,1,1,-0.0005915482555631541
990010,2022-06-10,5.1454367131306915,5.260298557800989,5.095693127989909,5.211289272308665,250846318,1451400874.3329887,0.0032786303597657964,16.17366337273443,1,1,-0.0044349800527576574
990010,2022-06-13,5.246262533612716,5.485658230651665,5.206379953751262,5.458823930951074,135077382,790601970.5886414,0.05083469617988451,23.85197156236754,1,1,-0.04152704569581494
990010,2022-06-14,5.527364857417651,5.637926036164082,5.47554793664073,5.567702084197162,234181577,1307924472.632623,0.01769255141659551,37.34351370516591,1,1,-0.012586111404432854
990010,2022-06-15,5.526705403952592,5.585722432860069,5.456347754749665,5.508963664439039,200665441,1103520326.2938104,-0.006352293308382774,30.944754470490153,1,1,0.015967195664748742
990010,2022-06-16,5.48496544425538,5.608371421291211,5.406938359613875,5.5227406250020055,161630247,932963108.5236683,0.004428031648269956,21.864202182843375,1,1,-0.039052057157510006
990010,2022-06-17,5.447748053202799,5.4932002050305755,5.447748053202799,5.476865950665645,198538033,953334428.3828193,-0.01636820731957952,23.222025063628188,1,1,0.03957408515759544
990010,2022-06-20,5.472169570745137,5.5665479175164885,5.319147809172716,5.412936740801193,105122146,631880782.4106288,-0.007400634775964684,17.074131992742377,1,1,0.013951517994627401
990010,2022-06-21,5.489963918793035,5.64566974659768,5.366178464088423,5.520194435646286,179080915,935342777.3703753,0.018620789188428688,17.268185382906758,1,1,0.01063657954992536
990010,2022-06-22,5.573674501187455,5.70639188684385,5.439664889775294,5.547317734854216,110236098,671354967.0377817,0.00789066192305941,11.374795659250383,1,1,0.0014604127821781121
990010,2022-06-23,5.6390935876277934,5.76591140477755,5.28607673316013,5.423113895933569,56756966,263837330.9094325,-0.02229947076146063,23.37834897482619,1,1,-0.02843274453210523
990010,2022-06-24,5.446287543303565,5.57594462812137,5.398648158765229,5.498266431533892,337429345,1830978613.575687,0.012723927031343878,27.71029585741666,1,1,-0.01640971719877501
990010,2022-06-27,5.526243603069405,5.569788219451789,5.285792640431859,5.351386298616034,111539979,627011757.1218337,-0.029349753221501136,20.57698667657863,1,1,0.011067060489520502
990010,2022-06-28,5.415281671424589,5.53546000818493,5.335654516397706,5.4436382371507905,181409746,1000018333.2555386,0.01960018144317562,14.892564142657326,1,1,-0.016462911976237993
990010,2022-06-29,5.381879260974859,5.589749993279938,5.342368531342226,5.498893122577647,111083356,569120702.3890866,0.009784940048067629,21.727145191117177,1,1,0.006364991560963727
990010,2022-06-30,5.464764777670681,5.476757852719175,5.322760344332594,5.322760344332594,113917873,611163975.2335929,-0.03123814957730278,35.86326728122206,1,1,-0.02317831556028337
990010,2022-07-01,5.426117873685043,5.549187500417894,5.261651658547161,5.361147105547216,87037380,486045979.8507248,0.003372614289655968,30.154414329566837,1,1,0.01350019187479421
990010,2022-07-04,5.305569303080945,5.402533346010931,5.226058716936255,5.368682165707259,256618367,1763565483.5582511,0.001999813393993949,20.918090739120576,1,1,0.015527928621057134
990010,2022-07-05,5.349259169773923,5.818796744333388,5.347953312122374,5.790177238877385,317899983,2044646641.3169239,0.0814305514762687,47.17150942397671,1,1,-0.042974911099017125
990010,2022-07-06,5.827251523499383,5.870519162857337,5.690453283570079,5.751882810596188,173393856,1042814403.5571878,-0.008931592960802745,60.66411215531675,1,1,0.003066301948125418
990010,2022-07-07,5.74012610153509,5.814017277011991,5.632546616526446,5.713683787944175,132203589,699773878.4033041,-0.004793865025533542,17.475437554095816,1,1,-0.040095069794515076
990010,2022-07-08,5.800182204729963,5.863485466889745,5.568936899816813,5.623870719592345,60127548,327058906.28034925,-0.015537097601323884,19.191478708964766,1,1,-0.0493134607919636
990010,2022-07-11,5.691719933466988,5.938830937334111,5.656939738279738,5.866614832717647,255497627,1668219503.2250395,0.04256258978377796,27.82845917435724,1,1,-0.014893896710790427
990010,2022-07-12,5.910499035725806,6.026215340721519,5.727241361580334,5.835634332499169,123338816,668909265.1654781,-0.006657613386792207,14.679182343168588,1,1,0.0772106788533546
990010,2022-07-13,5.904693535221858,5.929347528930866,5.86546454763723,5.86546454763723,86533450,506375972.43434167,0.008203816731999276,29.58273148805148,1,1,0.02229986493963775
990010,2022-07-14,5.820547286457015,6.01321041702352,5.7657448736717125,5.977755134279707,157054562,972246746.0825925,0.016304631545272195,22.03371117632381,1,1,0.039051725677635506
990010,2022-07-15,5.958284958673084,6.009974543154277,5.861183356458983,5.924262756068105,134104233,790222023.3271285,-0.012884053027983384,24.51824553728273,1,1,0.017764419982973657
990010,2022-07-18,6.039488676926335,6.154910090738464,5.837076967736346,5.942595502588417,70224675,382121182.5875724,0.007736544729356491,16.819816122183653,1,1,0.006818459170209972
990010,2022-07-19,6.046999007773551,6.102248632642641,5.758123583306165,5.818994000839642,72296830,361809884.17820895,-0.02051059151840212,15.441866961700118,1,1,0.02555952476211698
990010,2022-07-20,5.7564379303227895,5.838067595246145,5.668179976630665,5.784402021771898,208723177,1120752166.5099678,-0.0057062802709687355,9.440591070905947,1,1,-0.016134678713253598
990010,2022-07-21,5.797352150817891,5.8952757735945065,5.621002506478638,5.736722897785503,102549693,620211529.7810555,-0.009357127532154164,37.91734429601177,1,1,0.014018589730661715
990010,2022-07-22,5.727752522205045,5.843990488328542,5.312299614837817,5.389205043396171,206562666,1296554474.3421757,-0.056640901880316126,30.67208071305991,1,1,0.033211510871967845
990010,2022-07-25,5.436386220948575,5.677385567807965,5.308989720394201,5.576243711020826,172778770,1089659801.1014812,0.027876571187956996,27.610981120201323,1,1,0.020236394013410063
990010,2022-07-26,5.624126760687561,5.653599491032028,5.4275607413364,5.444811269597563,301638696,1573945777.2561636,-0.02216696240775678,24.293687749872422,1,1,0.034995635350376725
990010,2022-07-27,5.534661545443958,5.639674986500915,5.424737980208046,5.4933779917582,102103164,509191988.65966135,0.01220445897750152,8.252029634681222,1,1,0.00619796860030093
990010,2022-07-28,5.519310700780462,5.593142026644389,5.417637964583463,5.490113429958391,194779439,1061658476.1441782,-0.0019455096121207222,15.671632276408758,1,1,0.04719999104822035
990010,2022-07-29,5.543877848097337,5.618088363704579,5.414447705924464,5.486418300765687,269659324,1192342892.5011253,0.0005052600850065724,19.113571787829713,1,1,-0.004418199658421565
990010,2022-08-01,5.538387446736836,5.599573100843982,5.4505808627555465,5.518533862565962,109272234,560100508.6461354,0.00413148399500048,13.709545456746339,1,1,0.058760884861103875
990010,2022-08-02,5.519108987449803,5.720860939133891,5.400802572041472,5.615440258640715,315711298,1636587120.0337563,0.018044234095760912,10.662646774155897,1,1,0.016818899873035878
990010,2022-08-03,5.517262121101555,5.677403237813937,5.437231601260712,5.58349822240642,59079702,365410582.67753464,-0.006020761704200612,14.301055710703732,1,1,-0.00919113312330358
990010,2022-08-04,5.641929390329091,5.745783342381752,5.486935761404049,5.5598677647589385,105796334,648879000.9908859,-0.0017237659882645934,21.58125180418201,1,1,-0.030790716189748917
990010,2022-08-05,5.607828027707565,5.804532187953105,5.526551172372963,5.726680819856206,63310036,368947163.09714615,0.028875609657313703,21.583443974477333,1,1,-0.020709462485819393
990010,2022-08-08,5.741201902211975,5.906306442582403,5.454246628838366,5.5907658969888585,103942987,595927538.1011717,-0.02690430735194308,30.26732027742012,1,1,-0.024821143379949326
990010,2022-08-09,5.516543528818177,5.565513832672702,5.453979871316155,5.497166941145879,165551422,707828119.8964617,-0.013434723504908203,47.460017630219056,1,1,-0.001171880028523304
990010,2022-08-10,5.599124521337818,5.6391954263422654,5.2603004769889115,5.26216689940655,259644306,1440324849.7852762,-0.03868880306250904,27.745838080123452,1,1,-0.0333665335123423
990010,2022-08-11,5.29527059500181,5.349895836745161,5.1793221247663235,5.2330411137668,157713944,787776074.3085868,-0.010494568166891717,19.73717769924835,1,1,0.03635320102904177
990010,2022-08-12,5.188792215893806,5.361892361672413,5.127696023070735,5.310489039901556,123959182,636829792.3393736,0.009624671960047312,42.86333062817898,1,1,0.004245565718985983
990010,2022-08-15,5.222233436117901,5.312063764057092,4.994108716175816,5.112121256104463,61186918,348984555.9653565,-0.03435056957393875,11.166650465099623,1,1,0.0031434759051850504
990010,2022-08-16,5.12330997143718,5.220429292694952,5.091432525703678,5.175990764337781,82391346,470397505.54654485,0.015398987664066194,9.077419261620284,1,1,-0.030417405403874175
990010,2022-08-17,5.215841657917323,5.310769094953476,5.125485646937181,5.216922602643652,170711622,1142589269.9108725,0.0068323844960711585,14.836028630973889,1,1,-0.019651373098106252
990010,2022-08-18,5.195719865719373,5.293164238676785,5.1645678168173355,5.290412344375747,288700807,1368230118.5405061,0.01260730898981626,29.15730551928422,1,1,-0.05907384384022367
990010,2022-08-19,5.315568936886514,5.4080686853005595,5.200847275391453,5.307890075805183,121206050,833407423.9606004,0.00820921069929699,22.627159849871358,1,1,0.04518244514447235
990010,2022-08-22,5.355181459806104,5.417413398677356,5.243470211742949,5.313311762598751,346645344,1610900840.4231405,-0.0007838763008856183,13.449867417888328,1,1,-0.03727144079935611
990010,2022-08-23,5.316681089257104,5.603224501227079,5.268362651258762,5.540932740176903,97191137,505602151.3277119,0.04022554974457053,15.824071549358727,1,1,-0.03521213478503093
990010,2022-08-24,5.4970724117335354,5.655123186843585,5.380043890641796,5.527513504294027,137777537,759958748.5838453,-0.004800736432245064,12.843016322825129,1,1,0.039624032442207524
990010,2022-08-25,5.56924352994728,5.674187068353926,5.460052911887168,5.575168714210379,143267254,831416791.8235555,0.012727751469350679,12.842885584945103,1,1,0.011765419813002779
990010,2022-08-26,5.629454925001306,5.652077746545835,5.463183519860983,5.50341391988181,408224493,2149827776.548307,-0.016819086587279774,38.90768058890929,1,1,0.004517573664782308
990010,2022-08-29,5.507601915934415,5.587461925910629,5.285157628373871,5.326105943639129,174619772,882780770.8876204,-0.027717922238608948,19.991222216284626,1,1,0.010480713462293916
990010,2022-08-30,5.308243509279088,5.51361042022091,5.12796574652018,5.310975890981184,56430926,351548558.2220294,0.002442467353528653,42.35499730251251,1,1,0.02714879826442859
990010,2022-08-31,5.2749663637818385,5.438199234447735,5.141490756473179,5.320034079637122,272924152,1473647346.2370803,-0.006554884091191613,14.81628129890516,1,1,0.003950913482666048
990010,2022-09-01,5.318256292126366,5.448829780866431,5.230962091666988,5.354768386608798,485884408,2453303584.8114686,0.006938001090514287,25.70088865904043,1,1,-0.04068903817658783
990010,2022-09-02,5.391562313362786,5.467654461567848,5.386913062082355,5.46114446762721,139763353,823141782.5047566,0.01946691123759786,23.15727499510228,1,1,0.021153638367659815
990010,2022-09-05,5.522041588571139,5.644205841965506,5.390665846183732,5.500612322153918,92826286,567598910.9312325,0.007305644005734654,29.938999202720236,1,1,0.012710127795178846
990010,2022-09-06,5.531372787172995,5.573099682372491,5.498192580463552,5.542764520020185,250567879,1640052802.53743,0.008681247283749584,23.410154443952678,1,1,0.033060906555861046
990010,2022-09-07,5.519152807745691,5.665907524121229,5.389958134317548,5.559692326153863,493128159,2950603896.89247,0.003958387356638285,31.200450525896706,1,1,-0.03269127560473773
990010,2022-09-08,5.505127781723724,5.580337271292623,5.471639605406933,5.5410634088137325,229115198,1325417532.018049,-0.003426741786312384,26.347106596615138,1,1,-0.018573115818657806
990010,2022-09-09,5.554702660450514,5.638852299400349,5.4576429745621455,5.541598884867458,61880083,363058583.73384416,0.0005765520634335076,13.65429374450455,1,1,0.0118883113724776
990011,2022-01-03,112.66214538030914,114.0546426501493,111.71925227536502,113.83543701458733,8098763,921843457.8464485,-0.007294160185024937,1038.7333056826315,1,1,0.04866364726941161
990011,2022-01-04,112.08699578162545,117.01513638222367,111.82622947545615,116.23804011414069,11511549,1333877440.2116272,0.025908131854766897,678.0989516042131,1,1,-0.007822569244201593
990011,2022-01-05,118.12438973639102,120.94925257793263,116.53827771747433,119.69691056800092,24204021,2684294055.5937095,0.02749671319418083,521.6691354845842,1,1,0.02129146978850207
990011,2022-01-06,118.56863521627596,120.1845601644153,117.79974577899304,119.51653842288495,9772309,1063877788.0708328,-0.0003441498230323009,1306.304144247033,1,1,0.018703652224169434
990011,2022-01-07,119.715464778507,122.78684337614706,113.54704240821134,116.64194955871541,67763729,8741933975.335323,-0.0232589948165184,489.7082890107884,1,1,0.050826923395901585
990011,2022-01-10,116.44039597926935,119.8075231702636,115.09974096809502,118.36799805689269,16006630,1562682158.5097196,0.01255575499305156,373.72462130465124,1,1,-0.015198300767455186
990011,2022-01-11,118.44057059158872,122.24312940676971,116.09157068060172,120.27840931026184,8546789,955398813.6249598,0.014365943095681101,940.015152888246,1,1,0.002240263917830806
990011,2022-01-12,119.52392385642072,122.53397896962115,118.17509647936718,120.87179924283035,14624498,1730442479.763551,0.006742525455342351,524.8142762801459,1,1,-0.04607901665765576
990011,2022-01-13,122.0572006066554,124.40869325790305,119.16373822039195,121.34841037314224,9184186,1131876709.5667026,0.004816328203350877,778.5311882889825,1,1,0.00214621859973873
990011,2022-01-14,120.90601558505443,123.13477855022134,120.87037883026103,122.2138548636184,8028296,1000596114.859696,0.010551263461487938,1241.9952663526767,1,1,0.03538088740074009
990011,2022-01-17,121.89754024707727,122.56770670019617,119.88591723038034,120.2201774287593,27823428,3447047375.959019,-0.019347648618366655,422.12842483351756,1,1,0.005874744773864966
990011,2022-01-18,120.7217062498279,125.40974428416982,118.30267541563276,123.54967980358782,22801301,2616868241.1021137,0.025195112648540574,662.8101874614337,1,1,0.07296819306294845
990011,2022-01-19,121.83806803113514,127.86110779122922,119.22266159432895,124.66305956734662,20756975,2756988535.3331327,0.012843502817362608,1109.5287345081722,1,1,0.015498306032723662
990011,2022-01-20,125.7437084523976,126.28107212417802,123.88237335000572,124.79874162660583,30856402,4135084733.666502,-0.004152884290305086,846.2588098636858,1,1,-0.018481884637279813
990011,2022-01-21,123.40875811830907,124.2823287715502,123.17509356815117,123.17509356815117,20116129,2778581730.1638255,-0.009321991574107414,632.4007210759947,1,1,0.013448666155224123
990011,2022-01-24,122.63552759097752,125.48474041625666,121.24154892966158,123.71676572560142,9197401,958232789.6192881,0.0028366370659316026,1506.8456148923558,1,1,-0.04806631782933675
990011,2022-01-25,124.30426434568326,126.05673143406321,121.6844465006925,123.50556645623993,25787658,3079767112.5176945,-0.0005224797651106141,650.73022073165,1,1,-0.02676980391308041
990011,2022-01-26,123.16068653433778,124.75901807306937,120.3487507788646,121.38682916171804,7453685,1006905160.6428539,-0.015623701561739234,768.5372172735781,1,1,-0.040168899362297755
990011,2022-01-27,121.74049817364306,124.78239366500185,119.82544034065297,123.35084312230306,12606056,1578217635.5917642,0.012897146737819424,1173.5176399171826,1,1,-0.0006435963022652119
990011,2022-01-28,125.00664741127811,125.08241307256169,124.03733575223103,124.03733575223103,14056962,1823679497.7537239,0.007656041490612419,936.2383409932689,1,1,-0.0030999545731246227
990011,2022-01-31,123.17209800726249,126.24558584663293,121.72101206937839,124.48916519829778,14683052,1703731054.451627,0.004115225455741552,1050.535624548556,1,1,0.03746748191527518
990011,2022-02-01,125.52005592158156,126.61132301385489,121.74358097702628,122.6320735894407,5275095,617184587.6578766,-0.011862983107521673,495.77348414892845,1,1,-0.004335450662250679
990011,2022-02-02,124.1614462362117,125.16608184725148,114.06098559960907,115.61685336726548,9498840,998409731.5836239,-0.06412417511393446,1017.8473001253686,1,1,-0.03329385182291252
990011,2022-02-03,116.5520859224874,116.5520859224874,114.37618370978892,114.44112423637294,16255359,1842112471.0690682,-0.007602509635877865,711.7004875010064,1,1,0.048820943102918846
990011,2022-02-04,116.57210910247782,118.4732986304756,112.34177824035967,114.54572037540797,11756800,1080134307.4655242,-0.0012840149738814757,522.2409381387641,1,1,-0.09554482146476165
990011,2022-02-07,113.27050938939549,115.37473702870221,109.81646997813125,111.56297316447021,30537126,3461859340.792068,-0.025093546239689464,724.4083743479722,1,1,7.29398249652072e-05
990011,2022-02-08,110.26181921157014,117.09467080336402,109.46775133808175,116.1616690959543,33936065,4124873681.9904985,0.04021029850495129,716.6872498988513,1,1,0.005814991396451037
990011,2022-02-09,116.84557512427794,119.58467579165016,115.42103390190145,117.80562390876976,7692150,944827411.7674887,0.01754456714792313,1263.5290326299885,1,1,-0.0014897473341873193
990011,2022-02-10,118.75593229973563,120.35190666719716,116.87044425687193,117.47379345369926,15742180,2062037536.0309093,-0.001200257309343553,764.5006604173936,1,1,0.01486948749221713
990011,2022-02-11,116.85651806486085,119.29831228679751,116.07954263923271,118.11488250198747,42413487,4355462316.895986,0.0011702323528308262,516.0903873532968,1,1,0.002387962949618569
990011,2022-02-14,118.47023319436651,122.67711707346751,116.90467419092057,121.0718023255006,15087159,1713431806.5158424,0.026330588457401608,477.3592192435233,1,1,0.014855643430567956
990011,2022-02-15,124.05561672102178,125.83314376314662,119.76257533132977,121.22909281944122,12693805,1609537158.741494,0.002494946178426099,661.3591743131982,1,1,-0.02046298620652183
990011,2022-02-16,121.83989876292628,123.46118057067198,118.98621043955842,121.42214836659613,28196885,3318133517.987174,-0.0008259327908304877,426.21633236198505,1,1,-0.04792713056892994
990011,2022-02-17,122.0375785850722,124.39818017180423,120.103731155811,122.73454384006322,12761753,1645736931.0638466,0.011686553391768544,527.6425590191279,1,1,-0.002645765784211016
990011,2022-02-18,124.87138508929806,125.67901723575392,122.20745262633355,123.22493417775333,34948596,4040656452.3161426,0.0033321248922291223,618.7849139804824,1,1,-0.034063282576186966
990011,2022-02-21,125.58022160981854,129.68257187860632,115.08333088734032,117.8859668209539,10645978,1283736600.7228284,-0.04014178739344341,582.6987191189668,1,1,-0.02451146859217867
990011,2022-02-22,118.384065631397,122.39505362596172,116.06103319502742,120.03674286955427,13034616,1287906530.9738262,0.01417949463712987,859.2343611187482,1,1,0.03606905681022341
990011,2022-02-23,121.0131140353906,122.31342938401029,117.26418050853322,117.95380438918797,26149893,3213724655.2798405,-0.015422084242721982,523.6473452053797,1,1,0.0487786355895654
990011,2022-02-24,116.87165448647079,123.17696943245215,115.73001560021376,122.05732816747414,17818339,1969284171.464508,0.03253931905572377,291.355415758211,1,1,0.035467255853141436
990011,2022-02-25,122.26441033793905,122.26441033793905,121.19049576339803,121.72912298334879,16477928,2138644578.2189176,-0.002456785908416542,379.966092727745,1,1,0.029527032752746745
990011,2022-02-28,120.86750457748668,124.0859880469187,119.47076340928629,122.92790519864468,5810386,714766311.7739922,0.01041663261378114,668.0063960796944,1,1,0.0007616192740573693
990011,2022-03-01,120.17889842376856,125.64665304041753,118.14271512295998,122.90706594639586,14332437,1758436984.8892138,0.0014254083402860456,551.0896692587978,1,1,0.031388111890084044
990011,2022-03-02,121.08168113331699,124.45816950500755,117.66279309713114,121.42857145974763,27154498,3213103981.001648,-0.013648717199246468,442.33336743372627,1,1,0.010238684430593049
990011,2022-03-03,121.69128987252053,123.41879522143,118.26691254083086,119.89623714227005,10722977,1298627917.6057942,-0.013409774107693237,1302.6985274783306,1,1,0.06126307664557243
990011,2022-03-04,120.20465645203868,121.85698696502162,118.68064763836072,120.15040838800998,23792471,2813999002.4371166,0.0031289448722517403,889.324304045832,1,1,-0.030587974668319792
990011,2022-03-07,118.5375908322552,123.3041601419592,116.98476457688689,121.29087422304086,17560746,2110609068.5064988,0.01030759732796075,658.8974599494113,1,1,0.020399173151825968
990011,2022-03-08,122.91688083190701,125.76342194901031,116.11050869112344,118.94045533398621,14824907,1641094944.145615,-0.020375711625908097,727.1939439573684,1,1,-0.04168447875267874
990011,2022-03-09,117.26798959550119,118.21096030724127,115.93404465338162,116.43597515338907,33863252,4202508413.3490405,-0.018631048523655235,614.4170262630709,1,1,0.020583170389860312
990011,2022-03-10,117.0450019727206,120.5444029850004,113.71712582011135,117.4893275112846,13994742,1567518205.0668044,0.0049427565341060515,439.77500279968,1,1,-0.05626264572906001
990011,2022-03-11,116.59533839064619,117.34447885382258,114.38458823204624,115.02176067897237,14398300,1644492004.8799686,-0.014723963956871268,952.1465756902833,1,1,-0.04005779154962602
990011,2022-03-14,115.29117049683012,116.37989048201653,115.23552971436501,115.51985951347453,14329127,1764929443.5817811,0.0008833875718868343,896.1369533900025,1,1,-0.042272050072472714
990011,2022-03-15,116.58754467996458,117.47625498146503,115.70164154833436,116.49732070561886,16951074,1895141523.6969073,0.009350307709632808,344.2547744820897,1,1,0.006921608432015419
990011,2022-03-16,117.49365737369155,118.3639383682524,116.09743923172024,116.88818739371091,26355565,2992047817.4297104,0.003827205123508908,725.5083367438284,1,1,0.010203624958600272
990011,2022-03-17,118.00186818190916,120.00508656071986,115.86177181034539,117.55651653470781,6858689,682210077.670811,0.0038158456816723163,753.0960102374677,1,1,0.07738541122601572
990011,2022-03-18,118.0525340218994,118.63899703206377,116.72072707430011,116.72072707430011,26106093,3621761000.530921,-0.0042622727411911416,602.7715466550957,1,1,-0.0040861426090614845
990011,2022-03-21,115.4772261777171,117.33370944993771,113.9810518389675,116.69142583015939,15415644,1933287821.2918813,-0.006776124213234355,1365.246684686911,1,1,0.02360228075628435
990011,2022-03-22,117.60868189632852,119.3453201057906,112.94055301318916,114.76515204001534,23232153,2654116548.1658,-0.009596335892310827,1316.0994661488367,1,1,0.003996381693904049
990011,2022-03-23,113.62635931380767,116.52219154799312,107.82761202529673,110.11957326064359,66230150,6870304535.837195,-0.04124969175412274,591.50912733383,1,1,0.020921307992875834
990011,2022-03-24,110.40783787095603,111.80217659591624,107.39395963942422,109.10441210991489,13513492,1278014736.1975338,-0.009031234173560675,623.2728331039535,1,1,0.00344485779747337
990011,2022-03-25,108.95253424113449,111.85343029721105,106.61469877065407,109.72601631128657,7785338,824443589.5467066,0.0031957858704027473,599.0045633940302,1,1,0.03408611294644345
990011,2022-03-28,109.82412742167105,111.47372297382542,108.98278582722189,110.85918584352171,18223857,1842262199.17142,0.008681656006155317,546.5368257825451,1,1,-0.034901433550891495
990011,2022-03-29,109.85436390858236,119.58068654325069,108.74020614086851,117.87685014077012,20017987,1967994770.0972917,0.06434034002655341,492.2273251982411,1,1,-0.07960906855185247
990011,2022-03-30,117.5429495819011,122.84368786735843,117.33962432677727,122.84368786735843,27569387,3779125416.623233,0.04016918683385876,797.6463499255117,1,1,0.012219057703071474
990011,2022-03-31,124.32888324565775,130.12493983348907,123.36776308561798,128.29537167007396,11127389,1496741965.625058,0.04919032502999948,1304.0151811180708,1,1,-0.05901829705023168
990011,2022-04-01,127.03492254378041,129.53195923870913,124.7443910846085,128.0309015362218,9818301,1097217125.502374,-0.005023366345577231,1134.807896351088,1,1,0.04088526003134372
990011,2022-04-04,127.78596862045302,129.75677750264038,123.29701924739464,125.16975239870358,6800867,825180242.6015041,-0.020464681282450162,877.5091554715212,1,1,-0.01872890647163842
990011,2022-04-05,123.92545331559658,124.11104955493799,122.11282948032137,122.45599835431638,7075445,877872943.8163842,-0.02272028568698284,297.626681004488,1,1,-0.034438692369004736
990011,2022-04-06,123.01642716740639,125.14697759818164,122.23319318217179,124.07575486895236,13057978,1460008746.1133375,0.011446691535027306,357.653723430761,1,1,0.08539999931262565
990011,2022-04-07,122.89589089225457,125.08694018297501,121.88979461739405,123.37396082079664,15041270,1827438968.6526406,-6.703977750540533e-05,962.9685728145935,1,1,-0.0017513798846678934
990011,2022-04-08,124.16648210981526,126.24089795644672,122.54130790223138,125.19943511701166,54791789,6919551285.937863,0.007350363263656453,1161.6899825648534,1,1,-0.00789454097448334
990011,2022-04-11,123.01451636804585,127.11867812147479,121.27956826673096,124.7904434407521,6290173,657610661.830746,0.0009930640374566594,810.3857319561838,1,1,0.02281491880536886
990011,2022-04-12,126.2990583523493,127.58839364670216,121.25504669262529,122.58490109204529,19283231,2550528186.1583138,-0.014793602882453646,606.0725242869221,1,1,0.024978140745016874
990011,2022-04-13,122.85696826664805,125.64438969197575,121.73117201219662,123.57209981985326,9715857,1324626947.5254896,0.00620834966559356,1061.4478558728222,1,1,0.035352524341126124
990011,2022-04-14,123.90939477274323,127.627447677514,122.46176084501101,126.42635561851553,18017779,2655162071.0040116,0.021471192967203075,867.0191905149053,1,1,-0.043885912745714045
990011,2022-04-15,127.80766064043634,129.8361721460867,123.97159950615774,126.00639068760543,11112887,1515424468.722998,-0.0017341356291623485,987.1138109085792,1,1,0.01602387618218663
990011,2022-04-18,124.26243976785221,127.19171365532738,122.5314178398705,124.11842024336879,26264732,3676935907.614353,-0.012303120715729036,358.6212706831842,1,1,-0.010557517168357592
990011,2022-04-19,123.85001220463212,127.9494739790825,122.82273923799016,126.95271754562324,29125719,3622782818.106433,0.01844894369822731,754.7545227045225,1,1,-0.03068180397213767
990011,2022-04-20,126.70817405836715,130.48334737736815,121.4478605815733,125.31864867933817,15148723,2215003494.3665648,-0.011253114576970771,1224.230895958403,1,1,0.00038216520104904944
990011,2022-04-21,123.18731487219968,138.76910753180013,122.26657977111805,137.9221129417903,39126859,5096504314.779004,0.0975533432759399,803.2174038180855,1,1,-0.059215900104605666
990011,2022-04-22,135.53479669610812,142.3346331710171,133.21014295291894,139.68261318292258,23587954,3544579044.448932,0.016254862863255132,925.9743110480654,1,1,0.028422785269823028
990011,2022-04-25,138.39329183950824,140.8365864668893,138.148208717309,140.00805912540608,36386023,5076288717.599433,-0.004315397625923439,680.3580396726746,1,1,-0.01047706021133998
990011,2022-04-26,137.66477188486488,142.7499337311417,135.5695986608194,140.773143374738,16508209,2345285960.493461,0.008975869922393824,696.5809932217774,1,1,-0.0164653786752154
990011,2022-04-27,140.22654068781486,159.25053298132494,137.27185048083487,156.76548769273123,27180346,4660749619.67446,0.1143090387962545,1079.616239631593,1,1,-0.00557302591552423
990011,2022-04-28,157.56379628431796,158.51735872187245,152.15950567810145,152.89154446963087,10493873,1565115477.9121609,-0.025542261939117333,535.837598273796,1,1,-0.006529428861952506
990011,2022-04-29,153.95061255976566,155.95502005951457,146.19536797647697,146.91074243420272,10400032,1418548756.9030328,-0.034402747671925624,518.3937560117995,1,1,0.035402371565020296
990011,2022-05-02,149.8232319691683,153.29396227594137,144.42854560854173,147.66452832271668,52094868,7756784972.6650715,0.0024655606878858567,571.7040070059768,1,1,-0.0362809889394373
990011,2022-05-03,147.8637420652946,151.85278504748644,146.79375510794736,151.80724115889436,8600963,1139990825.460985,0.023383665898894214,677.3911753471887,1,1,-0.01341088748943046
990011,2022-05-04,151.3195049670991,154.55045539702212,149.46822591729634,151.83384761501492,13136186,1939047511.2379804,0.004385004226956516,389.8252244120375,1,1,-0.008101309325428819
990011,2022-05-05,152.11023511659607,154.0465923047557,146.69958939430447,148.33253471691285,5181189,793078209.9177939,-0.023562970368142918,860.4407755532471,1,1,-0.035301632602670927
990011,2022-05-06,148.13852565412316,150.86916654035767,147.15184043416644,148.73758145512883,10442967,1337831582.2893305,0.0035409748122539613,635.7396631211199,1,1,0.003946487428249441
990011,2022-05-09,149.38298287498986,153.36920042778561,149.17137412835615,153.30800127410365,9236997,1132960557.037252,0.026759014813483556,896.8517474398952,1,1,-0.024362372152849948
990011,2022-05-10,154.3003302857824,157.2112437558778,149.17744553164178,151.5630621710667,11780904,1748742336.658495,-0.008000885703248474,328.1238267791384,1,1,-0.04617157028729077
990011,2022-05-11,153.44260538401818,154.7595758595223,149.3043497919185,150.75339809525897,19659800,2932280929.136633,-0.003333423748808361,898.0145331357664,1,1,0.015707211731262955
990011,2022-05-12,151.94307710683407,156.2642847820828,149.08762360445718,154.39897633870976,24039019,3621683909.713806,0.01637608774846716,1055.9364953491745,1,1,0.04843493946821456
990011,2022-05-13,155.98517416737985,157.3835228029796,150.9921636275865,153.16152511696293,9020711,1316325480.8449652,-0.00014870191693087175,779.4399262314384,1,1,0.0003920346452177693
990011,2022-05-16,153.7403519011009,160.05100372056418,151.88070841526556,158.37708712708752,9402338,1600043716.7970645,0.03140987497756887,678.8980831580384,1,1,-0.004470618912409134
990011,2022-05-17,157.83373695346052,160.27610303288483,155.5615965595357,157.74089685401128,29274670,4376573866.259786,-0.0025315854524259776,900.3485007820423,1,1,-0.0051498257133425155
990011,2022-05-18,157.17883013194347,162.82899032929757,156.66246826642117,161.84574057792656,45721918,7324287475.50503,0.025734610916399028,1032.833553591664,1,1,-0.017697817226543594
990011,2022-05-19,161.44730342417748,179.06232234575333,158.74661304143257,175.3479808850549,35109604,5533834897.513544,0.08420448639353491,801.990677378832,1,1,0.03634523196766111
990011,2022-05-20,173.2619643642672,175.52825657272402,170.8674359607798,172.381285891349,6016236,1144187170.9272397,-0.017942095582083283,822.5019671655295,1,1,0.0018545848877238851
990011,2022-05-23,171.73701340189203,174.52675538808174,169.87364651335844,172.7050492510969,35063899,5852542883.063849,-0.0011695957881617232,1176.5299240668085,1,1,-0.07099215600540744
990011,2022-05-24,170.4772008033659,173.74773002719166,167.11160023862416,169.4269988847292,46616808,8182069526.741872,-0.013296524223635853,869.2382992727023,1,1,0.037270172880091386
990011,2022-05-25,170.5714480781521,172.56825138348884,168.5433063348552,170.9812244208704,6073239,1043901712.075371,0.0028058646767645076,512.705486802406,1,1,0.029413351529537838
990011,2022-05-26,170.95398048498205,173.40581573903717,168.08877174966085,169.7515759871095,30870119,5524574491.470617,-0.006850120547260905,1031.1644118942506,1,1,0.018123167619783456
990011,2022-05-27,166.44680137610612,177.84623319893464,163.75624095354985,175.75786994816045,17069652,2989464693.5727353,0.03658130131986074,644.5107583907262,1,1,-0.08947929158015433
990011,2022-05-30,174.50384233694504,177.70321828598338,162.25664129553059,165.1198839059491,13159296,2151790552.158009,-0.0598071246968501,679.6476740758173,1,1,-0.0012545028373599867
990011,2022-05-31,168.25252766414457,187.37096149037126,166.08293244444783,185.4792893176981,19084614,3228631172.134677,0.12296289300065683,696.7706648945866,1,1,0.02747712295180443
990011,2022-06-01,186.13055918367743,189.854203416603,180.65644577403842,184.75253593915642,19818652,4412019581.786613,-0.006196319954100864,932.4505583895201,1,1,0.011004126213062756
990011,2022-06-02,184.41206353817176,186.45531794781607,182.25242900221428,182.89783308010973,32555312,5253198131.735219,-0.0037420995786751074,1213.6392474753684,1,1,0.0054157336648584745
990011,2022-06-03,181.98640195454925,185.28437311360247,180.01384157514764,183.56565097780611,28861494,5605717847.807216,-0.0013056818363365113,677.614513169046,1,1,0.027543944077212
990011,2022-06-06,183.32886993587465,194.22643961199523,180.88183494458187,191.13340144708678,6321746,1247388206.7081172,0.04429939765217618,1206.4475353944601,1,1,0.003305260589602715
990011,2022-06-07,190.85427416346423,209.87770425128002,188.47332563325975,207.1038002321412,10186161,2249133090.2760973,0.08015538462758219,710.4975953724357,1,1,0.03741987457407852
990011,2022-06-08,205.75891472649278,205.75891472649278,203.46826637677333,203.46826637677333,17725838,3577274083.474227,-0.014722525314837058,1079.4850644974517,1,1,0.004024803851770224
990011,2022-06-09,201.79323167829176,206.07410747498284,186.86224670036756,189.80936964398182,38491394,8177579954.663028,-0.06959052920449622,718.6735147018904,1,1,0.001474253175428856
990011,2022-06-10,188.8254049108776,189.20116769972122,186.99879202036647,187.4829447420925,3450106,615720064.5194136,-0.007787373264092289,568.9633156211617,1,1,0.02744461171224732
990011,2022-06-13,185.6017700257308,198.03030907297122,181.50665844816265,194.05047291040032,10909153,2329753560.2797313,0.035329287380642366,1286.7971477771687,1,1,-0.01393594074272886
990011,2022-06-14,192.51192909358753,194.7615268196535,190.29571733115122,193.2169222647766,6591989,1201054088.6167917,-0.007441698148229317,550.8881313480013,1,1,-0.036329995840633005
990011,2022-06-15,192.98207116317718,197.28402295505745,188.64882252306694,194.06208668320102,7335059,1256006373.8411174,0.0012723460717267464,538.5591742245083,1,1,-0.0010381545408179242
990011,2022-06-16,192.37207676703503,196.0693050152476,190.6099023184105,195.16978326166236,26238352,4851446795.18278,0.007514768406515821,439.44403775257405,1,1,0.017763324749324804
990011,2022-06-17,195.067295575574,198.8880225684419,191.41868338932537,196.56100738857342,11856705,2312215474.280732,0.007142703099228531,1031.3824296293633,1,1,0.028500723815422735
990011,2022-06-20,193.08368730124695,201.646811923603,191.2768551793745,199.58074691284367,4157513,838071198.1172966,0.01469168478661765,1117.0665223968786,1,1,0.028678201386985593
990011,2022-06-21,201.01426164292624,210.87452797321936,195.1959670893959,204.05767500821423,15439023,3024852078.263476,0.02500444716274843,762.3933059734516,1,1,-0.003360385763164559
990011,2022-06-22,209.0004931235162,212.45849801952633,185.4835595245844,188.9339817291965,50266448,10570717521.14212,-0.07597859680182939,481.8297195093884,1,1,-0.006652938933763255
990011,2022-06-23,190.31356046533918,194.3287139466439,186.28775187572958,189.66084456704536,5336093,1188094116.2601886,0.006239956208520531,670.5042762785565,1,1,-0.020139142630378092
990011,2022-06-24,191.93359451794632,199.50110740447593,187.38732051299974,193.93852995426917,22619138,4172809532.1398497,0.022010752814482625,606.6796506911503,1,1,0.006849298368847692
990011,2022-06-27,195.03104634691184,197.67489404502555,189.6421146458554,192.01214331311215,42973136,7268405468.746467,-0.010178932923863281,474.2941745085436,1,1,-0.053763087078493754
990011,2022-06-28,192.7727929146802,194.51321436363168,190.3315908902604,192.40412839941243,15108127,3071184781.2874393,0.0027550470509756803,569.6433429288518,1,1,-0.00043049626165628035
990011,2022-06-29,192.04910201392264,195.64413515744246,190.4762570053653,193.72570190771086,46506268,10076978499.992157,0.00590306909243196,797.3440454489896,1,1,0.09018105688815475
990011,2022-06-30,192.53099503517447,194.45521950824318,188.3443705799741,191.4855163803688,10717555,2271412380.458213,-0.011190852839749467,547.6772966775251,1,1,-0.04936346161205517
990011,2022-07-01,193.11102846339094,193.11102846339094,189.19411226058762,190.0306165191802,35482329,7346183016.6168785,-0.006697359925450464,741.7020749513845,1,1,0.0038670650441005434
990011,2022-07-04,191.7261393274625,193.85435351663514,188.05684782145806,189.97239775543446,33198806,6549820004.319057,-0.0014404631775125035,368.49674383506795,1,1,0.010950802664106281
990011,2022-07-05,188.2519730261164,191.75629169629926,185.46091220162876,187.55783665265326,14875162,2760835570.7944393,-0.013294096021882279,1185.4037401778662,1,1,0.015073767009014282
990011,2022-07-06,188.09376456568168,198.36646326827648,186.11205752544473,195.83679822776546,7034325,1210557526.5888138,0.04676769008606963,588.7345794036432,1,1,-0.03214389110665279
990011,2022-07-07,195.48754383158672,195.5518534855879,193.3293250332617,194.7120246380435,9008639,1698253324.9265199,-0.008758118257411754,901.8851066850705,1,1,0.015366144615245625
990011,2022-07-08,193.25484001229313,197.10449148270826,191.53164780405086,194.64750428373378,4264889,814389299.1250337,0.001492106678838272,716.3090806409164,1,1,-0.018292584084949888
990011,2022-07-11,195.6730555497935,196.3811458234796,194.30661934528638,194.90200438696115,19946230,4551862577.465353,-7.753576767252193e-05,769.9995420835075,1,1,-0.04691845384958017
990011,2022-07-12,195.75027523236258,200.2093796269059,189.9196659232094,194.5852257737004,19297930,3998673222.3373575,0.0001011698537829945,458.2814978702784,1,1,0.029353168410357833
990011,2022-07-13,194.65660057852537,198.76992746205568,191.16322221246156,196.90645821361935,17872646,2930580942.1529517,0.008463889251309795,519.636683130362,1,1,0.020142954900630103
990011,2022-07-14,196.0186286343376,196.0186286343376,191.97400331031528,192.78495482054996,14378661,2590708397.681166,-0.020746820158834067,523.6427762490947,1,1,-0.0321413084470577
990011,2022-07-15,192.69531926341855,195.84048316415868,190.50254765668035,192.7847105594749,32889203,6559311809.948018,0.004018172780423639,677.8266825986635,1,1,-0.01859038669481844
990011,2022-07-18,190.07506671118588,199.86093388838285,185.92056459984335,197.1416839492346,18886751,3646762779.932677,0.019383640469868218,1052.1115191166816,1,1,-0.019751187269570737
990011,2022-07-19,195.1681840815513,200.78605972763137,193.1577248974423,199.22511835523582,11722129,2308463501.4472475,0.008711561687143444,778.0466370259172,1,1,-0.05384195794790896
990011,2022-07-20,196.34923071768253,198.7760590879263,194.54249439559942,197.03495555915174,17331705,3262765394.3849316,-0.006248154024038935,495.63919128606534,1,1,0.023278225099286835
990011,2022-07-21,197.486027036661,199.21126398691845,195.47548528185672,196.69078513941605,54404837,9960306135.241177,-0.0019051953288546388,692.1814659220181,1,1,0.024479852641260423
990011,2022-07-22,199.12513499732452,206.06743772837345,198.0665909515879,203.95348234859026,23455255,4506720020.365449,0.033602841481352785,653.9688840996756,1,1,-0.011821162619404735
990011,2022-07-25,204.47073480352435,206.77328740096073,199.02967911240876,200.3382920927363,12933396,2621933607.3215876,-0.013702970067049913,596.862393686446,1,1,-0.0020615110133003034
990011,2022-07-26,199.69868419219927,204.03443331000653,198.90225202461014,203.02715058219434,16667284,3213044904.294193,0.012346369388048848,668.5490177016629,1,1,0.0025164238077007954
990011,2022-07-27,201.91956138675718,204.29187166818159,197.03985369928057,198.9836468105206,21008065,4396267967.923351,-0.01945027051364517,869.9892195074644,1,1,0.006673512989035528
990011,2022-07-28,197.76930012595145,199.1056426663825,197.3578033091017,198.7352068298975,12496746,2591582258.2053304,-0.004763189245881846,526.8275190976494,1,1,-0.04435246781395147
990011,2022-07-29,202.70331492492036,206.05978525853826,196.85780739203395,199.90834105225898,12369106,2436777838.991633,0.008803846491221005,597.8671680045945,1,1,0.014496156200304268
990011,2022-08-01,200.10708173127207,211.068002275326,196.23590478092441,207.10277603226453,16360608,3536100195.3257904,0.0351431800970399,936.6362152159419,1,1,-0.03883863402078095
990011,2022-08-02,208.28591594661364,210.83956927166432,206.2230978293972,209.48392497382224,37250843,8772958379.693266,0.01243693745941113,787.4945691058435,1,1,0.020680177554869027
990011,2022-08-03,205.13031028459255,221.13790096613624,203.51545827682517,220.10504756912616,25351788,6169941179.441496,0.046724487871886176,1035.5186787341606,1,1,-0.03529269449055061
990011,2022-08-04,217.40659901417462,220.31819936838878,214.83243744051669,218.6880710848736,12885372,2973267426.01773,-0.002440910347225513,1091.8409390822094,1,1,-0.04283249608010578
990011,2022-08-05,219.38964467802376,222.8731909918858,217.1721065655674,219.28740408790634,25877796,6243773352.93964,0.0038431187816167817,424.1767913347595,1,1,-0.0020587223372385923
990011,2022-08-08,218.8835790830722,228.04962224304467,216.11460525586833,224.21833886359119,15673021,3618059218.198215,0.02256655399992197,740.8410488076227,1,1,-0.002778848238946647
990011,2022-08-09,225.202790626709,250.22885737622266,221.8052264215635,248.0712839356148,18245844,4724211858.05565,0.10165291156671105,565.9823868293421,1,1,0.0021653999434504694
990011,2022-08-10,247.66297623605882,252.3195122423836,245.00222595653304,248.66570886738552,15912905,3899336483.457086,0.0022516503468259447,448.0500775065671,1,1,-0.029774934213238374
990011,2022-08-11,249.5179335609852,255.07520986206853,238.07622333621597,243.7789398533529,4570147,1235056108.4201086,-0.020596011687482752,514.6281126774437,1,1,0.0053409335705030935
990011,2022-08-12,238.73133351309022,252.8061123451451,234.9043971477836,249.55684217886898,2707251,661610847.6861315,0.028852405617238563,607.0594949465611,1,1,0.008359499538351878
990011,2022-08-15,247.40032022101076,247.94859613645653,244.83075610843554,244.93090199980082,17298790,4023420065.0327525,-0.02055890022275579,608.3433327285192,1,1,0.03620470753087413
990011,2022-08-16,245.37936045028408,247.66646665795756,244.14969415152726,247.66646665795756,10395934,2203289442.461002,0.005818286738274969,547.3588236812932,1,1,0.004770869539456633
990011,2022-08-17,244.6516648079064,249.74999871620707,238.31096180161248,244.58184830738264,5815339,1492462034.6492054,-0.007060226997666574,668.9503750158071,1,1,-0.020372367606984774
990011,2022-08-18,243.77819812139722,248.12101659915058,239.52801657835718,244.55472382178604,10355054,2442214553.4563355,0.0004118136630993384,1536.2797856252898,1,1,-0.04433749922986048
990011,2022-08-19,244.28149292722688,249.18699070576008,230.74023923277898,233.29992268170935,28119446,7230462119.747223,-0.04705652315268916,374.92661244690817,1,1,-0.05020958286000754
990011,2022-08-22,231.8697707113974,237.24793442216748,227.4464287966796,233.88649599310884,21913316,4598363386.8051405,0.0014107237678097737,987.0242952654246,1,1,0.009192445446768414
990011,2022-08-23,234.34708339121036,254.11336896139252,231.67740754674,250.10088058393904,25863862,5908393728.313964,0.0693615853985441,667.8807955367032,1,1,0.024264470727069883
990011,2022-08-24,251.6944315442162,257.5889081710225,247.5763091298468,253.45602826393113,19385625,4663693160.3202915,0.015703574044802653,579.5556892688687,1,1,-0.029694311474993695
990011,2022-08-25,254.45787103541835,256.7096071002645,242.88653771876187,244.64528380552483,9850598,2024506371.437131,-0.034819232829562646,339.52319132055914,1,1,0.007021985776811941
990011,2022-08-26,247.0864251662091,250.77691292959315,237.97848239831578,242.40313465422182,27398344,5820933160.828216,-0.009737098529171316,869.7103386470185,1,1,-0.006744246155561776
990011,2022-08-29,237.67095129958147,244.14612650411777,235.4226195942371,241.7320613568011,20583472,4943882216.414298,-0.0019023014644278346,412.7880966187228,1,1,0.021862690287183944
990011,2022-08-30,240.96048892509944,242.21092271227906,235.56880042892462,236.39391034164203,15439111,3640331773.0313773,-0.021093418126355547,889.0669934758002,1,1,0.0266004367694067
990011,2022-08-31,239.4591545098425,239.83434784374936,232.30414321552237,233.5954036378431,17302024,3711090725.719006,-0.017830042222119664,1210.5587567361533,1,1,-0.0737991062221262
990011,2022-09-01,229.89193822070447,237.74074742308306,227.81570471851788,235.08506638175533,25220051,6381724566.085905,0.010838738764858726,435.48252554121865,1,1,0.031923101092507226
990011,2022-09-02,232.41130708837125,243.46230899592362,228.52091508073994,238.44619550745094,9081777,2368570435.518612,0.014182437365491131,997.4804288443909,1,1,0.006923690666569858
990011,2022-09-05,237.70997943780588,243.61055474550207,235.24823435254754,241.07023043214096,29857420,7561637303.053385,0.010941686378750782,677.8477520083167,1,1,-0.018191598351381566
990011,2022-09-06,241.79508228679748,241.935062823422,240.38045653320316,240.79267248539458,21665019,5125893570.1790495,-0.0016280377933192275,330.8982028636991,1,1,-0.01729753706270404
990011,2022-09-07,239.16862668099373,244.96057442019932,236.35291932617844,242.05434798003026,17275266,3983700245.572308,0.00420463637063563,447.1266380567576,1,1,-0.0001423977590992874
990011,2022-09-08,245.99580846081724,247.96389019664642,235.62659557777133,237.10808096493534,39116406,9812082387.01998,-0.01866976586374967,713.7809903035965,1,1,-0.017306702701756934
990011,2022-09-09,238.01198216785008,247.4115773303774,231.72252681617587,242.28166556668083,7355313,1768216928.9428053,0.018547864027958324,769.6573818606813,1,1,-0.031193857040744205
990012,2022-01-03,98.22275373876606,100.42890535110462,96.43430806318753,98.6905633000494,3926206,400631087.4343087,0.009492321188098694,126.64775379567696,1,1,0.005735689700482616
990012,2022-01-04,98.09968036358055,99.66264037106963,97.57896688644516,99.5470640127235,2649015,232794859.16098854,0.006773125431721639,186.26991836055177,1,1,0.019317544932913405
990012,2022-01-05,98.6275180047937,100.4719347724618,95.82706584289038,97.82319452701353,2213096,236677539.70814595,-0.0143742407571516,224.88621739452716,1,1,0.0025036332889333953
990012,2022-01-06,97.93758323927612,98.6738265878573,97.36392899137651,98.51326468645053,3774005,314524734.721299,0.003540669307647791,110.17614220527662,1,1,0.025391539329282328
990012,2022-01-07,96.93445072641882,99.2370481410045,96.26924260918113,98.24818749567106,1264070,129340581.46956195,-0.0033337197992547173,73.03721489190829,1,1,0.014846016769772468
990012,2022-01-10,98.1221491131084,103.3267792547798,96.12043059196985,101.56348980946689,912688,106141025.66767253,0.03818173359614647,228.72495009239745,1,1,-0.030426700425854224
990012,2022-01-11,101.95002072116034,102.4682789029691,99.90329828931742,100.81604790854084,3568980,310217995.19861794,-0.009374229056838887,229.8330607029419,1,1,-0.006512760295801566
990012,2022-01-12,100.43833295268088,101.90439337969032,97.8696869829145,99.81498575438391,2474983,241105145.95370558,-0.012197801305813672,141.70355342303438,1,1,-0.014548056666665296
990012,2022-01-13,100.81613073295972,101.41065110236185,99.44986740178166,100.15445505662481,1175385,117426651.08077379,0.00785965221732328,242.21848812479396,1,1,0.01725510432030236
990012,2022-01-14,99.01085590154426,100.72858986426917,97.91927259217762,99.02799841333584,746704,81445992.69397913,-0.011905667159908604,137.7813541009281,1,1,0.009532168764958
990012,2022-01-17,97.36174596202972,98.55267366008015,95.75674219586008,97.01658148998355,4011745,303584424.4033129,-0.022915229894548576,85.42592453236821,1,1,0.0006883391093593068
990012,2022-01-18,96.41589049478583,106.77282398847959,95.57430213612531,105.62535678105654,1816572,179752822.02802572,0.09052647835329745,73.06348451480272,1,1,0.02413939609654567
990012,2022-01-19,105.8375604451543,112.44172005001866,103.04773497888476,109.78120658240833,2797740,309047640.5092286,0.04229496965106067,72.7928655312315,1,1,-0.0520527031340512
990012,2022-01-20,110.32509451292671,110.8945022416713,109.03320804364164,109.37960886588883,2028662,244681347.58733717,-0.006160695182595411,121.63067955160655,1,1,-0.01864271655836734
990012,2022-01-21,109.06594222216297,109.36594026556938,107.79703132536717,108.53184303940127,2503417,271015379.5969865,-0.011837683937851486,101.39858640059008,1,1,-0.01639756929847988
990012,2022-01-24,106.82102501394208,110.35000101737656,106.2229333156357,110.07753633929129,1730997,199387278.00664547,0.01360256959104671,97.07636450313845,1,1,0.003978972428518702
990012,2022-01-25,108.52968566057541,112.61049983122453,107.26927069570466,110.74732710596274,2358399,274234957.0772185,0.011524455838283834,116.50604921919546,1,1,0.011946132655158558
990012,2022-01-26,110.23264179072768,113.45737902754361,109.36826768894065,112.24536310639834,3094792,399239485.48235214,0.014087538630592093,169.03620559240576,1,1,-0.0027171068065828937
990012,2022-01-27,111.57979008851234,116.80510222118691,109.7224439582923,114.50947886002633,1942238,225629125.42898616,0.019241330804612468,98.27989232648812,1,1,-0.03747937035449853
990012,2022-01-28,115.7625946967847,118.07981011119244,114.11112363074021,116.65969839549652,2105877,256512660.25252753,0.014189493765064426,92.07970699110238,1,1,0.008081619525289067
990012,2022-01-31,116.49033658779638,117.73199418926924,112.51057085735295,114.32638322951819,3370994,363435339.06492406,-0.01812298272670515,100.82119843559757,1,1,0.000706311428203767
990012,2022-02-01,113.85499184782125,113.85499184782125,103.95334794031885,104.68594146619648,3188751,321814059.64591557,-0.08545961823695272,173.18554470750584,1,1,-0.04154805165501713
990012,2022-02-02,105.30795964873799,105.96499553284423,104.11640320417813,104.63614311256858,1355807,137585619.21507657,0.00045281655460074357,118.17788167098128,1,1,-0.010499515162315846
990012,2022-02-03,105.06461645000479,108.78156693541035,103.47268952829462,107.14590813410199,2350060,258962218.23706713,0.02874549302218842,135.26874623773654,1,1,0.0072150520817326315
990012,2022-02-04,106.24060322282361,111.75666709676074,105.49569835869917,111.00825355038691,1875896,184717275.41652253,0.03527832590689701,220.89341482927165,1,1,0.041065217807262216
990012,2022-02-07,107.50362302333993,113.8697284788802,106.46048637433665,112.792883246578,2623470,248588741.8134743,0.01556236004338411,256.12426451000005,1,1,-0.03150182674379305
990012,2022-02-08,111.5100963245886,121.18989655373656,108.9927670098347,118.75383546020497,4712557,615235855.897974,0.05248146281322336,155.44159752301846,1,1,0.018225908860461666
990012,2022-02-09,119.72293091782123,121.10997246833509,116.43179349727987,117.78153029540609,2781694,325528091.7041423,-0.007877042614680908,149.61948985972342,1,1,-0.031168477872988955
990012,2022-02-10,119.09077586845162,120.39229024629327,112.1616108916317,113.22296355676674,6791428,843517320.6036391,-0.03892750901215869,76.77274150787306,1,1,-0.0363057306851738
990012,2022-02-11,111.48679675783009,114.41502325545908,110.84651770151441,114.12602965570343,2517174,298122497.58364165,0.005555007000541687,139.97229127415775,1,1,-0.0347439983950229
990012,2022-02-14,114.57498187376879,117.43735699842233,113.4677002511988,116.45383161678738,1997999,237165851.9840985,0.02142646290299985,124.35811700615744,1,1,0.013327564009412578
990012,2022-02-15,117.30009806348188,118.12207180773406,114.16821814406663,115.97679083454106,2365028,251963871.8192971,-0.006250222285706997,171.28300380835245,1,1,0.0007547715477749868
990012,2022-02-16,117.22068053397848,121.37328616239795,115.75043298408063,119.8366867127054,2610901,318832565.336479,0.03528092515912395,104.3581592848647,1,1,-0.011009904487276817
990012,2022-02-17,120.92163429493786,122.85678189930154,119.01950791225244,120.51082660844615,2779087,327794747.8760294,0.007494688371767276,131.19805023257683,1,1,0.009432790093738635
990012,2022-02-18,122.34842295421049,124.56955602513212,119.12336398576427,121.04064248227911,1454217,179291089.4320547,0.002659991407985714,153.34947272467562,1,1,-0.0016022714337788923
990012,2022-02-21,121.79408757494097,123.34640785128927,117.71026006989746,118.53237590404072,2020856,241036006.0148537,-0.017383324585889984,252.28653197185403,1,1,0.00024208573831411683
990012,2022-02-22,119.8931232014972,121.46596739362778,117.49375494603967,119.2163776016776,1684191,218183805.76960415,0.00738836218097004,221.80867330148632,1,1,-0.01071450278219625
990012,2022-02-23,119.19005633395427,120.12560556133498,118.51748232164125,119.5950590434753,3962379,476660033.2932262,-0.0027448331530003345,197.80069430909907,1,1,-0.029873764784093454
990012,2022-02-24,120.43379466621337,122.78343519356794,116.9803937590381,119.56607006280922,945036,105956140.26839027,-0.0009908823553361297,160.72521038416824,1,1,0.04207338648989831
990012,2022-02-25,117.38365565356446,120.28140811387084,117.08625390352034,119.50316645895262,2603151,290440768.13324064,0.001364993782223595,102.7771658229363,1,1,0.03437615000481276
990012,2022-02-28,119.67376152308374,121.2474337137681,118.34638153343136,119.92537829913567,1149372,136074143.28723708,0.00446393311799299,160.68925614421505,1,1,0.03939676623997316
990012,2022-03-01,120.67785362112807,123.76905396130554,118.13603383757007,120.7906143682703,3125100,387009957.2523081,0.009134785284907937,90.07422565445067,1,1,-0.016954015567637887
990012,2022-03-02,122.74761251534763,124.0518124822927,116.97023543366983,118.76192307978404,2006668,211910329.5431861,-0.021716939647462283,112.12076592358764,1,1,-0.020727879815945524
990012,2022-03-03,117.93142589031471,119.8394250630859,117.8867082855067,119.45551525118184,997110,114569638.88493697,0.0071955216989953935,240.89364963928062,1,1,-0.013649669420413374
990012,2022-03-04,120.51622253086735,121.6802742790437,119.30075635509338,120.40190089053178,3436317,503118381.5334953,0.008328161724471046,149.42493884268478,1,1,0.025740846655414543
990012,2022-03-07,119.9187775211529,122.74677384215991,117.11089979365278,119.56811510335947,727475,80667446.90098916,-0.006337121028625842,132.53609585537194,1,1,-0.002687582651314938
990012,2022-03-08,121.03638139867117,121.03638139867117,120.41556060529656,120.53726859752284,2301053,302611689.907199,0.009043359632453693,139.28267810724043,1,1,-0.017056604959457763
990012,2022-03-09,119.83807034259594,128.9888283063155,117.67857615132296,127.32250529768405,3341685,453025630.24185055,0.05765453840861514,117.09609014747105,1,1,0.006946119075818551
990012,2022-03-10,128.73460127086548,129.52579014540973,125.70765907940586,126.75761265009837,4361191,627120825.669483,-0.007155186155876302,52.614163682544486,1,1,-0.022170637043223897
990012,2022-03-11,126.40065239005123,127.71891938669474,125.04839417807582,126.4919575241435,1190079,128300523.70149721,-0.0005149282495352221,74.43012960003404,1,1,-0.03854925942841226
990012,2022-03-14,124.94395269000918,129.45329640263697,123.90081353559367,128.08610903205715,1614150,232993866.50838062,0.012370577164149054,154.06080179335373,1,1,0.0007373549992557129
990012,2022-03-15,127.96922006453086,130.2971694459377,119.04426800864172,121.60610773237026,4334628,489697110.8437728,-0.054643952890287326,85.04657902230534,1,1,-0.016338987270193398
990012,2022-03-16,122.98797161710787,124.28755199420982,118.45658598094172,120.73864062771604,4258973,499109540.89451903,-0.0036264278364358505,116.47549194486498,1,1,-0.003045036124286125
990012,2022-03-17,119.63948376219011,121.59051206558794,116.67948735332264,118.12715824944439,4020271,514091201.2260829,-0.016900293391843624,75.50494140670818,1,1,-0.07373007747371774
990012,2022-03-18,116.76561374925473,119.64618569549398,112.67280554132827,114.77116207063106,9172072,948534094.2486922,-0.03214006692765046,91.96377862876038,1,1,-0.0262889514924204
990012,2022-03-21,115.5063918613104,122.43240795846894,114.02108765499891,120.4902490613466,1896147,250888107.36213654,0.05081073984285651,121.21723137188678,1,1,-0.003874818958292029
990012,2022-03-22,118.47562946365345,127.01193828880557,117.49487702292762,125.76335657489656,2511316,350131406.3677863,0.04196333526451616,173.38145397855607,1,1,-0.04280969316163501
990012,2022-03-23,127.59599547251288,129.6114958179036,122.27871954007612,123.6825314122328,1959939,269235138.0907995,-0.01401044152822646,187.29659968722595,1,1,-0.04190991934144564
990012,2022-03-24,125.98349239040594,130.02681023881047,124.04442676169371,127.81133322400764,925096,111870590.53802186,0.029545401850669385,91.39624652512276,1,1,-0.0016565728918636893
990012,2022-03-25,128.72417111867452,129.5303483685358,125.22666196021291,125.7226022561929,2464157,301038178.72538984,-0.014905901610407984,136.67432770041128,1,1,0.01588297534791897
990012,2022-03-28,125.54057041360639,127.22434312635136,122.68668328452031,124.11870579544761,874291,109405572.44558848,-0.0124023771174293,69.91857073369123,1,1,-0.026279363673305203
990012,2022-03-29,126.69711361747045,133.13034251230684,125.0522070828321,131.72943002026423,1594485,236858454.88390234,0.05999115456322641,124.09028974037858,1,1,-0.00961897582844367
990012,2022-03-30,133.8265322994946,134.8383111509747,128.16370705171744,128.8933813653592,1239415,136157494.009793,-0.021086471598305293,175.3598462969062,1,1,-0.009007591221508742
990012,2022-03-31,128.81360494746028,131.50575232365148,127.03454222095552,130.31843542418812,3014575,431941717.49841976,0.011173490231000177,118.31353765423358,1,1,-0.044024936789914634
990012,2022-04-01,132.3482869296631,143.03398215810194,131.0404680398903,141.56623658220997,1438859,228334984.38038102,0.08650461642123732,201.614247977989,1,1,0.028645855734858314
990012,2022-04-04,140.51950935666056,147.03849364536345,138.06307958916386,144.4270456446286,1005847,130048298.82411009,0.01979227066472304,167.67082558294595,1,1,-0.007523976036826166
990012,2022-04-05,144.1036595520572,145.1532626558727,141.7555078052612,143.30334929123404,3706951,560219952.2150856,-0.008501203116943485,133.27000321146278,1,1,-0.007240356885033105
990012,2022-04-06,140.53815886859456,143.1219717983906,137.92178959492657,140.37308967405718,1735860,227695889.8145749,-0.02020276501367589,110.2524642655119,1,1,0.007187500977634916
990012,2022-04-07,140.76170778005448,142.47894655504447,137.90247807114892,139.96545062226207,1839977,286056581.6817976,-0.004712432483628342,98.76311901537446,1,1,-0.04396356466293275
990012,2022-04-08,139.6187101779414,139.70592558618068,137.8185264611824,138.4510513101486,1424201,200567029.12481984,-0.007505261102996296,69.04032268961163,1,1,0.02166108284421933
990012,2022-04-11,138.19291398508037,139.24881439810332,135.73528793154014,137.3378467578625,4098129,607911326.992072,-0.00959668890886566,73.54646866525393,1,1,0.025119083733377654
990012,2022-04-12,136.81488825326605,137.75255819135097,136.36888102588227,137.56436745873629,2756418,364797236.7243733,-0.0027523334993362807,178.19319889789506,1,1,0.00103629276739306
990012,2022-04-13,136.20788549891725,138.0735232724051,131.93239789941046,134.4304539084327,1825688,240453249.24133518,-0.017920241760886604,217.57600509757754,1,1,0.00954860139343456
990012,2022-04-14,134.2903263209,135.47421874834683,127.61658837973769,128.95850358969034,828693,125753748.3014825,-0.04077908435212211,79.91708264646773,1,1,-0.011311315449784223
990012,2022-04-15,130.52957580916313,132.87169271227376,123.60344927563976,125.69019551801678,8223107,988207062.8347592,-0.02287916101244932,124.65572190277092,1,1,0.02016225130856472
990012,2022-04-18,125.07854337181081,130.70815557806174,122.41261320804001,127.98594889160258,6410657,809925366.5401517,0.017143124631951816,65.98390244709505,1,1,-0.02445938236947327
990012,2022-04-19,128.9641124290014,130.15038874698035,128.9641124290014,129.48238304085166,4852312,578886827.9544923,0.01046403462161463,83.21314357358843,1,1,-0.0035398344076053388
990012,2022-04-20,130.35163862369495,131.01032420737468,127.92445321437388,128.7717293150754,1646572,208150537.1804181,-0.00675968017131979,134.2249304938171,1,1,-0.0019610452896063895
990012,2022-04-21,129.2576509401162,129.88023419717598,125.76090445277904,126.43391469343281,1987426,253501895.2541726,-0.018381642637251797,99.36218357156794,1,1,-0.0037061802537601976
990012,2022-04-22,126.11352303081652,130.1894919217019,122.96816404239631,127.10765516744213,3080813,375248632.88885736,0.00597759179534638,57.76714730850674,1,1,0.02560904088004777
990012,2022-04-25,126.13069556068626,127.14155190207019,121.69420708906053,122.96222341345467,1502624,173156731.6031507,-0.03353654575454277,235.4436126544591,1,1,0.05522244604630263
990012,2022-04-26,123.14200236154055,123.69690409623365,120.07705986290934,120.55812800146806,1454560,189371804.87786263,-0.016008051705988142,119.13430105085051,1,1,-0.005589041556519464
990012,2022-04-27,121.29350451192153,124.78484899390975,118.29940206813569,120.93912498017839,5035310,611557573.1403229,0.00017726724633290226,79.19613483997428,1,1,0.009764247647175588
990012,2022-04-28,119.87141684694016,120.95057858872185,117.13550735260701,117.75959454520577,2456911,297149639.4474694,-0.025364240666691452,127.5689910081621,1,1,-0.023916580440885106
990012,2022-04-29,116.10383427373975,119.93651854548311,115.98726791887748,119.93651854548311,1314284,163162931.73210058,0.01825901874720556,117.68372685938363,1,1,0.024624522001116398
990012,2022-05-02,119.7849280454722,120.31365316877167,117.58633846664205,117.86244722522905,3585666,472879631.6690054,-0.01633480372052927,142.88000088659913,1,1,-0.01637633733834351
990012,2022-05-03,118.78547023262931,121.60504723607653,117.19456944393674,120.11894124124953,1815059,193606057.68061236,0.02035148912577767,106.47702545437251,1,1,0.08054484267154244
990012,2022-05-04,121.23833784792056,126.0113178815154,119.79982457454116,123.91808525262955,848632,119755921.92040057,0.03217032805695872,137.07325840693963,1,1,-0.046894127864719116
990012,2022-05-05,125.39497392962149,126.15437673551259,123.20884643591535,124.70697824520195,1227881,153301449.11317626,0.003277022662899981,174.70712930585404,1,1,0.05414385118177449
990012,2022-05-06,124.76915895440594,126.42548621297057,120.97472896813788,122.18570474929251,1766064,237285056.18978688,-0.02056443158622506,72.89196045696517,1,1,0.02354752487819015
990012,2022-05-09,122.14982042126971,123.34075380024584,116.66951216871614,118.14320195137861,2697205,317886958.8038316,-0.0318712659703872,92.8722644292732,1,1,-0.03237960680950186
990012,2022-05-10,118.26714575187887,121.81904201222261,115.93481591420829,119.39845491619184,2780831,324757050.10946614,0.010392884016366748,167.8222205202699,1,1,0.05869545304460955
990012,2022-05-11,118.05813869041657,121.17845351185099,116.26984632692452,119.44627328575487,4176270,523623275.395039,0.0018138893469543968,98.11361746384257,1,1,-0.027250380383995104
990012,2022-05-12,118.80467934159904,123.4532230631426,117.88943737447995,122.23060585245602,2098805,277813136.87853885,0.020809275979227337,117.64712942614682,1,1,-0.011000419155160538
990012,2022-05-13,122.16630943766458,123.36797070621984,119.5599721449306,120.6633988393398,1902752,228337207.806851,-0.01194830251246881,101.2360933930473,1,1,-0.036993329002196707
990012,2022-05-16,120.61004566607807,122.14251987821946,117.98188791799646,120.40583237548832,4224917,542503284.744387,-0.001283304883039612,103.70740038595515,1,1,-0.006557955132942054
990012,2022-05-17,120.70317646584553,124.12672962916642,118.14676317180668,121.95097874359308,3692838,468268278.2187339,0.01034212749038874,100.35727119280371,1,1,-0.004076991543550991
990012,2022-05-18,120.46027324553508,120.46027324553508,118.44216479250323,119.33257115099006,2172254,277902040.4477006,-0.021038907061976447,74.59494337386113,1,1,0.019282026144433195
990012,2022-05-19,117.79775687124754,121.50507715264202,115.72501358501455,118.62527189889651,2573212,330600473.9072903,-0.0015778427214349175,144.95404711925673,1,1,0.061840903370453136
990012,2022-05-20,120.05730097596195,121.4726241469793,116.4053553409434,117.3674241186422,1807038,200886572.99486646,-0.013739656636248014,182.8765911916742,1,1,-0.016256621393409287
990012,2022-05-23,116.54177203411082,116.89370629013263,113.97928418509552,113.97928418509552,1328452,152578196.8111786,-0.026907436627691645,113.41601490563883,1,1,-0.07552344851611713
990012,2022-05-24,113.21451828069539,118.53346421251847,113.21451828069539,118.47412798964822,7075436,842492170.2715902,0.03715415976533771,175.09966868982454,1,1,0.014478256365617701
990012,2022-05-25,118.56377334393159,122.51077598644876,116.22343928251092,119.69233879795992,1681027,240258244.62200513,0.016975115616544027,100.42919576734596,1,1,-0.0172449906634024
990012,2022-05-26,118.89052503344715,122.415165795416,117.06591707884544,120.23093145982544,2723135,317674274.36161244,-0.0022256593029325506,98.16180878468464,1,1,0.045437970455744076
990012,2022-05-27,121.48160807736996,122.31403743358914,118.81100606840248,120.3719391476648,1055885,151874532.8709516,0.00014338583626955704,142.2680926369562,1,1,-0.0035976884886582813
990012,2022-05-30,118.62380059057224,122.30516098239782,117.19339078698604,120.99134563511771,3286739,432540644.58172774,0.006800156151109522,143.1860909962701,1,1,-0.022769792406038887
990012,2022-05-31,120.93796639930576,121.51429419013631,120.73539155715945,120.73539155715945,1365409,166584582.82040536,-7.168051167728567e-06,116.2429902695028,1,1,-0.02948798550590654
990012,2022-06-01,120.01348226389199,127.46129894140745,117.80599956971761,125.52667016893042,5378652,624282870.7152145,0.03321952827322487,157.62558695642545,1,1,0.013800518994196785
990012,2022-06-02,125.36095582318565,126.59043341295727,123.12207190159457,124.95196664332911,6201763,759509592.0237752,-0.0029885230557647204,73.7803801545948,1,1,-0.009965896806131351
990012,2022-06-03,123.82383281674552,125.3547593650456,123.62962779348682,125.3547593650456,3118566,383340133.9367631,0.006612099850819016,107.96418004737832,1,1,0.036156418486342205
990012,2022-06-06,125.9250654826766,127.9091681603714,123.82031118703514,126.46849183737173,2630936,289413772.98513854,0.008339486377509071,176.13827364221075,1,1,-0.008255183765961939
990012,2022-06-07,128.2252570479016,128.8546843534689,126.2128208474735,126.2128208474735,2249904,262331335.76436085,0.0014250976575094167,175.95577378267382,1,1,0.03475161158716963
990012,2022-06-08,125.64167965543557,128.48787159011525,124.1777175971045,126.60718757684973,2315922,321861739.9074561,-0.0017949264490586068,167.613111393228,1,1,-0.039204033715848116
990012,2022-06-09,125.76995726598223,126.47346367970034,125.05928436398678,125.52610554150775,2708216,357282583.57347685,-0.004875023820802102,179.97283876343752,1,1,-0.048690385815939055
990012,2022-06-10,125.72282762000128,127.12436905288646,123.20906076886334,125.14563857978987,2465721,286695809.99316585,-0.007084445112988615,105.14004152774987,1,1,0.019259716562702547
990012,2022-06-13,126.91491481080926,127.65424891866799,124.91294901955864,126.27325577795291,3735582,462728911.57796973,0.008286292450330154,62.71298560407329,1,1,-0.014972272234226883
990012,2022-06-14,125.64833405888722,126.72311809196773,125.61339762506431,126.72311809196773,1469211,226013215.20029926,0.005763140807613504,109.86619965754066,1,1,-0.009656663564354198
990012,2022-06-15,128.87927948727054,132.58246686627868,125.99110572710656,129.42749107434497,5055332,654379008.7068956,0.0233759484666162,155.1787005229418,1,1,-0.029467486571568436
990012,2022-06-16,129.63974839061453,132.2974048319266,125.58332920569826,127.60184051646822,1788516,262049386.27772924,-0.01865589409447112,165.26688744117482,1,1,-0.03140736977190812
990012,2022-06-17,128.47672554771287,131.10698200024913,127.28362490317198,130.1689043906805,1573874,219158928.84236696,0.022661616339130844,99.07147406553418,1,1,0.014138717485262839
990012,2022-06-20,130.75329653793844,132.01750628384923,125.58050507259651,127.57803919631525,2690043,290406971.26958495,-0.0200823257120167,83.49639172421956,1,1,-0.003181242882882754
990012,2022-06-21,128.2051131486895,130.18196918903286,113.30945738427558,115.02426619951731,2886460,343343116.96271825,-0.09654944299752508,86.77853844972954,1,1,-0.030737867262647878
990012,2022-06-22,113.58585990879295,120.96655774854273,111.9610088723441,119.28087278912318,973813,113441424.23943925,0.034674653036775215,98.40694788853652,1,1,0.018237114064442568
990012,2022-06-23,117.06582396814694,120.85255965527892,114.77557316899927,118.01390686303928,1808008,219727316.44235393,-0.00983786289720837,58.19754881019054,1,1,0.0284084198586402
990012,2022-06-24,119.33828374724199,121.262539895481,116.5125060023912,118.04806322721528,823658,101282044.69824831,0.0025472275313904603,99.03797187969869,1,1,-0.00556244878725763
990012,2022-06-27,119.41569499136243,120.51058113707003,118.07586985075814,119.35665135867114,1665408,222972636.6118165,0.0057035160891985345,123.68213205691193,1,1,0.023864483233827644
990012,2022-06-28,121.83484357272435,124.0128617144521,116.30915922269426,118.35629112078372,1740117,214271659.5835692,-0.009209594954614781,116.91276930727716,1,1,-0.029192567602548077
990012,2022-06-29,116.27882430709484,120.56036338151779,115.31019626928368,119.7630561331655,2591287,336164394.4690618,0.013382260315582815,106.87224316754987,1,1,0.012591778545572033
990012,2022-06-30,119.98580413366314,120.92049398548606,119.58812749897344,120.18210837551386,1545533,199662295.8568281,0.0037982744814024872,93.0159617825465,1,1,0.001597783588333991
990012,2022-07-01,118.67634654419238,120.97599835332315,113.04362232813386,116.17253472491028,1995444,222719378.0440678,-0.03508912674541117,97.3038109575944,1,1,-0.023629031844001
990012,2022-07-04,115.09501560904546,121.59202234682874,113.31453427161932,119.29988463965303,4337561,581399876.307608,0.03270863431302117,97.97177441247375,1,1,0.05164616446460682
990012,2022-07-05,118.73850796772727,118.73850796772727,117.20808522783413,117.3597130887405,5836545,764875625.9206454,-0.01623930828091053,159.39050276268628,1,1,0.003477263066654841
990012,2022-07-06,117.9055075261623,119.61252137338151,117.18460861007104,118.40202661526419,1536331,173694898.18266457,0.007578600021473876,121.37331588105945,1,1,-0.01831696566019295
990012,2022-07-07,117.41800184644792,121.69672292665764,115.74882082237488,119.98687639726306,3770725,454196848.2802654,0.011942621516839875,256.12426451000005,1,1,-0.0021632024008490652
990012,2022-07-08,119.75838621063376,120.28740238216106,119.45940315070948,119.7099919893959,2903605,362877505.3517181,-0.0011287012636034763,106.78691550457722,1,1,-0.02569661899859695
990012,2022-07-11,120.80789479194698,122.50675224065299,119.58420152160764,121.04752312080385,1007129,128174094.31056173,0.012647092943295577,143.76697767711985,1,1,-0.03329617012492405
990012,2022-07-12,122.82001508582523,128.0849990219335,119.47810011134038,124.80193184762321,1653908,190026934.01751232,0.028901093284830637,107.71151605228869,1,1,-0.01457517913569797
990012,2022-07-13,125.4622613028177,126.67952411140155,122.03317920986258,123.56316546795962,535174,67509918.35100298,-0.009727735330327824,106.70446183960384,1,1,-0.012783491143528919
990012,2022-07-14,124.29635172933564,126.34707977127422,120.23167664502328,122.51961845996163,2748232,303095454.4314011,-0.010297939142515587,221.68922477187178,1,1,-0.023962793462372328
990012,2022-07-15,122.16627196776732,124.59735239481832,116.40877402626771,119.25825777138935,1479708,169326992.42674562,-0.025068079595269747,178.37265791583786,1,1,0.030424843063742688
990012,2022-07-18,118.24132913579578,125.63420898934524,117.78847918856714,124.60304649646265,2252080,324393369.6255738,0.048905409476094536,61.51674461827184,1,1,-0.02294671399051511
990012,2022-07-19,125.79758565792054,127.49079672310761,120.73248445928199,122.05076592850752,7808554,1020784754.3197995,-0.0249660797092889,81.75073746315485,1,1,-0.027351430176760234
990012,2022-07-20,120.96334891613488,137.72075854226892,118.29239873344552,134.8292704038445,4965115,722986437.1687553,0.10206346957838484,115.19331684849215,1,1,-0.03405939183446842
990012,2022-07-21,134.0549601997215,137.68615530035316,132.14918944604707,135.56616739609007,1490961,232764715.01735547,0.008587917709664931,99.4230952795692,1,1,-0.03660672796560382
990012,2022-07-22,134.63795132997467,137.38708841265796,128.7085492700202,132.618269084623,1412139,217489744.614779,-0.02361579361977379,67.70242743188052,1,1,0.024506240901378804
990012,2022-07-25,132.1408267072728,133.13259714075596,128.45352622212727,129.51731329534576,4341110,551942029.56314,-0.020465234349584225,126.96825188503357,1,1,0.004149198618091436
990012,2022-07-26,127.8590710983902,132.76175707878565,125.92495873286279,129.98218034835617,1520292,192023247.86026958,0.001442223798939169,58.630197721995046,1,1,0.015585158740700059
990012,2022-07-27,129.350999765357,131.0915992074012,127.73302211135837,129.39487929424573,3838554,496910838.3634113,-0.0019055934412140596,127.50591016699411,1,1,0.024266846913466766
990012,2022-07-28,128.92584729456493,130.42254456971176,127.69413430323398,129.1214043270941,8970207,1156462710.789139,-0.003108056710948457,160.90228355194273,1,1,-0.011502380249589304
990012,2022-07-29,128.08417961405397,130.00193844280432,125.85988904925341,127.74802055843456,3240144,390052197.9001819,-0.010651958517110953,170.00038340650764,1,1,0.036276359119813965
990012,2022-08-01,127.7769487467514,129.22958421320448,124.75608674609518,126.60989849224525,4014935,489405940.2989686,-0.010325656260125325,114.83465642493512,1,1,-0.01927145974070952
990012,2022-08-02,123.94670687377105,128.87891455189265,121.55119121618884,127.44480029617452,4181992,500057307.70338076,0.00921745933147085,217.33547093705613,1,1,-0.03167793741340188
990012,2022-08-03,125.40581710843243,127.1923477759526,122.54383177705272,124.1865769009212,1914547,209986628.13658765,-0.024313398022272736,137.9946854060796,1,1,0.007204258394051036
990012,2022-08-04,126.30143773268891,126.30143773268891,123.03989684173243,123.03989684173243,2568880,325543240.6548822,-0.013064185144020067,168.24710160036946,1,1,0.0011425701814288818
990012,2022-08-05,123.4169739364171,123.98466350835767,120.32275980232659,121.2387263149633,1604658,182389217.8044778,-0.014564905408652006,91.33871053870672,1,1,0.0011005448001375944
990012,2022-08-08,120.27009186913375,122.51194212635362,118.37573778151439,120.1154019838036,4313884,536357841.8486708,-0.008631387502523522,218.24199771124992,1,1,0.024185244056641658
990012,2022-08-09,121.32863256361078,123.10990180996636,118.32985313974115,121.06079618119519,1341245,175424133.60114244,0.006220077610444216,121.27827454993347,1,1,0.00012808704578924288
990012,2022-08-10,119.98628754030548,123.58755160134572,118.28790752409232,122.39999248267395,3423588,396375926.5849222,0.013359287284731044,222.92066213508332,1,1,0.0056015727715823865
990012,2022-08-11,121.80055336996953,123.25552117274563,119.66557129347338,121.2017271982252,4246688,515162864.14926535,-0.010747710187419088,204.93636968974178,1,1,0.033295719504278606
990012,2022-08-12,120.31960419399577,121.63624296562378,116.05842238372779,117.93071442278519,1857529,225039432.8771039,-0.025758846505323084,134.1114949347765,1,1,0.0043744935816062095
990012,2022-08-15,120.16615950660973,121.66021557551683,115.99059492787583,118.04027131444627,1637130,192784246.3102909,0.0007461152543637615,141.99347046227598,1,1,0.010396733819820599
990012,2022-08-16,118.05229513044979,127.36981666472454,117.76390442032832,126.57710687112728,2310740,288442834.87095934,0.07103798303899136,113.26513388621197,1,1,-0.04019849099208863
990012,2022-08-17,127.07350893828178,128.01518054131847,121.09948566719291,122.54364597186931,1483982,183957100.225172,-0.03557882503584127,88.45249628778839,1,1,0.09573482463204579
990012,2022-08-18,122.79822042793022,124.14100682020442,117.47593364578691,118.93069828381591,2552253,290154567.7709129,-0.026528590514972323,152.75747715395244,1,1,-0.04477985581940998
990012,2022-08-19,116.22388671596649,122.18472561740157,115.17585488718261,120.79719361255691,1641577,177335207.81832597,0.016086999310818577,149.77447517245497,1,1,-0.01695439835028181
990012,2022-08-22,119.98905893457574,120.9313818055522,119.98905893457574,120.9313818055522,1463250,164460655.35078096,0.0006613906641539157,64.85960508943613,1,1,-0.017754563738913383
990012,2022-08-23,121.54313207714742,121.73143444969097,120.01272515709726,120.03846264693247,3030137,386489222.10611254,-0.0011581094949889197,117.59685759197235,1,1,0.053100451764974736
990012,2022-08-24,120.82261702869661,122.23370754244591,116.5708872802356,117.8137126537097,3375089,317119038.26262236,-0.023765357743473235,169.69145762494242,1,1,-0.018575744413629396
990012,2022-08-25,120.16816360123802,122.55702777398172,114.18928928492971,116.64107110956816,2108500,242927856.57036296,-0.011122046451510485,213.59850383138132,1,1,0.00901064891106967
990012,2022-08-26,116.03341130759084,117.28104611780863,114.85098348835328,116.20710618505234,1105822,133422186.52358606,-0.0020748459576923274,160.61359241051665,1,1,-0.01757458059495171
990012,2022-08-29,117.28688955327657,118.23066207078631,113.2153156594904,114.56995702973357,3932106,538358933.1909884,-0.013836570108714811,67.46761824676766,1,1,-0.030205866717012912
990012,2022-08-30,115.59315679370735,117.5994529910125,113.31939999458547,115.020554131026,1934671,244904665.5173837,0.0057369137203893686,80.74535820623571,1,1,0.012410417893273518
990012,2022-08-31,115.18954676429647,116.67813271084134,114.77324108123071,115.38054436683979,6424680,784093294.8370397,0.00211268117982016,106.22450122390796,1,1,-0.021708007657446547
990012,2022-09-01,114.86887467008951,117.61517707405262,113.24321469320212,114.90259434499913,2475641,260006745.8247345,-0.003344193592171662,208.16812893296589,1,1,0.0028108075352374856
990012,2022-09-02,114.58203804403617,116.06316626924188,113.48112264161043,114.79420165315544,2637908,337576070.4702188,-0.004598583584353342,96.02208759762105,1,1,0.01390122929946009
990012,2022-09-05,112.4251404477406,114.84470311938145,111.52435595191689,114.469381414909,1917558,210356104.76589304,-0.0038280687969448764,182.61599294777812,1,1,0.04777463161770966
990012,2022-09-06,114.47807799871501,116.84177166381365,110.53618675414444,113.5375414298808,2710841,265756370.08414468,-0.008996943256240597,95.4273183754203,1,1,-0.03608256008921158
990012,2022-09-07,113.732084972392,115.7785295381804,111.31700361173765,113.388970657209,13070329,1672554027.1156251,0.004263744141790103,149.116249279087,1,1,-0.006726342495647573
990012,2022-09-08,114.49999631990266,114.71809744372673,111.32756186966492,111.89492420312557,2069061,234521860.38523072,-0.013535152769363037,84.40692512211693,1,1,-0.005632237310862157
990012,2022-09-09,112.0412915454684,113.74905636720938,108.74259723726156,109.74285963580093,4244142,430225424.73584294,-0.019073227851701714,112.65947619289632,1,1,-0.002657940482622483
990013,2022-01-03,23.701747239103916,24.301631082474017,23.61077424428583,24.00601553334929,4405165,110719832.37547499,0.0012418338561226948,136.06158147858466,1,1,-0.0029289394581375463
990013,2022-01-04,23.871713774839805,25.37989514148941,23.78943828744889,25.358738337393312,11325525,317416534.1701196,0.0548022220309148,281.70713429198594,1,1,0.03312746409585059
990013,2022-01-05,25.7618447470723,25.874421090844827,25.491477192747627,25.595293747971045,27501377,705466131.6649082,0.0095026934786828,119.99645555847385,1,1,-0.03283030714184198
990013,2022-01-06,25.117511362851726,26.804080007473498,24.8017688248527,26.29814712793352,18536276,481231599.36472344,0.031975570028176546,140.6343184763508,1,1,0.041827832112022394
990013,2022-01-07,25.927002548896418,26.62829774258155,25.71475262415201,26.389727768211337,14027373,349229510.60900015,-0.0011120868603701644,208.27152389969825,1,1,-0.007705301425937612
990013,2022-01-10,26.383782706615893,26.78472874028296,26.295887131796718,26.582253680740713,3808668,101051842.95960853,0.008653786365913357,86.0041607701882,1,1,0.0014304917251220161
990013,2022-01-11,26.493159299575154,26.993945042179895,25.827957399377716,26.391613495751596,8801665,208326211.3996494,-0.006951168187865747,132.5777368298547,1,1,-0.03610164373370551
990013,2022-01-12,26.23432575987245,26.93739966993322,24.95860097545292,25.60882461566577,13487722,342681936.4517331,-0.028273983423605722,204.93616779654974,1,1,0.014217893913853055
990013,2022-01-13,25.778323197482653,26.06714085646909,24.703806328907767,24.974854427595897,4453341,123867848.42727779,-0.026866085478108617,126.39599045142627,1,1,-0.0328735643572001
990013,2022-01-14,25.037099033979935,25.037099033979935,24.645753529309392,24.688090896362322,23674368,637969164.6943169,-0.010536817097275128,112.4642412996307,1,1,0.008385750978558176
990013,2022-01-17,24.388901787727473,24.709025745156694,23.520190623998324,23.89363454321364,12210491,297677573.9693038,-0.035648361939919354,224.19217252571852,1,1,0.005363965333538546
990013,2022-01-18,23.700284617646417,23.736919170476472,23.5092550217868,23.5092550217868,3169296,65951902.80489876,-0.010117576376160833,253.5667621559753,1,1,-0.013236149086102019
990013,2022-01-19,23.62304379166522,24.095984769755034,23.43846057698988,23.981714224801202,8574459,192799044.22748607,0.01849104921947392,271.53344027531097,1,1,-0.0670472987258513
990013,2022-01-20,24.146065668012234,25.449708467163536,23.721476615228358,25.0112124956624,10432748,274799774.67776495,0.043069990792187436,103.49924844453345,1,1,0.06366868774519042
990013,2022-01-21,25.230790012369,25.41323935454324,25.186320763768293,25.253084223590502,11139127,322892454.61869544,0.007066344071467994,107.87629208036611,1,1,-0.035772367778958404
990013,2022-01-24,25.047735028856945,25.66359194671854,24.80666000936732,25.515169026807506,38427326,887309479.9528756,0.008534732239010575,113.02494241167564,1,1,0.005272636185599661
990013,2022-01-25,25.61662897054668,25.61662897054668,23.544687755794456,23.67547073859133,18999129,456721007.054211,-0.07085999526035001,188.96076608925864,1,1,-0.025738443546136264
990013,2022-01-26,23.810257480246634,24.157659891184405,23.47565354025792,23.8236435896385,4475550,111394404.85112731,0.00948108878903035,82.54554155533661,1,1,0.029252959602284544
990013,2022-01-27,23.888448725633626,24.30140522066672,22.847757262836236,23.259366390392906,4309590,95816743.87494212,-0.024986023060606682,84.59326727891279,1,1,-0.014902314350389603
990013,2022-01-28,23.290485363735044,23.44777640882175,22.74153086310215,22.8687268006992,11402428,222088543.65910342,-0.016046596730391972,101.7506477796911,1,1,-0.02642416895233264
990013,2022-01-31,22.918511156342884,23.148285599500646,22.310284411801774,22.575402738229613,14691019,298418107.0141227,-0.015423823411261986,92.343616170564,1,1,0.01524545516026131
990013,2022-02-01,22.497938092339673,22.921665524818042,22.207863541922844,22.724645326742362,26927934,638817052.305858,0.00853984415684102,202.9635910483744,1,1,-0.04250832144189162
990013,2022-02-02,22.58919560474138,24.24761458310747,22.3618049867218,23.996285785059758,44372354,1130444475.4398394,0.05799867097823407,197.15321827938615,1,1,-0.015947580876657458
990013,2022-02-03,23.985981416447853,24.32806891367126,23.834862943117884,24.135846055155636,52281966,1224408511.4640877,0.001802361128540495,112.53203937354041,1,1,0.01818674125996451
990013,2022-02-04,24.244406348610035,24.654148090889965,23.53419745059528,23.992242708513505,9265876,201992035.49266696,-0.0072954252138697885,127.44753792565126,1,1,0.043445826498321134
990013,2022-02-07,23.729633394766555,23.793819461940416,23.54284696672331,23.669370577884575,25468986,564170206.1231335,-0.010611285299167526,45.96699178931691,1,1,-0.032933423292960576
990013,2022-02-08,23.62640809908781,25.045838926449253,23.426790320480475,24.772140763132203,18199190,478798412.0827995,0.04596473744611004,113.71912444636203,1,1,-0.022080808020777064
990013,2022-02-09,24.713049292528453,25.202631572939733,24.321671519659827,24.84538237549868,5611329,138607478.14158204,0.0062294942686269335,236.97385527344198,1,1,0.007728362503092934
990013,2022-02-10,25.454693175350652,26.27950274517962,24.827380798494147,25.667585176209318,3055343,79695877.65504254,0.034239975099135775,111.07400808953545,1,1,-0.0649485178109114
990013,2022-02-11,25.993569288243226,26.34133883558485,24.812654814881466,25.054138180267465,13893867,391551244.4122181,-0.02431146262873666,86.36701659914176,1,1,0.03883018393694786
990013,2022-02-14,25.429123402899236,25.55616117699199,24.677529258862986,24.9570210509253,4110245,100466999.51389228,-0.00747134778598822,250.86376806566153,1,1,-0.03408055766377779
990013,2022-02-15,25.134355941221067,25.38400886054557,24.993315894755707,25.164468134156223,6470301,161829414.11265254,0.008843316648152296,85.54768896011963,1,1,-0.016694013474046476
990013,2022-02-16,25.02346001211868,25.53499246584339,23.596377677060005,24.06990538467222,7279644,178294231.66657218,-0.04512861842732074,269.89351276923134,1,1,0.004904468095231049
990013,2022-02-17,24.394905002802034,24.502650352567105,23.723338716436917,23.846357779680012,15922993,365606207.6397004,-0.007812894931787995,357.8150078240001,1,1,-0.0015791421811525326
990013,2022-02-18,23.92923530640636,24.17114729070544,23.77771739400281,24.033512321199016,34538342,870365766.4151125,0.00546362309701557,132.18720218277187,1,1,-0.032970679755249505
990013,2022-02-21,23.969813798115414,24.500664702998346,23.544652175879044,23.985750880470853,12494050,295779554.2798671,-0.0017571551272125136,236.95596582444327,1,1,0.05008436176019195
990013,2022-02-22,23.690993936597014,24.084662279110834,23.356115053761886,23.73187266807626,9033310,202102238.50352624,-0.008218855577879311,67.23148956097272,1,1,-0.08281829016832772
990013,2022-02-23,23.689325511898122,23.998922630671537,23.329793379849775,23.652277497878423,2819243,73943979.70584148,-0.001993815926001004,65.95579018497608,1,1,-0.037870067022045824
990013,2022-02-24,23.216690142250943,24.10220930482656,22.85508035329373,23.64426612256006,17849958,479394674.0760403,0.001493132123649256,98.18340352132668,1,1,-0.022860791442765514
990013,2022-02-25,23.711997567545392,25.622756963719763,23.400692585840105,25.477626374706638,12376055,297145350.6285904,0.07034102333403183,197.61673639583387,1,1,-0.03254036962199487
990013,2022-02-28,25.31259717944204,25.31882853225706,24.978759114711714,25.08745503174245,8726450,221658144.81084082,-0.01062602230405013,138.68815300768773,1,1,0.034559368975741994
990013,2022-03-01,25.049538861300896,25.527060373774212,24.656119880348527,25.16721224768806,33557583,795846020.6268901,0.00429384113208451,127.85942115198327,1,1,-0.054460075173662935
990013,2022-03-02,24.801303065434197,25.53651219169758,24.693092386637232,25.24535873582645,5332764,130342189.39967205,-0.00015674393786308262,79.24317369824949,1,1,0.04501162309181421
990013,2022-03-03,25.402312594084776,25.525410076375195,24.998541536135,25.147418157192966,8147571,176959530.24829924,-0.000647684921245968,131.16454721297677,1,1,-0.011767263244296292
990013,2022-03-04,25.394131099862395,25.51483942699321,24.757633915204995,25.017321048038127,10645324,281682006.8859715,-0.008388610627463365,104.91508108468331,1,1,-0.04526083288291205
990013,2022-03-07,25.389468420882434,25.789905787594304,24.259439574651303,24.490810115299603,8892496,222209771.9597275,-0.02013449806353256,92.97532525792761,1,1,-0.06814939497172615
990013,2022-03-08,24.96023338062151,25.220118992873832,24.78506556727549,25.109680020889673,19286678,511014088.41395104,0.022690580669311147,89.61644332492314,1,1,-0.009818443763105086
990013,2022-03-09,25.139158535998142,25.318936283302477,24.842907301513847,25.12620964762938,16027453,433208765.5018416,0.0008320859131214212,150.56002675366588,1,1,-0.02487741894140413
990013,2022-03-10,25.347762657640807,26.202540483980258,25.018314665077916,26.024327593562433,27161814,628262614.1433065,0.03519316979533871,101.48706502873524,1,1,0.004151284716534067
990013,2022-03-11,26.03578903661624,26.373591589375938,25.528006491965957,25.852053417084356,18869802,556096506.0193378,-0.004838225707604427,138.19409820468388,1,1,-0.017101152776812237
990013,2022-03-14,25.740885568151768,26.138648857329933,25.316976999905275,25.582000290557684,12488407,284583525.19472384,-0.00833551490202627,64.36485340045678,1,1,0.02640099657846583
990013,2022-03-15,25.55451343570759,25.924803573348484,24.346830487490447,24.750113569568946,9950656,231233657.91154242,-0.03217224163056787,172.19988192979534,1,1,-0.007571553818872718
990013,2022-03-16,24.895836929098383,25.278213365742968,24.758657774826474,25.08206533010781,18129003,468288849.87829304,0.012385084018019708,153.76372492977072,1,1,-0.016276383981424725
990013,2022-03-17,26.112658715129598,26.589528993834232,24.29535445805261,24.805168795736826,10876592,262994673.9941831,-0.016013975492149325,125.3981416810162,1,1,0.026940812098667378
990013,2022-03-18,24.998543380193038,25.169335332592023,24.240527583171726,24.525372364022775,14411568,335404950.5927784,-0.006841236840630721,148.59543039222055,1,1,0.0038937652591543538
990013,2022-03-21,24.66785352894831,25.178433680760907,23.41848020825942,23.95413284977919,20262954,481570786.89037347,-0.024092817842119592,207.36737108725222,1,1,0.02079699465013716
990013,2022-03-22,24.095576424585214,24.319064751583443,23.753008720268337,24.028345532586396,13822976,353694401.5658038,0.0003827906163570039,73.98671827543475,1,1,0.03236650353420191
990013,2022-03-23,24.1402208115982,24.1402208115982,24.03888734596701,24.095671231858883,15002296,398372874.493918,0.005335686357448561,142.6340039329448,1,1,-0.012251867967570447
990013,2022-03-24,23.994051530085613,24.401296755141573,23.5644440581507,23.84825304441335,6524143,179365855.30646843,-0.008279255597380865,78.75243062265677,1,1,-0.0019809122908987244
990013,2022-03-25,24.047547463406538,24.48389864705374,22.694002032359617,22.940053012521563,36242136,806725209.7698439,-0.04092329151259083,143.92801917066285,1,1,0.022936639239468436
990013,2022-03-28,22.965853139711623,23.798025900944197,22.452426200022337,23.31923983315602,5710925,146405011.8208108,0.01888705624542626,123.91697813282673,1,1,-0.07896796932827936
990013,2022-03-29,23.06883145805316,23.626883637797288,22.77797062358041,23.28440093768711,17187859,421138008.9075494,-0.0029262276599991326,137.10035025429931,1,1,-0.006311879359641576
990013,2022-03-30,23.347352616475824,23.928534103626397,22.72276911814605,23.33361222587993,9119022,206506009.0496949,0.0016669388755944758,199.84324679409616,1,1,-0.010119622468988235
990013,2022-03-31,23.440422189304584,24.10106241581859,23.187536054007932,23.88133545132108,27068907,666867289.5848758,0.025535785295610215,197.28395181351615,1,1,0.008406231358869901
990013,2022-04-01,23.96645856423169,24.486799429839216,23.359423155944967,24.036323556818115,25875778,600837692.5107002,0.005120248160222779,221.45462361206643,1,1,-0.027944020745265773
990013,2022-04-04,24.06944833784934,24.365023784932546,23.666492972971685,23.95638876352215,12641336,314013010.6085508,-0.006134540940531629,116.76243105239269,1,1,0.030720502081144206
990013,2022-04-05,24.136312092664706,24.414618053529125,23.377602465182694,23.65149201999164,38753256,901894492.0125616,-0.008325156151968122,187.7143374207534,1,1,-0.0259845693095584
990013,2022-04-06,23.687454962079443,24.04431543135478,23.163018807591854,23.672634848303332,11023777,272534385.5201768,-0.002986177725730996,172.46003971669904,1,1,-0.01736237467987215
990013,2022-04-07,23.414252412199705,24.88687816437957,23.059936763581167,24.519921646468877,24349968,579531092.9808707,0.03974781341531835,118.04045506187909,1,1,-0.023715604332586432
990013,2022-04-08,24.374020096360088,25.30381970015916,23.940852871451803,25.01401801689246,7662692,172397676.64948112,0.015286788708613212,145.77920217028216,1,1,0.03487884470957029
990013,2022-04-11,24.833441374576992,26.072279025565276,24.694831779657,25.849244446992852,18454646,395920987.33489686,0.03889233111392379,130.89070077908934,1,1,-0.06767529679921136
990013,2022-04-12,26.326634649557416,26.62164399494289,25.56423349820157,25.721290926663038,6816026,166412190.18451676,-0.005869405322869543,252.88758597573627,1,1,0.05210797413965703
990013,2022-04-13,25.779862275007876,25.80102242360921,25.400594763951933,25.738569198043063,13199918,357801526.8875738,-0.0031235800102434063,196.57994296823892,1,1,0.04241046465621874
990013,2022-04-14,25.735654493248056,26.07272233021667,25.222073979743033,25.544375779301568,12307360,303082619.81258774,-0.007631861457621434,119.8586075351446,1,1,-0.02063647865998918
990013,2022-04-15,25.36519684114087,26.396431625923412,25.121550386597093,26.179028316967855,24086144,554049107.054845,0.026346715931721245,116.30549332004381,1,1,0.02860092263905585
990013,2022-04-18,26.16010137389959,26.562619741912563,25.34488916051778,25.765595018413162,7148746,228735014.66929528,-0.012043895071989044,209.47323004545467,1,1,0.0008599535510956744
990013,2022-04-19,25.557993212001314,26.970627500109977,25.253764240782225,26.586082814212926,126474520,3640455709.9450097,0.02944204619790328,246.97781123042418,1,1,0.04796404112237152
990013,2022-04-20,26.536886042768888,26.892393074186252,26.103370372490964,26.36380480255619,4426256,128852982.42808245,-0.008199726909903905,158.8104642873407,1,1,0.026241728265193116
990013,2022-04-21,26.29967597524389,29.245532757453535,26.28716281006577,28.985507365080785,16280825,509603357.52430266,0.10133106769294024,184.13909851701567,1,1,0.06467459663690567
990013,2022-04-22,29.402038140159238,29.981412401362245,27.664166598677248,28.260319565883332,15823715,433962510.88539994,-0.02804237440916698,243.0908687347712,1,1,-0.051484499145869965
990013,2022-04-25,28.2066244207836,28.834476792201944,27.936343318572,28.55017324680601,19969806,538424396.3273888,0.013238479927720297,128.50297403611393,1,1,0.002754716204412291
990013,2022-04-26,28.709419498816473,29.035511111566986,28.32819012231465,28.696212261832397,8589034,263023519.84778243,0.006150894190059375,143.67106756929942,1,1,-0.05649416472607273
990013,2022-04-27,28.63805162219681,29.481928236902114,28.019836480006195,28.68014384988287,14925188,495324764.2106943,0.00010238467262050836,170.98520120295302,1,1,-0.019208910925877867
990013,2022-04-28,28.86889751211655,29.161234108278038,28.073677488550622,28.401701739215035,8743018,258387914.10623786,-0.01628760735825536,115.12640292511706,1,1,0.06642251545472323
990013,2022-04-29,28.65574004791751,29.089412597968863,28.107771937960255,28.38294806162203,52622642,1642649451.793364,0.003786860919386729,288.26309175763987,1,1,0.01131842944209382
990013,2022-05-02,28.135383397106054,28.515959055414566,27.726096268458832,28.133049886799135,8182134,213237803.3787798,-0.00884614537484318,114.6788234564007,1,1,0.02728993909448318
990013,2022-05-03,28.207619993527054,28.237413637134026,27.71351891591058,27.789740835924796,11509008,324607950.69161016,-0.011131721550884984,142.3011614513002,1,1,0.012733207878633392
990013,2022-05-04,27.345981647768227,27.78381940047028,27.272931382043943,27.78381940047028,8196540,244027218.27700162,-0.004996160925404908,316.5209387698703,1,1,0.010769733712913333
990013,2022-05-05,28.088017446289896,28.254220896368977,27.510424685636483,27.666203093452037,7352238,210746160.7240329,0.0012549663613863084,61.81549399178614,1,1,-0.019321325242598764
990013,2022-05-06,27.7133591608339,27.988168505911176,27.44401236716851,27.695010978384307,4062055,115638710.04230627,0.0006878154258587355,152.12934211399943,1,1,-0.025083807065148338
990013,2022-05-09,27.278396908283707,29.002224250156104,27.044042529602763,28.57871003223894,20991566,599812376.6140801,0.03008615007379921,104.14774616006144,1,1,-0.02015060724878333
990013,2022-05-10,28.16506908114361,28.965861356120378,28.009221274834264,28.760148890564874,8227214,261874803.4853962,0.005744380855588646,138.59384484787188,1,1,-0.08762085843482573
990013,2022-05-11,29.007526558006354,29.468004750221493,28.02230616957336,28.537731278090206,6775186,210441866.84719512,-0.009081642382948021,82.22075736901485,1,1,-0.005701626470635447
990013,2022-05-12,27.932116140715905,28.57357668209173,27.932116140715905,28.527402016902332,5776724,182412067.71926653,0.0023091531978153934,118.05733927345108,1,1,0.004255068090240507
990013,2022-05-13,28.65852886457873,29.19525241460621,28.297106978821652,28.89193135490657,16070098,474940006.4170179,0.008295471374479894,140.07486540258023,1,1,-0.02231778404870865
990013,2022-05-16,28.756370181732773,29.08650167970593,27.283796214602923,27.59147332711733,13458369,359048703.97043294,-0.040778439933116056,153.60495542788308,1,1,-0.007206263305636
990013,2022-05-17,27.611407599801154,28.085784562121166,27.191203533499323,27.658659428058794,12858558,355985786.5516998,0.003117649477104324,203.9530695855984,1,1,0.01307686487934295
990013,2022-05-18,27.49349315310543,28.285930597831634,27.326590984354453,27.977245940845236,7805438,194258246.58331957,0.011711516529790751,50.52338104101855,1,1,0.024204807198340183
990013,2022-05-19,27.78721074193326,28.598771381994936,27.59038200113122,28.44571605665874,19478448,557520734.3731902,0.016072827525047063,131.2484923466982,1,1,-0.040214785361405034
990013,2022-05-20,28.279975579512733,28.964403222566435,28.066350656305946,28.67627673704178,7131535,237308530.8652332,0.008902850472869843,128.50818340531984,1,1,-0.02774809333824801
990013,2022-05-23,28.91573594872147,29.481476397934834,27.975451669785183,28.526229224177047,13337064,430085151.76879346,-0.009045542510120425,134.78833842680075,1,1,0.020126626642571324
990013,2022-05-24,28.3815494509251,29.829906957691218,28.146092456847885,29.575798061494318,10307220,355932018.12353,0.0404327980991046,140.52927197989328,1,1,0.015055238014489322
990013,2022-05-25,29.698088903706758,30.192045852146443,27.9485730631716,28.5432912942307,3803524,115017690.8191069,-0.03658639470614414,96.77319129817079,1,1,0.03842109457194027
990013,2022-05-26,28.51724350348576,29.572489331533244,27.965762517268477,28.99066544552218,56283688,1752052448.3480906,0.017498839609038582,70.8946279090627,1,1,0.037138233017893804
990013,2022-05-27,29.11245736609239,29.290749764915603,28.293231544994086,28.293231544994086,19312066,592417065.0658598,-0.02377367131292507,152.20472916362812,1,1,0.0715331305246655
990013,2022-05-30,28.409985579728257,28.821263153341263,26.834147867097315,27.324177322365394,15603399,420221458.6303613,-0.03864640663460955,90.12736842247921,1,1,-0.012219867007454283
990013,2022-05-31,27.058629692240977,27.312939907211476,26.97538628559491,27.235027743404896,15490013,404215243.07766426,-0.004248741960030178,164.90059734416647,1,1,0.04566432074067169
990013,2022-06-01,26.86195134780088,26.96618763156414,26.215512469033378,26.442027019713816,54609607,1564345261.8582888,-0.028470471000932737,92.38449766070329,1,1,-0.03162199913219069
990013,2022-06-02,26.696336483396657,27.04405105318151,24.654668202103757,25.00210327210674,26615215,826700560.904509,-0.04925836234296711,186.87057007882274,1,1,0.07088911411098907
990013,2022-06-03,24.90944874643885,25.273027687260598,23.71731728161568,24.00660451685518,17787288,436176064.7221998,-0.04008376057389104,135.36156988253092,1,1,0.010900736038573113
990013,2022-06-06,24.196395293909628,25.27846811548828,23.898407856175087,25.047305296020845,8022083,214622816.46960655,0.03646883490102116,139.48202256265688,1,1,0.013601822941300148
990013,2022-06-07,24.959250116101842,25.197184277813513,24.829843294334456,25.050758714303498,8448528,214304482.03897816,0.004606187982924256,124.58893755832628,1,1,0.027456491537296266
990013,2022-06-08,24.94686131197596,25.330790545840756,24.562211586163038,24.755904360532206,3165344,83564846.23253705,-0.009549621689180051,116.24282089926086,1,1,-0.04508825115093851
990013,2022-06-09,24.999173566714695,25.07356508878672,24.775808680561234,24.874559502903164,10227246,236411234.58704644,-0.00013394968516209081,125.31067484296157,1,1,-0.03640844715239833
990013,2022-06-10,25.068987500180725,25.46452361627635,24.370277522007477,24.69088964869986,24011111,559188773.9028243,-0.0053693980648235285,230.69937836771425,1,1,0.00041402929341115627
990013,2022-06-13,24.880320213582706,25.135049843030128,24.69642485864108,24.979546067826337,20423108,509408270.04390186,0.010675998384960961,71.28492332444964,1,1,0.007529836938688243
990013,2022-06-14,24.957993293168336,25.423663593694727,23.948324778302826,24.30088221402303,19173006,524380153.2642747,-0.021681996648213405,104.70975881837445,1,1,0.06125379400770746
990013,2022-06-15,24.83089657109567,24.948300968506455,23.99681932426543,24.24252667997198,9348002,222489706.93850803,-0.006217915529652077,218.60625065474943,1,1,-0.032524758777249585
990013,2022-06-16,23.87642989798826,24.697215740454453,23.476201214694797,24.363748251541384,18336205,472456484.3575775,0.0024423145874039663,197.3914253282752,1,1,0.044477424032016696
990013,2022-06-17,24.082406095218364,24.769781918468915,23.787156946471157,24.444426333157967,23373007,545072349.8756033,0.006504343617590416,247.35682034030643,1,1,-0.011379236963474587
990013,2022-06-20,24.43925718478685,26.244148015531128,24.066380211489374,25.96431630656799,2142324,59616850.81445231,0.0582032441225642,135.08193053435602,1,1,-0.011810268579299055
990013,2022-06-21,26.19592346824781,26.601981107145733,25.804608749210097,26.19276831152409,15937463,436980848.2677648,0.0139607006460321,78.30386397274229,1,1,-0.008232005689970671
990013,2022-06-22,26.56284449839513,26.950774436378687,25.793877985996634,26.121207962490654,56699740,1487185501.3221622,-0.0051343758912298755,85.7944433115048,1,1,-0.01260686708552401
990013,2022-06-23,25.675395694027902,26.12123651809268,25.486497917838037,26.007237579687562,11048617,275057580.3758557,-0.00785132745774969,121.79984552749666,1,1,0.011885658662184384
990013,2022-06-24,25.785053114290875,26.69427227502815,25.421547420253685,26.206497474999004,1885673,54323491.67292278,0.01330910997875985,192.42806563572043,1,1,-0.015380424172249121
990013,2022-06-27,26.024654729534063,26.333382735840207,25.22744411495908,25.694473576851035,7332502,182067964.99660304,-0.02232563101025961,124.1408743504258,1,1,-0.0467924219304408
990013,2022-06-28,25.706178595006488,25.972441334778686,24.64749922896677,25.05333201450961,3335107,82719634.69734983,-0.025563387190155336,120.0756668803503,1,1,-0.011447911226841422
990013,2022-06-29,25.228655257745277,25.506587409053232,24.96970314947017,25.08648710935428,8107383,195296106.5581,0.0023118984757562007,164.487991947373,1,1,0.010960809186403561
990013,2022-06-30,25.37510543418232,25.903837781350475,25.07931570423476,25.655824320776166,5334562,131059844.09944235,0.023393727190971613,140.25311634688003,1,1,-0.04654096880799817
990013,2022-07-01,25.735084544452366,25.965806827180444,25.386852284555697,25.557883305395478,25704244,630529503.5653931,-0.002567546467770578,114.55062616731375,1,1,0.01483323140801418
990013,2022-07-04,25.471866837665928,25.720371884458782,24.71089177331015,24.990764568280465,22269798,585215649.5644276,-0.02428687360463859,89.84402475019861,1,1,0.033351967381103687
990013,2022-07-05,24.926860638108327,25.036635674896857,24.06897888294483,24.127428548696262,15977060,387778316.5737071,-0.033968350606267204,208.5129968471855,1,1,0.042613387910450516
990013,2022-07-06,24.312075115492224,24.86418051376255,23.816117060834188,24.271027289367535,32914034,769027834.7160809,0.008642560992700101,217.774565554906,1,1,0.0072806609350743075
990013,2022-07-07,24.881718849598066,25.527586051692246,23.119439405539445,23.691986076337326,7674136,182489821.0634662,-0.028797707677229663,87.68161737868525,1,1,-0.05898565836802005
990013,2022-07-08,23.367089553989288,26.653167916421364,23.20404937509922,26.407918091368064,14776081,389872452.30884576,0.11912382605189081,116.44811078477971,1,1,0.016868255331667754
990013,2022-07-11,26.92409753971637,27.343200611309676,26.002586391571736,26.363304658785488,66327452,1841769912.2603023,-0.0006877311468441518,184.80731136997133,1,1,0.0267526531362007
990013,2022-07-12,26.50825703658734,27.02299651979249,25.94414435371133,26.412581188852286,19601184,457151343.7054582,0.00023487350362509264,84.691489097059,1,1,-0.02470927397649491
990013,2022-07-13,26.766385152165288,26.957942043966074,26.240368545062978,26.380538331870103,20165514,532218086.25087464,-0.0006187505620135159,162.24933984121083,1,1,-0.005412237200210682
990013,2022-07-14,26.477357880403794,26.517772668461532,25.65203203634919,25.66017870759683,7081023,179972173.30891126,-0.028541423532017902,120.34543856015387,1,1,0.011794753049306349
990013,2022-07-15,26.104184966419464,26.55189491113489,24.4592336134364,24.973298608897913,9387492,251786138.9062724,-0.024847827381141812,81.83344050318686,1,1,0.052119742962959834
990013,2022-07-18,25.16709209749101,25.503630262657072,24.775301826321126,25.181252988954427,5780232,158994000.9096434,0.004921122900775966,298.1413188777438,1,1,-0.011077971532403696
990013,2022-07-19,25.07174343093573,25.426813230770378,24.64814416188854,25.21001699742296,45838943,936510812.194831,-0.0007208655385230481,119.57030218150973,1,1,0.0244044283140073
990013,2022-07-20,25.353343452421814,25.524371090486117,24.57773958906116,24.865970843721204,4040073,107252353.22762223,-0.011132166628478999,173.77947360574066,1,1,0.006619753958278062
990013,2022-07-21,25.05226837866225,25.31482201916766,24.4916581487936,24.626216132623213,25693638,672498058.0935313,-0.0065625771014235935,85.29967654910129,1,1,0.0030047149796200738
990013,2022-07-22,24.710707514241715,25.370451710461634,23.747893503806903,24.378599998053847,21349947,517495430.050219,-0.011108356990995693,270.6240449984718,1,1,0.03799023272866017
990013,2022-07-25,23.911299412507063,24.602446290939664,23.65353931053504,24.43098077215808,3764472,94641184.13119626,-0.00012423142007875508,320.7719919680704,1,1,-0.028881648445630757
990013,2022-07-26,24.397542515664423,24.73003213226574,22.69528182923458,22.905987129419085,29965006,672160469.561093,-0.058300991909472084,72.28988114643737,1,1,0.0039629568969840635
990013,2022-07-27,23.000705638125247,23.39722296586257,21.556797255359875,21.93701035149476,9771079,233734896.5432906,-0.043712041079846685,129.07213834226576,1,1,-0.002323101889140004
990013,2022-07-28,21.957459091430575,22.396173510959283,21.35138261754301,21.677257329384393,4971054,92006307.92704068,-0.011018526221079234,245.6963919444827,1,1,-0.049776218980335844
990013,2022-07-29,21.59356641719824,22.033996522595537,21.115748455672485,21.548458507532057,16906472,350855692.6623513,-0.009445764465748019,113.17898042444473,1,1,0.03496240748040216
990013,2022-08-01,21.83276041389319,22.049016236653053,21.354791534346145,21.666230168912346,7012087,138161376.89139923,0.0013672823247387882,165.36782735753312,1,1,0.02247925329594138
990013,2022-08-02,21.100364734468332,21.32058948012004,20.46490692127452,20.706498093644306,10997287,229940512.17691502,-0.03773660824040545,66.89836715707048,1,1,-0.002116038416714828
990013,2022-08-03,20.75784366028494,20.81681485480114,20.511336060157262,20.59588390302098,8608376,162320485.30334896,-0.009467708915365412,98.54242724989916,1,1,-0.011249004688057649
990013,2022-08-04,20.57099185282929,21.475978373385946,20.34682878759956,21.131015657342452,7555673,126153917.1069498,0.0288177932032146,158.09302239390922,1,1,-0.003157135868875337
990013,2022-08-05,21.567882669596585,21.90930275238445,20.59865765694393,20.790698829751125,5348595,108959992.83924158,-0.014612913801436228,107.4035706406448,1,1,0.018716497773840008
990013,2022-08-08,20.801279642782617,21.19500437384581,20.048464040736185,20.516727532351375,23676539,501058957.8955646,-0.018852424344647747,118.58664118007246,1,1,-0.0015278418148478759
990013,2022-08-09,20.534186799004292,20.970950600786818,19.730378327423452,20.29814572462686,15494563,370098645.8011081,-0.011827501764454178,71.87005268667689,1,1,-0.02381119629372976
990013,2022-08-10,20.24999799422736,20.93414453708253,19.91329192109871,20.64389999622657,16358482,335590116.4029169,0.02058637285510719,183.78166960398133,1,1,-0.019158363996036154
990013,2022-08-11,20.69830602754317,20.98429340343568,20.323071171039267,20.67870024183732,9786627,199271743.75221294,0.0017845384107075047,77.58315862450324,1,1,-0.003539032457270781
990013,2022-08-12,20.977876368373533,21.284669753284035,20.081191054507546,20.359876273357116,13707590,256680843.85518906,-0.014826840518967457,269.2707168045077,1,1,-0.032011077140611854
990013,2022-08-15,20.129814496578685,20.541339986239404,19.631342844110424,20.00042977812748,7807666,151737412.91841748,-0.01724092676685968,103.1547100139426,1,1,0.007146407472997489
990013,2022-08-16,19.919704049754102,20.148597783097568,19.407838446888967,19.680354496842874,7337182,137823987.99081877,-0.016963787535534555,195.77546545625802,1,1,-0.027693669040910248
990013,2022-08-17,19.76858254078345,20.199486546558777,19.17719325767217,19.589396727799357,44429533,970639709.736335,-0.005289824412928266,187.63614663169173,1,1,-0.0326836939842831
990013,2022-08-18,19.662888995129673,19.985259467488007,18.990358743778522,19.413708506243182,22003252,487843296.2458327,-0.010918785300482547,90.48658804243233,1,1,0.09560632222452323
990013,2022-08-19,19.27759770862806,19.79697567418113,18.977815778216918,19.454573791704934,8340648,168452329.1283072,0.006490907034318216,108.04259487641137,1,1,0.05683970373756162
990013,2022-08-22,19.4888801035215,20.00802649272907,19.389136195308776,19.999249166111806,4102401,76981606.54109451,0.026660989127361694,113.71859384267502,1,1,0.0012885243290432094
990013,2022-08-23,20.168086893164094,20.638766511293955,19.84390830552581,20.280117548878586,3439064,81435149.89259022,0.014481763692128809,117.1025502280678,1,1,0.02315973166703056
990013,2022-08-24,20.400800506864574,20.73073847057007,20.06093499026626,20.48141077559462,8643430,157131335.67647916,0.0076831237815715835,79.00838237312553,1,1,0.02841608044974367
990013,2022-08-25,20.35912881960528,20.593772516782362,19.892716226626384,20.354740192287046,14669620,289585700.4098171,-0.008906612323917856,174.49768259734535,1,1,-0.00549763652130642
990013,2022-08-26,20.300737672261967,20.577517625154243,20.019083255822753,20.335359085416318,12804288,292697277.97712755,0.0017226482408425762,102.88454417739611,1,1,0.005582233010825383
990013,2022-08-29,20.32271394734835,20.59721621107759,19.808113200463602,20.139928496342616,14521624,243032214.3258309,-0.00909556736874466,131.9134911862288,1,1,-0.011273485684224234
990013,2022-08-30,20.213514845400574,20.59743396791448,19.714830054071015,20.152420331074843,15869040,339457490.3372624,0.00040125284700191544,213.91893640595825,1,1,0.035676539479445796
990013,2022-08-31,20.019785778340513,20.23491870983024,19.627359129438787,19.848866364010448,6077328,107939762.16500258,-0.015769377805891185,177.37570345274975,1,1,0.036102246319515065
990013,2022-09-01,19.553755544558456,19.850520162390293,19.230947991671897,19.69248806036163,37981819,756373754.6836783,-0.01014348810977319,105.93316863573527,1,1,0.045149451843100034
990013,2022-09-02,19.721410733606184,20.1779233846695,19.549688088590653,19.94326819013859,10846435,240327254.20918998,0.021066983909399907,217.12989970116203,1,1,0.005063897918189942
990013,2022-09-05,20.06368976554739,20.449271403096805,19.834935906048777,20.13085212274989,16841803,333678913.19421566,0.004798457560353193,184.69315196591313,1,1,0.06389078905449902
990013,2022-09-06,20.410031603865885,20.635234183472594,20.019937548391795,20.19519186172983,8251942,158584554.7063327,0.009611134860644828,102.12560534264938,1,1,-0.005525701183568061
990013,2022-09-07,20.05915659135482,20.67694781398954,19.891941931062135,20.600791912651175,17495852,316308128.0189145,0.012890655548125126,110.96697628831443,1,1,0.06015188578015783
990013,2022-09-08,20.580582034207627,21.48200500550437,20.33875313351986,21.186747606427957,59732520,1175115215.3986835,0.029265855003965658,213.3804602547379,1,1,-0.017494839241190926
990013,2022-09-09,21.17504239990847,21.506541314742236,20.968744459424016,21.225887637866105,5738775,134631146.5988402,0.004049577363452497,193.92533199376763,1,1,-0.043296570787841084
990014,2022-01-03,66.77574648685199,67.68448629619971,65.66751121966581,66.22862928627708,28062243,2046454094.0435953,-0.01880157753825498,259.53060356402824,1,1,0.003109690095522664
990014,2022-01-04,66.12945837719758,66.62299063364998,65.81160182719462,66.62023352668068,32133619,2281655466.776342,0.001690440604621541,286.5190790280001,1,1,0.014915762405355368
990014,2022-01-05,67.22354579686771,68.40817022002088,67.22354579686771,67.88554942561856,30389039,1959382974.4197886,0.025011117323592767,87.2582181554298,1,1,0.019491970635418965
990014,2022-01-06,67.27935808858437,68.64802081766561,65.78128148987297,67.31380402201275,34849871,2144748303.1356483,-0.012055838682686509,91.25792007419358,1,1,-0.03781844647056864
990014,2022-01-07,68.30118946264453,68.51006249755692,66.36596488166515,66.6044158200872,39212038,2340915343.022772,-0.012460043918663106,150.25689850801785,1,1,-0.006438089077302147
990014,2022-01-10,67.34375123333407,68.0521988220882,64.65707438725767,65.0972487191769,80542659,5619651934.594583,-0.016748353902607104,108.37602260952427,1,1,-0.007382368367052654
990014,2022-01-11,65.75510697760987,66.752957892975,64.27589989011199,65.46793438259354,5819258,347949854.47532254,0.0011511179874433366,109.58966818079473,1,1,-0.06822672090112768
990014,2022-01-12,63.68705001577538,64.15487592915372,63.56705763841945,63.864910395618836,83560327,5540106992.708707,-0.021431739579344654,156.40021705194602,1,1,0.022142048479260535
990014,2022-01-13,63.495888778607785,64.82088328138069,62.95367312828089,64.2249196956021,129890135,8312305625.502199,0.006341367592420463,286.5190790280001,1,1,-0.03122532084229665
990014,2022-01-14,64.03564150644503,64.33023043933606,63.38630393121361,63.58295494946809,10385571,620382194.7349932,-0.011541101136581385,209.9779785889069,1,1,0.018751089244491616
990014,2022-01-17,65.02534197124176,66.50710893570199,61.81598344123101,63.26865175852241,29180099,1883070486.8273406,-0.006700215382973656,269.0827938813547,1,1,-0.025835347095651565
990014,2022-01-18,62.89249125397845,64.42628950037137,60.46576446764023,61.86044598773762,61070002,4188002617.300915,-0.02123440717708572,52.2123205231237,1,1,0.06100593703385885
990014,2022-01-19,61.41645816679431,62.043001981673655,60.85290808995096,61.46291470858803,51878335,3511085299.526658,-0.010020884230769021,189.8002033197525,1,1,-0.010965434991760838
990014,2022-01-20,61.43982664556215,62.47198541080195,59.09174814670825,60.021907913487716,74910720,4732954489.14484,-0.021444158968826454,77.68906420821958,1,1,0.057254828238142465
990014,2022-01-21,59.3190497173531,60.09212085020595,57.26128945907126,58.054734794585286,35048361,2086676395.5952039,-0.03166793560050567,247.2503661975307,1,1,-0.007682793710451455
990014,2022-01-24,58.115650355217205,58.57741731868131,57.49483226056386,57.90018647759257,9067840,504352349.7763117,-0.001020287993855277,214.9035251893427,1,1,-0.003984770803141034
990014,2022-01-25,57.61279274256585,57.799285047747325,57.32353181499487,57.56057183247866,64338886,3323635376.322757,-0.00891418293313513,154.27430842680087,1,1,0.046258467257745
990014,2022-01-26,59.156408414035816,60.648948966756286,54.387200970788186,56.18226150317866,42459019,2237223427.7402434,-0.027512411691447733,85.14651962463074,1,1,-0.03078319465929964
990014,2022-01-27,55.34089441059533,55.36760602080459,54.967817612841685,55.04918887903493,63912582,3629969753.4497066,-0.014747949405471757,95.48494788315035,1,1,-0.0007771668860409493
990014,2022-01-28,56.228434264899406,56.91220778717768,53.78399349407352,54.51739957626832,10911823,527390857.6651358,-0.009892991244114153,98.96130582733258,1,1,0.0144062546803849
990014,2022-01-31,53.891213265819744,54.64645056961463,53.165369310941564,53.62471107986013,14275314,725965634.4137559,-0.015437625898797458,165.42427436738282,1,1,0.010196283126462686
990014,2022-02-01,54.03846942313756,54.809387792702594,47.27701187384501,48.42392996555993,30045374,1394470016.035734,-0.1010295530871483,141.27065949336443,1,1,-0.0009922249185810926
990014,2022-02-02,48.591868078465446,49.65317273534122,47.770222453708485,48.94604777828221,64531877,2931969260.5147147,0.011301158451090266,220.90814617958418,1,1,-0.00525183466593241
990014,2022-02-03,48.992511854499554,50.50937489421886,48.74888133647884,50.11180357809292,73421258,3788868372.809822,0.02663163930264306,240.2243169746686,1,1,0.02392437887020961
990014,2022-02-04,49.99216093832217,50.50659374478459,49.08647346429907,49.33114516807266,18259961,996192484.9188807,-0.0152771867487288,81.37026800070444,1,1,0.0031562171909975943
990014,2022-02-07,49.88620809212937,49.96428400551346,49.50754436043256,49.59574187153516,22896098,1231528245.9789538,0.00605831261973284,145.77880085536106,1,1,0.02764397857106214
990014,2022-02-08,49.87921187330034,50.508624081431144,49.04993345493589,49.846839863556696,149155667,7440192395.437304,0.0037464217202985016,145.00004400232757,1,1,0.009827404068453777
990014,2022-02-09,49.64635218244133,51.08242835092027,48.99842678459788,50.32688366396931,20859098,1110701638.5268264,0.006992159779233671,113.3738855381971,1,1,0.01783843129520735
990014,2022-02-10,49.895183884227635,50.73391132208733,49.260411649221396,50.27433978421607,40105508,1778392819.3894672,0.0009104508132829299,179.01424995068504,1,1,0.03282890440690913
990014,2022-02-11,50.03444957262464,50.91336424708999,49.34949831181617,50.011848021164944,20887842,1130789643.5168452,-0.007694051356604814,146.79535779244742,1,1,-0.011943126938328037
990014,2022-02-14,49.85539908067267,50.966773266856606,47.873717903989196,49.03096722382407,38593312,1983009248.6695197,-0.015670431279793347,91.7299222287023,1,1,0.031988021258819284
990014,2022-02-15,49.145125880473245,49.84571590387571,47.70152196414595,48.553836968277956,17734580,939068062.0644426,-0.006562428257344836,111.04166427958879,1,1,-0.007189824755492111
990014,2022-02-16,48.64181376764015,50.50405098928633,47.97771914735989,49.66529616032551,17826079,990859865.6891439,0.0128821623233941,101.33678170238188,1,1,-0.04576545564859256
990014,2022-02-17,48.708611488702054,48.708611488702054,44.35395105812846,44.5494121226079,21847680,987645465.7090619,-0.09872008385876221,85.72794545511678,1,1,-0.01253596228172084
990014,2022-02-18,44.05818295291939,46.692273142739225,43.36826521365585,45.90569849267348,18906245,925664287.2774547,0.02928412321967596,113.86034569212342,1,1,-0.024739804077136038
990014,2022-02-21,46.03167167883304,46.74726015416845,43.26270592716279,43.79733505286571,24062612,1147710151.7731261,-0.0429351959143333,66.60472101520935,1,1,0.009313823295859081
990014,2022-02-22,42.95784612273311,44.51867203569017,42.64663820709153,44.09382671578048,35687551,1721927210.9230926,0.007930632878316569,145.694460048723,1,1,-0.011189389478190334
990014,2022-02-23,44.79956707829119,45.83355857407916,44.52823293457677,45.45381639640609,92953425,4000857552.6724424,0.027715874696723656,219.36861560557557,1,1,0.0016392204897247588
990014,2022-02-24,45.368881532852086,45.62076309847256,44.10675348010112,44.47163376484922,19205574,911341950.1302538,-0.017391451517810443,120.8904069849477,1,1,0.029127646007192778
990014,2022-02-25,45.43994725734266,45.53495302306497,45.05104610744769,45.170953361075135,17815140,820019021.6416136,0.01221970067705318,179.38185228284738,1,1,0.043752086035856244
990014,2022-02-28,45.66885512056859,46.06897231284488,44.91956822608955,45.30933792631052,27612469,1238596781.295514,0.00048220646307014223,126.6120319902338,1,1,0.006751102032617308
990014,2022-03-01,45.11520744188967,45.56786576253702,44.52979997311194,45.13549144545507,17788765,826174131.9547184,-0.0026946262978746445,75.24127878820845,1,1,0.031342963647324834
990014,2022-03-02,45.10977645579078,45.5977184340179,44.217216524626835,44.912398959670774,10507663,468388885.81103176,-0.004557701030339768,285.88243063028693,1,1,-0.007820315370414587
990014,2022-03-03,45.562320636688504,45.948535913712085,44.48093752188026,45.080137138221545,53854928,2495482686.6449904,0.0007563769651564766,40.31823038726483,1,1,-0.050805041594452295
990014,2022-03-04,45.5730103925968,45.89052576555542,44.9263142737014,45.48889993883029,30536875,1553974269.2517846,0.01182700945395846,118.76744398630741,1,1,-0.03890104836769745
990014,2022-03-07,45.68076844060997,46.622179830057675,44.94213762409939,45.57190558750016,33453563,1329955411.1213014,0.006410065747612076,84.1849061480735,1,1,-0.008396056972957217
990014,2022-03-08,46.4060707155398,46.4060707155398,45.328295494167314,45.41605906400129,9637899,424924614.589004,-0.006919543289151313,237.1701122740359,1,1,0.022347408671206423
990014,2022-03-09,45.00747830641018,45.54773227054693,43.90996502984194,44.642786982066774,21113633,882899854.6306996,-0.02108889618601466,130.04257739867157,1,1,-0.008308050198223638
990014,2022-03-10,44.336073468654966,46.38282169466239,43.95750533550055,45.68885749010786,13073466,600973872.6838552,0.02800908797325212,286.5190790280001,1,1,0.034451417100434076
990014,2022-03-11,45.399674701070836,45.95247159602899,44.18662547442613,45.1328628608182,27617401,1309850954.8840137,-0.0164473670682067,120.12154714732881,1,1,0.0544787486934556
990014,2022-03-14,44.287999335674954,46.03209799517545,44.13010764784134,45.70802911437702,32256014,1400247558.5231183,0.014442693016976154,84.47276134280101,1,1,-0.02987473245672239
990014,2022-03-15,45.633559392364106,45.88630524732573,44.52958658492365,44.71876899848473,30696746,1399280584.130559,-0.018838486988744785,55.421608957989285,1,1,0.06357220329723699
990014,2022-03-16,44.63062977375376,45.695930878766994,43.577735489906196,44.53778540507361,20357817,841019024.965889,-0.0027056501684894515,192.47848560198298,1,1,-0.053025128488765234
990014,2022-03-17,44.54791275318236,45.13910720540544,44.2422817660174,44.87123469023915,17469902,690084962.705083,0.004626780713468771,81.75410992737399,1,1,0.055011746085845636
990014,2022-03-18,44.728664429268434,44.95135874311961,44.27146475994307,44.55181583146173,26511013,1116153434.0146394,-0.008961845922836368,98.22492718514198,1,1,-0.003366192087169875
990014,2022-03-21,43.88701433686821,44.62028288603554,43.32181502787261,44.09599870286861,36185629,1421203155.2377656,-0.004573328042164074,203.03714886487725,1,1,-0.009547728155483085
990014,2022-03-22,44.98288117330384,45.35584329556181,43.51134633168637,43.66884493242389,21217182,903099678.8152897,-0.013051230716469044,188.02097650460303,1,1,-0.0025752046809871315
990014,2022-03-23,43.82243072908495,44.57985066430262,42.651626944233335,43.140911309783576,15851908,649176775.5760692,-0.007800687900062341,90.31784127574458,1,1,-0.027136103370215797
990014,2022-03-24,42.66421594705932,43.12553591141198,41.408133486642804,41.80549846231851,15612011,716401749.4843358,-0.03425515285138635,96.75143638984908,1,1,0.044241521795518074
990014,2022-03-25,41.90792741064786,42.8647023549159,41.091529015693894,41.96806554164942,20463845,774477048.9856406,0.006537932652206659,54.302403372259725,1,1,-0.02378774030075589
990014,2022-03-28,42.75715634927635,43.59000923169908,42.10439783467935,43.02037657896348,23519740,888550074.4585894,0.020534080568140572,47.51238247729047,1,1,-0.019833800674165434
990014,2022-03-29,43.37818366903899,43.868641560887475,42.56268670966929,42.970715784814345,14925921,703470017.2185115,0.0013486728251835432,165.52364602476487,1,1,-0.04510147371937247
990014,2022-03-30,42.906135095210125,43.90298885883899,42.01751838689015,43.3024017424974,23028992,999861562.3686255,0.004004902966994422,173.75924339558654,1,1,-0.02498670252247457
990014,2022-03-31,42.93128699023768,43.42351132860089,42.699259697565424,42.968061057764174,55254954,2456323824.948709,-0.004346590754363131,138.3949279318418,1,1,-0.024043329894255082
990014,2022-04-01,42.532130372956914,43.09050699699236,42.05965246891945,42.579527407055515,23458186,985600498.7667857,-0.008861640499640548,128.40510551518736,1,1,-0.02612487514917358
990014,2022-04-04,42.227077517106814,44.01744055443167,41.7283494559279,43.24195160522657,13864848,651629835.3034346,0.01756160549502501,86.54179953802466,1,1,-0.00777567819110794
990014,2022-04-05,42.91077775840959,43.65208133632649,42.5706440869533,43.1003507941424,6877189,289166395.1316414,-0.007270783042535206,225.6271104361788,1,1,-0.036898458521573696
990014,2022-04-06,42.5602558367313,43.093887198222795,42.14481872654527,42.79044287025572,79384024,3498738104.5442758,-0.007390831961325943,53.63025695246573,1,1,0.04712463761529243
990014,2022-04-07,42.48190318999394,43.02102782758936,42.4291521698675,42.84020172407168,57238858,2374985057.032231,0.0002682032816258382,96.1339605044366,1,1,-0.0070653348054487974
990014,2022-04-08,42.886444993185556,44.907493009639154,42.44183045418174,44.407146553102635,33128253,1473181267.507136,0.03716563369374044,126.91227501813385,1,1,0.009273492091495087
990014,2022-04-11,44.30304605663987,44.41882726791235,43.863391908395634,44.12178736638631,56587311,2788438782.896428,-0.005921779355365295,118.20709973237302,1,1,0.024400393447023938
990014,2022-04-12,44.16969181455204,44.77412707285711,43.63910426080142,44.32673967873604,38671419,1671195357.8161957,0.004254644605880256,118.12178855044218,1,1,0.060473264839700024
990014,2022-04-13,45.03836088308805,45.31436495379435,43.27723795280539,43.7499998816524,25805359,1272446292.704963,-0.01321015842571955,94.00096123454976,1,1,0.025891870786083876
990014,2022-04-14,44.3646904395363,44.66398736299916,44.17577243874155,44.40972606328086,13647217,709314042.1079705,0.014652221665972598,150.05941357477158,1,1,-0.010012528542780149
990014,2022-04-15,44.42303478421997,44.945329472133174,43.8657662057389,44.4505156955476,89669226,3941346038.078732,0.005808354964197632,69.05955361138994,1,1,-0.035595483589905885
990014,2022-04-18,44.96824033532819,45.510040554734736,43.97501587746078,44.537921369706666,21595127,997463414.2141559,-0.00017131496390616704,110.94914966113456,1,1,0.00815889225241136
990014,2022-04-19,44.414168790390676,45.33968011889859,43.7754967080024,44.273248779460275,22401747,1080473836.358054,-0.003626438951369081,143.0249043996578,1,1,0.03061870370685454
990014,2022-04-20,44.11064856745566,44.93267979866314,43.31008668485627,43.94293697914992,29193011,1247374093.6765244,-0.011339384966581333,102.08676000895451,1,1,0.0020752561393112654
990014,2022-04-21,43.5700951410415,44.38729191832729,41.41657441047899,42.653988683913866,31017670,1356809786.5573132,-0.03184364844674585,118.47855253905139,1,1,-0.00030394106194724145
990014,2022-04-22,42.502329273242154,43.69602016856456,41.91273439239284,43.28810584144362,40402997,1685259304.9229038,0.016352922708454617,130.01654197166326,1,1,0.004294337770195965
990014,2022-04-25,43.59215050194154,43.94434850961967,41.9546003958722,42.21984830063895,34257666,1793014079.9252317,-0.02174170212676765,54.187549915298675,1,1,-0.06031452159450012
990014,2022-04-26,41.69631163094992,42.33455441894266,41.268346541642536,42.13372158420044,19246834,835440819.6049736,-0.004258109138227529,56.49222596598739,1,1,0.0022159564765148053
990014,2022-04-27,41.974142191645534,42.602805167082316,40.833279058081935,41.604842089968926,30656310,1257758518.5591304,-0.012243601046275013,125.42287883006172,1,1,0.020383681945373225
990014,2022-04-28,41.44898780503846,42.549604258662846,40.682499169563776,41.74882786206303,38472734,1520089261.4722326,0.0036931079377747304,90.36789194585967,1,1,-0.003743277780615481
990014,2022-04-29,41.86956924119152,42.64954273230776,40.925869847050215,41.66692842706265,19372278,845453879.6803966,0.0011132199253454883,92.8126685134876,1,1,0.03251711979502582
990014,2022-05-02,41.905263871380136,42.98322009198554,41.633359784661074,42.95249902193121,74739085,2710489989.440228,0.025469121352746336,151.9278222740028,1,1,0.03355222536460092
990014,2022-05-03,43.12571391828169,43.84352655689503,41.89117841378222,42.589764888190736,29399212,1125837317.2309868,-0.003488988033462845,76.35894559463048,1,1,-0.017954001537692842
990014,2022-05-04,43.476450395312305,44.215882821338816,42.838700465386985,43.70019369344529,66603238,3742648431.711209,0.02440644444785864,40.484656607282254,1,1,0.011374795010444801
990014,2022-05-05,43.531247689144614,44.6508949251613,42.976668644890566,44.38199566749491,13516025,523771334.4771557,0.012913819986623904,245.15028295294383,1,1,-0.0010004887534299108
990014,2022-05-06,43.844201124990335,44.763713064439656,43.3718073900006,44.269535553394064,42889010,1672650978.2350922,0.00012643669702643576,201.41343822771861,1,1,-0.06523776355025716
990014,2022-05-09,44.5323372098966,45.32527392739689,43.21201992760842,43.951244919241645,17301202,694824168.7528579,-0.008088617593537102,200.2942648907288,1,1,-0.008131755063673505
990014,2022-05-10,44.529252915670085,45.72072974506626,44.133364011711635,45.0745442059595,20080207,918716255.2474891,0.025475199672179653,72.02120315445178,1,1,-0.03429802174385764
990014,2022-05-11,44.27796250682119,45.85009283603511,44.195255777999215,45.61875734750943,51655835,2459153389.0923605,0.012182292504038936,114.25814164648251,1,1,0.0018289422906906604
990014,2022-05-12,45.61130746181191,45.89584923199927,43.25299181710269,43.46645841051614,25079645,1175373099.8580983,-0.0472737559191855,67.45306257535512,1,1,0.018847771142596732
990014,2022-05-13,43.39532805937584,43.50896855449569,38.99372180169503,39.38338309383845,125136647,5235688244.601648,-0.09411530842293919,115.14184620508414,1,1,-0.009075537544029056
990014,2022-05-16,39.79511046835646,40.82333615399941,39.47194791192037,40.623068708594644,39884300,1756472908.91847,0.03176453102509174,101.39097228066645,1,1,-0.030239442874968277
990014,2022-05-17,40.77806285106552,41.71429442260684,40.39899094635939,41.07752108863278,17753711,761672371.9368101,0.013152660675629648,73.39777567973206,1,1,0.004929539624487436
990014,2022-05-18,41.09893222155838,41.455497851533394,40.978522087543325,41.135394641659786,42859545,1492385925.1517415,0.002723915720192679,147.59359889887742,1,1,0.07346059442768771
990014,2022-05-19,41.496503612791344,41.55433300065166,40.84635772620191,41.42076178873036,24596199,1008030768.9858811,0.0018157921585676014,105.46865363198896,1,1,-0.06969623578824898
990014,2022-05-20,41.065910660267676,42.605731421923075,40.387162302268564,41.800388823952275,47184667,1974370760.4514647,0.009073194438282741,252.32456304706275,1,1,0.004893527634092752
990014,2022-05-23,41.99786037876769,43.05505521404984,41.2594928994349,42.08676717723351,23368867,968645958.5228817,0.008272422189499579,122.7878046364112,1,1,-0.019190988952019938
990014,2022-05-24,42.53242993500481,44.614867718558145,41.757712276706776,43.78410376010971,37357763,1513289782.6084166,0.040346823154907174,38.111483168234024,1,1,-0.015540663721770362
990014,2022-05-25,43.82620203826216,43.89514966856057,42.56845435567102,42.56845435567102,33193804,1419565227.7644262,-0.025340666001034524,52.96267830918732,1,1,-0.005573275095040054
990014,2022-05-26,42.52799922777711,43.50471972053542,41.5405879714068,42.376626956096025,29195621,1089625932.8284748,-0.0014583978437488446,286.5190790280001,1,1,-0.012996792600203933
990014,2022-05-27,42.56432676186086,42.87380071264673,40.89043368810868,41.321685519740775,54804860,2344786609.4623976,-0.029167303894578493,100.8982730921479,1,1,0.016337356636078364
990014,2022-05-30,41.67094025403787,42.35303340149923,40.813596510139405,41.27997320584247,9905049,391013786.37763286,0.0022970929365511254,131.4279816285739,1,1,-0.009825185544059204
990014,2022-05-31,41.33241278964494,42.155424925616195,40.42667693047832,41.37831668512371,30419516,1229409374.5356915,-0.0017895308392356847,118.73715065765239,1,1,-0.06937314505522173
990014,2022-06-01,40.89256244823802,42.03367496236146,40.10188435934253,41.45393495342367,18295902,774795058.0926404,-0.00041044897197813106,220.5480071207899,1,1,0.03736012445032838
990014,2022-06-02,41.75976336645879,41.965399621480785,41.639582862495494,41.93306953214839,14432421,587512782.0023546,0.015448182540823738,50.77086856787568,1,1,0.03269602568353147
990014,2022-06-03,41.46297843446558,42.23443191223699,41.17300501893132,41.86366598835491,18563376,758409706.1496243,-0.0017699273521361726,212.26807703942714,1,1,-0.021143989584115338
990014,2022-06-06,42.06295380325648,42.51476299230651,40.60277713860164,40.88564083646228,20679910,801428994.0912102,-0.02248701482457804,205.9375226316399,1,1,-0.0007829136633537819
990014,2022-06-07,40.23290580686893,43.13537702849416,40.021280098780764,43.05631372406598,26490008,1064971060.0873442,0.05087986219118307,118.55029912492253,1,1,0.03543481796899444
990014,2022-06-08,43.092320850396156,44.02275537503278,42.179243136765955,42.95124768403737,35779449,1551341901.178221,-0.0022856036824477582,141.85680913651137,1,1,0.029715203765898212
990014,2022-06-09,42.75645553232878,43.883897174034566,41.02761578515376,41.90589500686383,39124292,1849788061.6124172,-0.022410381539873438,100.38426791409206,1,1,0.0397698449145881
990014,2022-06-10,41.11276282573797,42.684739635729684,40.57069962959074,42.21458953634449,19627449,919203637.3949493,0.0034815956025216056,56.04251711955192,1,1,0.009287240962120542
990014,2022-06-13,42.218151755635844,43.24500127100643,41.69827153385532,42.89941209085626,69495734,2920217162.824597,0.012604308920963479,152.6842673286018,1,1,0.02153918852875756
990014,2022-06-14,42.24606424405406,43.62533039547238,41.65012493285418,43.279399764653945,25633300,992794841.4341891,0.011902214173450337,131.80923226487883,1,1,0.041363894735303955
990014,2022-06-15,43.437813722919806,43.847660254861445,42.45325154166733,42.984863916927154,9591741,391902067.9223937,-0.004221654079668745,133.0220445940697,1,1,-0.012972884396096127
990014,2022-06-16,42.82882411848842,43.671572180819005,41.65370891288362,42.39118146759879,23737909,966362262.3656057,-0.013787877607519377,146.23523330012787,1,1,0.011338582671423446
990014,2022-06-17,41.67370695294281,42.79411957860205,41.67370695294281,42.72422963871353,27324637,1187062090.1450672,0.008645531549756749,90.52987569107341,1,1,-0.06889910160795866
990014,2022-06-20,42.3073343131034,43.86155115287019,41.68792948428941,43.2645732502374,4250315,174364076.8672825,0.012689034098810222,228.13269354678116,1,1,-0.05132240141548312
990014,2022-06-21,42.893506441180364,44.37594651073505,42.5285126884248,44.069590747892995,58312130,2728963370.270385,0.015572472245078493,118.6534967770598,1,1,0.01317958080626246
990014,2022-06-22,44.484630398379615,45.02716622494418,44.110365543042775,44.76921504905991,28142984,1088319002.6072948,0.015787137110888465,150.11251393361343,1,1,0.01791465576688805
990014,2022-06-23,45.16506600786733,45.43508400028515,44.45268083157693,44.68893190904489,13728489,590066359.5488808,0.0025515819222257526,104.84716373427284,1,1,-0.014337432212193149
990014,2022-06-24,45.904058001191004,47.11171983119923,44.81830238037906,45.97748772861631,15898051,779464801.4051598,0.025675946616878713,187.7612557718643,1,1,-0.021133297916293845
990014,2022-06-27,45.75776432483485,45.984157129355154,45.28851245078978,45.50753410757101,47377460,2009027827.0081973,-0.011692510192203359,123.77803233268261,1,1,-0.013353788787514085
990014,2022-06-28,45.15951559611756,45.68782148410892,44.59173017641971,45.15606763138201,53491655,2071598000.288027,-0.0048211838250867365,113.87053994271464,1,1,0.0036239824451211743
990014,2022-06-29,45.382905388217125,46.22653700752601,43.876647361782624,44.73753420624722,18966321,959185041.2642182,-0.009543440250841709,201.19338314963935,1,1,-0.07408251960536162
990014,2022-06-30,44.566468985379785,45.16235037999848,44.368942090322626,45.132019148852436,12240574,528900072.83362645,0.006989269988044436,55.11142819481387,1,1,0.012113821621644634
990014,2022-07-01,44.81160937629292,45.39067764998044,44.41846713428134,44.94387354328523,32773199,1388272137.9666715,-0.004225334718155572,104.48236303860982,1,1,-0.0013214178122374755
990014,2022-07-04,44.88141445492335,47.20379550111763,44.36482311136559,46.67768120281604,32583094,1676016867.033997,0.03919015610070205,90.19763317254039,1,1,0.005347068986117993
990014,2022-07-05,46.76561158041437,49.24840428553686,46.39184315326225,48.51161626838785,37969672,2006817231.801987,0.039652547598424334,139.41519780775104,1,1,-0.006163744113096736
990014,2022-07-06,47.58357212062735,48.12252839311616,46.22626412901039,46.76448961490936,20910935,1063800451.8412094,-0.03627344283945554,135.89258533755876,1,1,-0.045220436518544384
990014,2022-07-07,46.52356496483808,46.71582287823754,45.57745187617854,45.983543396667145,29621586,1207512418.2175443,-0.015388472110045853,117.61483473351046,1,1,-0.0363850340372352
990014,2022-07-08,45.14866130068991,46.787402125889436,44.88453069991544,46.08352946846309,27952845,1300996434.4175055,0.0038618106824732782,86.24223598446183,1,1,0.044921647761088604
990014,2022-07-11,46.20812048050827,47.301500917229006,45.66630430288084,46.393842502899986,50306255,2311283624.0090175,0.007620175597633501,116.98173421463848,1,1,-0.02225634329683178
990014,2022-07-12,46.71170335907136,49.70816945819169,45.95249095140014,48.936715453676065,63936069,3823773226.0773053,0.05027569577809719,136.34645768624765,1,1,0.022726414377008255
990014,2022-07-13,49.522156185230784,50.26342892111808,48.10179469620114,49.08290954531805,72950810,3671434686.668031,0.003964840290946663,109.27564617470023,1,1,-0.035894075475370116
990014,2022-07-14,48.86684780455185,49.13158869187119,48.691699770620005,48.7941187766346,57048078,3316065139.3598104,-0.006573663032544483,192.55480482088333,1,1,-0.002791574716154846
990014,2022-07-15,48.66903302653098,49.945763253428815,47.81573166273456,49.001949765511924,88193812,4356439003.506328,0.006843367895429355,154.83230221513648,1,1,-0.015993485466245152
990014,2022-07-18,48.26021893970853,50.273620444415236,47.828782353118015,49.73043480471785,53176865,2616235177.124605,0.012976212253802872,119.22544826640245,1,1,-0.011242730009230137
990014,2022-07-19,49.20383421436242,51.87463266197765,48.56044807244448,51.076018532504385,20689907,1071821664.7198769,0.027106729966965202,41.72270149891812,1,1,-0.01287107577973384
990014,2022-07-20,51.0486105166155,51.937732043641425,49.010804395795724,49.94748802429194,71282235,3237882406.467256,-0.024436815073311698,107.36871016036996,1,1,0.04245411383658053
990014,2022-07-21,49.22820276299834,50.736703367829556,47.935626855687815,49.70168112194655,13686347,636971950.8881445,-0.004072453133087813,156.0698667201736,1,1,0.05745099493410205
990014,2022-07-22,50.27026343093907,50.75913944624692,47.842345042554705,48.39911600507903,114698541,5838633966.403007,-0.02310307210189964,104.51268543613169,1,1,0.005043169276457326
990014,2022-07-25,48.87053876263471,49.215282249667794,47.62293125314266,48.22748086767058,15281761,785028901.8846326,-0.006023945168974473,135.14322737940466,1,1,-0.01512559200594763
990014,2022-07-26,47.70538789211505,48.893944230180374,47.338798044940866,48.451050511161476,52964629,2181295750.3706675,0.007153984579710453,107.07196104927534,1,1,-0.04355008019147255
990014,2022-07-27,47.71227393572569,49.58945245798169,47.5635368616611,48.990498676942266,60596002,3084410890.5244803,0.014927435046488283,130.99333305193935,1,1,-0.04568510075248959
990014,2022-07-28,48.95609441044939,50.26358187891648,48.13977858917762,49.63160261246406,37610743,1783769945.6222878,0.004325111118762549,219.06900944271314,1,1,0.042622660231885455
990014,2022-07-29,48.93432943149655,49.53971884812182,48.67053571001751,49.4070801562223,8490538,431501412.83892024,-0.00033788748360668057,167.21107968977705,1,1,-0.04787232859697179
990014,2022-08-01,48.812120744265535,50.59794812804936,48.10273943031618,49.80375537193211,16321785,775912805.9307683,0.005183130473026915,66.64447376143052,1,1,-0.015982756506633
990014,2022-08-02,49.052701698386414,51.94130445930896,48.38317306258492,51.26015615446098,32895689,1706164474.587859,0.0327485124080977,56.72601321914455,1,1,0.002490074927896393
990014,2022-08-03,51.19688787796207,51.53603575919225,51.14929283498566,51.14929283498566,39597992,2301300284.1046853,-0.0018709076683824507,143.6979279689306,1,1,-0.08300926380719763
990014,2022-08-04,51.55672494042403,52.85079436175374,50.37681704590948,51.70889941891983,27177331,1324070459.826461,0.01041285765122919,197.7291622094796,1,1,-0.04111142119541124
990014,2022-08-05,51.25320716476393,51.84067475947523,50.85606213425692,51.144916562706115,32235952,1600800647.0531406,-0.012487133245219375,56.6597521885964,1,1,-0.04383536392594221
990014,2022-08-08,51.442718752819815,51.98718997351775,50.14585946010074,50.80058903982759,11791610,573863580.7286761,-0.006580468061568578,107.77247605261306,1,1,-0.02297214766731821
990014,2022-08-09,50.578965291702666,52.053837786917924,49.997648614168305,51.31183252925628,78989629,4527488114.831027,0.00941480521807475,286.5190790280001,1,1,0.0056960803852134385
990014,2022-08-10,51.63844224307767,54.3117050724959,51.54983473211195,54.05485493642025,20982882,1257445721.729422,0.055554385924816714,105.00875419981409,1,1,0.0295481395365402
990014,2022-08-11,53.735197878616326,54.5040700677919,51.40553633104846,52.30672157759724,48273034,2630797448.046244,-0.03337877603348012,286.5190790280001,1,1,-0.0229054653987864
990014,2022-08-12,52.56393307479977,52.97349710691792,52.11775019874739,52.46888516304761,69774077,3145884467.5176587,0.004875913311200645,82.15800993787639,1,1,-0.016644040341705697
990014,2022-08-15,52.59586163460803,53.88440072285583,52.010316303903394,53.39074161669116,12474038,708336568.2154235,0.012877176151986868,88.84110319250036,1,1,-0.006035090256949916
990014,2022-08-16,53.9220033424938,55.033640322080494,52.332236539622706,53.295686036500726,27353242,1611405238.8715022,0.0037909521662964647,86.66498989485311,1,1,-0.027308762324341044
990014,2022-08-17,53.61558195846453,54.84178608700267,52.97275416259021,54.196396182421125,34261560,1811447818.903278,0.015897906240548706,67.13133326945925,1,1,0.010631115448377608
990014,2022-08-18,54.36554657225333,54.79820908653626,54.03456285913437,54.35302203590978,25070404,1357801525.7458508,0.002089894108843893,55.89155445380459,1,1,0.011588930044412778
990014,2022-08-19,53.63605634465542,54.35723633183766,52.88706612355878,54.05561941471299,48870449,2798190781.584397,-0.011039020640029509,107.22971678546608,1,1,-0.08673124395389867
990014,2022-08-22,53.428550040338955,55.9574940644022,52.34852039651107,54.788546955913596,19365723,1049104090.554972,0.016841920001838172,126.02916393425866,1,1,0.01750406351293246
990014,2022-08-23,54.301067010464834,56.36041551726952,53.41713801585028,55.19111468030276,29434267,1693965319.2060633,0.010617878756172199,86.136295097576,1,1,0.0016185794052481074
990014,2022-08-24,54.99184158618064,55.23824784396756,54.58255727367663,54.9741802614157,23166059,1190924846.444984,-0.007263490948890234,95.806231856941,1,1,0.005698739419209049
990014,2022-08-25,54.843563218798515,55.39548297554889,54.10106215740048,54.40001679397988,109795852,6440754811.655908,-0.009838540743655836,223.45079887377813,1,1,0.034256498374229595
990014,2022-08-26,54.33162391811195,54.69528229872527,54.11912067772515,54.48185975578415,19437098,1128869579.2959576,0.0019890996953999818,181.39066253141493,1,1,-0.057725203999026566
990014,2022-08-29,54.559334427766174,55.17994987793423,53.76947923216064,54.33397630536085,43404591,2342555520.5006986,-0.003555039240048297,105.47175727336675,1,1,-0.04126328276377101
990014,2022-08-30,54.78657867392278,56.16375041833984,51.847736472550096,53.04195577655509,80769412,4429072362.851587,-0.022534227103249684,142.8973367246057,1,1,-0.0045048398365844355
990014,2022-08-31,53.43445778823488,53.809786134185536,52.376591934222844,52.86757949656085,15147566,906418739.3913628,-0.003512150529812639,57.274075377094825,1,1,-0.07431976402290301
990014,2022-09-01,52.20947155323494,52.302245200604865,51.37117141608552,51.44173678740725,30258547,1647240376.1283958,-0.02360515405806801,133.15505574892126,1,1,-0.008890466504069593
990014,2022-09-02,51.63118866916286,52.85048717602347,51.044628482727504,52.28313280199111,16688738,974917240.2518682,0.010283756981674039,115.01744274216361,1,1,0.023912681930857084
990014,2022-09-05,52.37860443899135,52.85375126587322,51.51447836991532,52.01096753671929,8572668,493967210.57057744,-0.0014407094306428212,100.22610052806081,1,1,0.009974534083242254
990014,2022-09-06,52.58999509116223,53.50002132304327,52.01248097734495,52.458193254956214,17766086,1015948460.8627476,0.010195655092293707,119.95228095086905,1,1,0.00012335830686851764
990014,2022-09-07,52.613418073683455,53.1067963306473,51.725798292387225,52.48473918008859,21838057,1063870822.3098395,-0.0009619871089557513,111.69424752749607,1,1,-0.009544007699571169
990014,2022-09-08,52.65459661618242,53.49262828414503,50.99692480307123,51.98585262941176,22378051,964041549.6516265,-0.009585211094431483,66.1121834575434,1,1,-0.01559612539061996
990014,2022-09-09,52.438375347577,53.09331189871885,51.40274083065046,51.659101728599666,26230098,1235823797.5044785,-0.005614182169685615,247.6116916043419,1,1,-0.017382787410552786
990015,2022-01-03,88.98603554432904,89.96294410114443,87.26810176374427,88.23966952416447,14048222,1130475617.7709942,-0.004652907708293542,95.9466427837342,1,1,-0.0011148584664744004
990015,2022-01-04,88.99678597809523,89.52296725673301,88.7249904084688,89.33698857641663,3943729,379774458.2903025,0.011595781580213856,72.9552047318997,1,1,-0.035740124287041784
990015,2022-01-05,88.70167297313118,90.47911898058601,87.39661004852069,89.46811132245305,14201057,1237891854.4652853,0.0005153647058550638,124.82534438600352,1,1,0.008292553789451516
990015,2022-01-06,91.32990091030743,92.79490840998695,90.83796386706942,91.37685241852084,12299949,1110290536.017218,0.02543579659455217,244.45095737565794,1,1,-0.009165387804688658
990015,2022-01-07,93.0602617083715,93.3336315174963,92.20471927834068,93.3336315174963,9621351,956006020.0157506,0.015316092626040646,255.58205514509393,1,1,-0.06864886805423344
990015,2022-01-10,92.85881868600711,96.29243901270469,92.39959911176219,95.12757483745777,5120238,467772418.38967043,0.02397925592427994,100.59088750985256,1,1,-0.01148520194040327
990015,2022-01-11,95.18986315870958,96.57966959360559,93.79072299910906,95.04793383094957,12330213,1176980187.0128784,-0.0017062029690735373,102.9257523237662,1,1,-0.04497650575496765
990015,2022-01-12,96.95354063390415,97.31522909468165,93.34783544834886,93.73322183070333,15976340,1443632527.1154833,-0.017648838100640753,203.62145368825443,1,1,-0.03310015121449861
990015,2022-01-13,93.5708270635194,93.5708270635194,91.7660405782435,92.39401993539869,7656536,825185466.0789908,-0.013438970448727298,142.1677963479146,1,1,-0.007839195827958313
990015,2022-01-14,91.62295015703448,95.04079929663914,90.58644805632558,93.19954253783088,8149009,774813159.0947119,0.009690552575983336,243.96345212025602,1,1,-0.003372770533539831
990015,2022-01-17,94.11878230468061,96.1138917971763,93.08277154155597,94.83204827985205,16981448,1573506992.1397824,0.02118269723298007,202.63411586744832,1,1,-0.022907049584720635
990015,2022-01-18,93.9845862056229,94.29996692022517,91.16028467957092,91.48228822207196,29894321,2738790138.8407307,-0.03745279214114236,213.29781831588278,1,1,0.012117150559249206
990015,2022-01-19,91.56536121579131,92.55775058848243,88.43169412999774,89.33124818985141,18336154,1496143236.868989,-0.02427424472096988,126.83249702622058,1,1,-0.004383191890628767
990015,2022-01-20,89.3419189168929,91.59138360725427,87.35477383650377,89.68684011720562,12587900,1265182800.9237137,0.003834700817605179,185.21593159468338,1,1,-0.01233890207753471
990015,2022-01-21,88.98362224891035,90.85565110266427,87.39922473547094,89.49533415892206,8770998,757740499.9129694,-0.004693818282861234,296.1697130020716,1,1,-0.0003231290928875422
990015,2022-01-24,87.84241450061327,90.51602140589847,86.70876657682882,89.87670519636121,11291057,1050663574.3479209,0.0025551384152601867,169.2515401820877,1,1,0.029541365645218635
990015,2022-01-25,89.59980643952726,91.2107710406611,88.05522608293039,89.35744857887292,4843203,456433877.6544792,-0.0030378611992826587,160.03518503042113,1,1,-0.05672062327410695
990015,2022-01-26,90.1411099549171,91.33790905352376,88.57429228420311,89.58687500303068,10262394,829346768.7713709,0.004874370315051346,142.3805780060989,1,1,0.031969930568443286
990015,2022-01-27,89.1815389665054,90.53686764127278,88.85230958625614,90.26740643209625,20558698,1891580637.4787595,0.004080689682782154,100.37984339539736,1,1,-0.01729200930341263
990015,2022-01-28,89.16841834766129,94.09378555135305,88.89023019248349,94.09378555135305,11041329,1085993432.8617818,0.04615472208667843,116.72742206780573,1,1,-0.021463958769704587
990015,2022-01-31,95.30530670413515,98.64447224291786,94.76726609369851,97.29627825742564,7793363,749767141.1449387,0.038264017124118914,124.20252706230335,1,1,-0.011778354386266041
990015,2022-02-01,98.42750150620206,98.42750150620206,95.88353680342736,95.88353680342736,6360460,665405219.9160358,-0.017235196418761364,99.11132575066989,1,1,-0.02423490527976544
990015,2022-02-02,95.4781550199154,96.88973883390106,93.19371157514567,94.20176194740456,10227534,968633585.0151688,-0.015323849490636874,102.15655895124668,1,1,-0.02818557519101353
990015,2022-02-03,95.55716279781132,96.23935844596511,92.38243578773547,93.19044447093313,5504654,480909356.9086323,-0.01467217396559434,77.83477040589085,1,1,0.020331693754891973
990015,2022-02-04,93.50954494164364,94.72353222377367,90.52744186717065,91.84058638142523,7003998,578723253.972244,-0.014890222537502737,128.3370873571506,1,1,0.0026662871247851985
990015,2022-02-07,93.85782450214487,94.67369151667067,88.81191418841469,89.56840625094036,25641741,2469866479.0926237,-0.021972873916113612,198.47600454753683,1,1,-0.05074014201401455
990015,2022-02-08,90.73318247799976,91.47423620304454,86.65480932746185,87.75057095437462,5217867,536139700.5103641,-0.021745106796207274,147.55023562966375,1,1,0.015891421057176894
990015,2022-02-09,86.63422112248345,93.6600677922164,86.39676759044394,92.53932131165115,6683829,649735995.739254,0.055782692231425984,147.75050988917533,1,1,0.012146512495488891
990015,2022-02-10,92.04205917533056,102.5483103184044,90.80680422665623,100.82702587049846,12619236,1162604360.7350507,0.08672657115471186,203.97712551755276,1,1,-0.039605667293920475
990015,2022-02-11,100.07821695294946,102.14770433815643,99.89375254719069,101.35197698838276,8798784,849964823.5560918,0.006669479909626493,268.61332118775294,1,1,0.0031951960300875314
990015,2022-02-14,101.77954635918864,104.60987348889162,100.43674817099856,103.35383397050992,11304250,1109644444.9404588,0.015958733259997346,319.7533681163105,1,1,0.014512128002440523
990015,2022-02-15,103.1001794689537,105.69094906840883,100.9846249719753,103.47624548073016,16409241,1761546282.489391,0.00286632207510723,169.36606233956977,1,1,-0.042683191259513115
990015,2022-02-16,102.35993157985537,103.92228995403363,96.88177419960108,98.65381753795326,4655430,449134250.3019431,-0.04933189007292866,149.09101834917476,1,1,0.0058952908375904224
990015,2022-02-17,99.02002357412834,101.30524945198277,97.71928834836918,100.24362321289743,16944591,1691283291.258724,0.02030428827651854,143.3475309824486,1,1,-0.01879478913633712
990015,2022-02-18,101.50275992074997,102.55013656175962,98.56161040244861,100.166308836822,7425629,792855668.9772184,-0.0059433365216007795,193.55479538319238,1,1,0.012499977540520003
990015,2022-02-21,99.43798311305524,100.39440784874469,99.30835781555555,100.01710023023455,9437326,965560948.077095,0.0027876813734257484,154.79504585672947,1,1,-0.02544177272767022
990015,2022-02-22,100.08395686854153,103.18848432181508,100.08395686854153,103.00980137133024,31170690,3265262496.2846174,0.031016797784707763,154.96075115638538,1,1,0.025355605787100246
990015,2022-02-23,102.22731141003402,104.39715398609593,100.74575164880206,103.32669158172494,4750503,500407316.4894924,-0.0027879110201220426,158.0626220655871,1,1,-0.007699938017314858
990015,2022-02-24,102.13461461879878,105.32483273371102,99.98881288155255,102.87330166877229,14613202,1545680392.717207,0.0040803406130606795,122.34415722210507,1,1,-0.01724705006163046
990015,2022-02-25,102.43991319774783,105.00227833980456,102.26932003626769,104.28280887355571,20070182,2027389093.9588974,0.011111911386511217,80.599890303816,1,1,-0.020013979795708133
990015,2022-02-28,104.75405855538773,106.28610993231075,95.73690128729723,96.54664842737859,7593124,731230502.1403543,-0.0721178457352525,132.7656270875185,1,1,0.02103079296695093
990015,2022-03-01,97.32203653038158,98.46830850165114,94.87670344891558,95.95342923125864,6675035,833379421.152707,-0.005798784292495505,250.68720536363588,1,1,-0.020030513676883827
990015,2022-03-02,95.91817422364949,96.92971411418857,95.1845857149037,95.63675546239742,9170576,766295517.6940023,-0.002842181670547231,247.19553359875937,1,1,0.02582356875873898
990015,2022-03-03,95.72227175251578,98.75123121608657,95.00852697796033,97.72163973588421,7303146,702811447.3356339,0.01632198460343995,214.79273126148007,1,1,0.004047714659550229
990015,2022-03-04,95.48304654827336,97.47161425015797,92.54741855253387,93.92708902503406,10918324,1047746800.7389686,-0.03507972303103473,139.92859065262934,1,1,-0.03706110017875792
990015,2022-03-07,95.76240364325432,96.67326475067739,92.22411181796879,93.59551543698355,17846063,1954068155.5554695,-0.005672177114521509,128.0298168406827,1,1,-0.0007711121392303049
990015,2022-03-08,91.64091456329648,93.04975156979624,89.85852038578417,91.28155243359137,8321523,734836486.1858363,-0.026955712904697723,263.50423460636586,1,1,-0.00023430601303688656
990015,2022-03-09,91.58508201913722,91.76053731066268,90.296405744865,90.80019733925442,16711815,1606777103.749078,-0.00442146832044691,117.28213508977662,1,1,-0.037897777046915875
990015,2022-03-10,90.66360457543644,91.99947536009788,89.69344405811057,90.68814748540743,22767148,2084072161.0243306,-0.0011353796874763267,164.12586635227737,1,1,-0.00122607540272684
990015,2022-03-11,90.46353796442217,91.1241888378414,87.2595471517485,88.21344736500338,12406930,1173654956.8308806,-0.028840400339468518,268.65566773626716,1,1,0.012499682457290454
990015,2022-03-14,87.89985930191648,89.13891628387175,87.27738415558478,88.40630037652056,13485123,1141269879.696091,0.0013958060158746782,168.32794312892761,1,1,0.027564217927604336
990015,2022-03-15,87.52434506264802,91.1838569932097,86.8167429689967,89.90707572495468,7023845,706335338.7596405,0.02280996420108353,148.5710217257404,1,1,0.02643773862431511
990015,2022-03-16,90.67182635469591,91.82784441257424,88.85087323158942,90.09537326850426,2553588,231311963.24698508,-0.0013794286340424703,229.37836187267217,1,1,0.05997967139007193
990015,2022-03-17,88.83072850771076,89.83563188192649,88.05613981015838,89.18959778827237,14006968,1250116746.4631839,-0.008557054166015193,165.73429631179079,1,1,-0.0014239732781024946
990015,2022-03-18,89.58068753680674,91.50995018304354,88.22658643800041,90.40963905763515,16842757,1670061286.6325722,0.013424595895429822,172.00210614408311,1,1,0.012798458857898484
990015,2022-03-21,89.73431757697936,91.37426331999035,88.9016662410306,90.29805592538118,12996966,910404661.7991159,0.001500302059080477,255.00523478753314,1,1,-0.017024444109859073
990015,2022-03-22,90.16359793652475,90.96713934346226,89.55317095975828,89.89305469881921,18767904,1508056841.758202,-0.006437503889526087,75.60031000715313,1,1,0.047001886387742255
990015,2022-03-23,89.66235132889877,89.66235132889877,88.7526241793303,88.7526241793303,7729861,664208947.7283399,-0.012902343479526762,180.5719320614309,1,1,-0.024343690999455637
990015,2022-03-24,88.77088983995962,91.24771946917984,87.11654087061397,90.31144293358402,14196709,1304443741.1998494,0.013803303272213066,128.9609783858272,1,1,0.04584517277638977
990015,2022-03-25,90.49227923773154,92.1600792633099,88.0944965686936,89.55248632698927,25024236,2111797129.1412342,-0.0032642367776608895,152.45506412872447,1,1,0.04254678978554599
990015,2022-03-28,89.56856964788454,90.52149545387566,88.10258495251678,88.10258495251678,17320124,1380977410.4254692,-0.013758448048309682,167.77574838093867,1,1,-0.021617480545936138
990015,2022-03-29,89.3662983390344,90.79633420792743,85.22679555432316,86.76270169185784,23514423,2056984753.563987,-0.01989461206553383,132.51800544946073,1,1,0.025203508643471165
990015,2022-03-30,87.78789050145022,88.04431955185832,85.13524466186665,85.40047615893326,23895332,2239149330.536543,-0.01323232713356771,173.67360313286065,1,1,0.010302897573839238
990015,2022-03-31,85.65104877064368,86.55102800108477,84.67343453166836,85.34721814184189,5952803,488148537.49933654,-0.002857234996539193,182.00903109084433,1,1,-0.012030547193095115
990015,2022-04-01,85.72661432543244,86.57555349176843,84.91574505946147,85.77717476577426,16374904,1329325810.705207,0.0034311294988636025,172.37707962278,1,1,-0.0049304568972517865
990015,2022-04-04,87.28285211950545,88.3369330738037,84.70081276106482,85.70652445073759,7909697,622919020.6563134,0.0006965438204447841,167.69841446648348,1,1,0.0053860539587154135
990015,2022-04-05,84.47957209669146,86.68669973830949,83.30478852651044,85.57379841473141,5841600,511879838.1382892,-0.0008862070576185736,156.59764347154467,1,1,0.007832532339518156
990015,2022-04-06,86.18898350985529,87.47363417182724,80.42653131269333,81.39783470745148,9322641,831173358.3050299,-0.049322282866155615,157.52159639150685,1,1,0.03697456708847034
990015,2022-04-07,82.77612826531366,83.51699750842583,73.59825467626813,74.20627776571807,27720195,2231206929.539109,-0.0901781375220983,166.1004547991171,1,1,0.013246404728222791
990015,2022-04-08,74.37483090651953,75.82130596638902,72.75796221101928,73.76308150787611,7421536,562129134.3040562,-0.001983059561470237,122.33392197318337,1,1,-0.021231245516527202
990015,2022-04-11,74.98728211594857,76.38052000491369,74.10141399334772,75.1769645776847,3837270,325968870.5281262,0.015334990731858806,237.0544795883036,1,1,0.017678409131143352
990015,2022-04-12,76.2290192110761,76.9332108223869,74.69784536221188,75.39660890862426,4916068,362842778.51047057,0.006404666051095972,157.84323990571704,1,1,-0.04636881247451866
990015,2022-04-13,75.24848869614718,76.91549606987857,74.11037356399777,76.2444034360127,14667856,1081003679.2675166,0.007999221026197174,143.76440901153669,1,1,-0.011377577551706007
990015,2022-04-14,75.68510684214827,77.19121385280653,73.07559570962424,74.18981221207602,7422702,542972915.7427326,-0.02275980469333079,182.57992042497995,1,1,-0.008902627657708537
990015,2022-04-15,74.95956820498287,76.396579922689,70.85649909606151,71.98576958106013,3346192,228837281.01874828,-0.03375105320358335,156.73405082697968,1,1,0.015485355446798469
990015,2022-04-18,71.48566344994865,71.79076995095608,70.30799671214902,70.5468055982264,4945052,366033441.10156935,-0.018726302514098056,235.11720049601718,1,1,0.0440858751706803
990015,2022-04-19,72.5725539592986,72.87667283293612,71.89583639856734,72.17399513440077,12110806,828816737.472342,0.022659462743968725,211.91947130169228,1,1,0.004157602649462693
990015,2022-04-20,72.57960459091855,73.94484482008676,70.94990120169685,72.33271531103543,16625162,1102407216.506941,0.0004738699470220676,166.77464774915023,1,1,-0.010729214961716613
990015,2022-04-21,72.28727785924794,73.10238787499809,71.82371045807868,72.17011072672562,8183879,592274782.4551799,0.001309906293818353,214.7370984099554,1,1,-0.019390803384432435
990015,2022-04-22,71.17523725970166,71.17523725970166,69.78681484864396,69.92889333105134,14365259,1088708180.6544738,-0.03259736995472038,174.02419139505085,1,1,0.02002873408599048
990015,2022-04-25,70.08158247121547,72.05375435986292,69.79213385374234,71.41861059072303,17918003,1133689733.9693177,0.020633028175000023,114.81285796380887,1,1,-0.0064479670550306655
990015,2022-04-26,70.57882270263816,71.02510175916319,69.64671142538168,70.31918339623725,6825203,478157241.0798627,-0.014207337962520624,211.61494554090336,1,1,-0.014375635544524968
990015,2022-04-27,70.88601378284179,71.33914536279734,70.07939999253709,71.0057403787305,10573928,755024500.0686406,0.0077149378857023524,91.77264923869201,1,1,0.023017253403510914
990015,2022-04-28,69.24170612639941,75.28658701736704,67.97227382850063,73.77305022989506,8085201,568933716.9557649,0.039776613197047034,61.51068767399995,1,1,0.028621428154583024
990015,2022-04-29,74.76535213426433,75.2450884346071,73.62684312553553,74.02952268046657,14680284,1103777314.1859493,0.005304451103776156,199.8292616630215,1,1,-0.026102751861766776
990015,2022-05-02,73.73277043619898,75.19506509239089,72.58274867995516,74.0640028093242,8345346,519341924.79329145,-0.0032080103400362364,185.20214466835105,1,1,-0.039914062621757604
990015,2022-05-03,72.7503512232392,73.348358218252,71.2336202834512,72.64267230905715,5422980,435625318.4649917,-0.01782126047315617,181.54118115835007,1,1,-0.003952860532428984
990015,2022-05-04,72.70211909405359,72.95052044608047,71.72845031858465,71.89417005672449,11618363,787444744.6622229,-0.007519215374653383,245.65713936632326,1,1,-0.030752906112975032
990015,2022-05-05,72.04025977794129,73.9712449002251,71.21599198397249,72.97862978493646,20080787,1450756571.9762805,0.015104505695006898,161.0090482707466,1,1,-0.034270326309516895
990015,2022-05-06,73.25148850861169,74.1202175028823,69.21774648627665,70.34053750385304,13523433,999477724.3300565,-0.03736976398885188,144.84953786860248,1,1,-0.02819281209411544
990015,2022-05-09,71.30877191599457,72.34393910616514,65.26749725301477,66.3070687178805,18621661,1252882878.3042848,-0.05859838804468469,205.80447853174817,1,1,0.025465798431370642
990015,2022-05-10,66.48308836770762,67.60721563538608,63.427986700937524,64.10837759271574,19431700,1360268660.4821982,-0.02799097809731478,131.0058235002375,1,1,0.015281480883114495
990015,2022-05-11,64.90663687493293,65.52500364557653,61.78524539603668,62.277964277991785,10837216,704427972.7376139,-0.03130143913197202,151.05281772505197,1,1,0.061739314210520015
990015,2022-05-12,62.20653012853065,62.90276130277037,58.374990000316586,59.26582620279384,7450756,472867709.9021072,-0.04879101228104418,174.92669978789493,1,1,-0.017942938929311023
990015,2022-05-13,59.550702660171936,60.495948674447455,58.82171475457958,59.885803376313255,6531468,375446990.91632295,0.012204317202482854,179.15823130818086,1,1,0.0327492007046077
990015,2022-05-16,59.18788885618356,61.09483935197318,57.32569124193943,58.80123740541841,4258002,254257500.51590437,-0.01892895134969658,146.8232543315709,1,1,0.011249638587786208
990015,2022-05-17,58.956271316042404,59.63873259725772,58.73936220207092,59.40272341584362,22373404,1232419825.3752892,0.007887932038009686,140.06475707438986,1,1,-0.015742936750906957
990015,2022-05-18,58.94919841119794,60.607946849608915,55.54431111976768,57.28683449943181,9718546,541957202.4696354,-0.03441039392664228,115.99584266370007,1,1,-0.005209812690263924
990015,2022-05-19,58.238870023115254,58.368005134941626,56.9923246341102,57.369083013472164,4061095,219728932.66156822,0.001278204751504559,128.15791864651231,1,1,-0.015865073757584062
990015,2022-05-20,57.553121289439105,59.641786506187266,56.24456523506052,58.406892391572406,22243924,1208605586.92013,0.020067158533843707,279.2448703002118,1,1,0.005212417534984638
990015,2022-05-23,59.002373383028974,60.09980595219602,56.42848852381445,57.373065057098906,11862989,630967791.6419574,-0.01999041154469339,149.81653421172558,1,1,0.023927706768105902
990015,2022-05-24,57.69191724312147,58.09825449089736,55.099163064947355,55.35736000539318,18708437,1066108043.4923604,-0.03263537245749369,171.6466737073488,1,1,-0.010914450239592824
990015,2022-05-25,56.52949825456338,57.500503111026134,54.97604231675148,56.17289452571075,8832161,514168081.5869655,0.008736182095990107,103.76962034484202,1,1,0.020371765225167888
990015,2022-05-26,55.02646762706149,56.74939993658869,54.54082373627925,56.37571495396693,6683912,434538660.2988623,0.003041979411775581,348.6141822442195,1,1,0.031242542183840535
990015,2022-05-27,56.07668536388376,58.523191074307775,55.15883265691542,57.608324417610156,14105799,822602758.1583363,0.026398393580440157,125.33732327729247,1,1,0.03696749858929253
990015,2022-05-30,57.10235005762269,57.900543613271914,56.50150703911083,57.04356396646471,14774598,789991175.1882654,-0.008514740546699482,114.09354342219997,1,1,-0.03159375565245523
990015,2022-05-31,55.94270237071349,57.783137643892125,55.58938203890287,57.45255913759424,8322379,493979961.3675968,0.003194233880601971,159.26259571465062,1,1,-0.002702610734510302
990015,2022-06-01,56.83589074181597,57.137831468767686,56.3471623858738,56.78839712346906,22163563,1299167283.5658379,-0.01104238076807516,124.17809917645121,1,1,0.016799517654920822
990015,2022-06-02,57.493364343205386,58.345008086022204,55.070227559259195,56.1303636485006,17695532,1156195096.0097525,-0.014113037526590554,180.9036571970536,1,1,-0.029377422924046603
990015,2022-06-03,55.71015066997766,56.267793007856746,55.540641766657735,56.0024802925859,15443066,833509318.7415247,-0.0028075129866177015,103.1373655561267,1,1,-0.03510635913784188
990015,2022-06-06,55.62495186839624,56.211778062386394,55.30757191703215,55.55260335858267,5498336,287450714.9586543,0.0002693020738293568,227.8231669727646,1,1,-0.0021179863767284406
990015,2022-06-07,55.883787797444185,57.230869248012205,54.09245423156667,55.28733805745369,5136636,302495799.9870977,-0.011100882806773175,214.79764777067635,1,1,-0.01205572964213996
990015,2022-06-08,55.21307387438177,56.05710872147431,54.02447117547017,54.86783723317088,20700844,1218423455.689853,-0.004845051659335033,156.54706422456061,1,1,-0.005869731349089766
990015,2022-06-09,55.21758789701005,55.496950431998144,54.91986962439455,55.228850761267964,3204298,197817959.62332955,0.005028050653568516,98.77805610388182,1,1,-0.01355668254466913
990015,2022-06-10,55.54298729195466,55.75502184872292,53.980085540237305,54.37818555023587,10673390,529414006.76621044,-0.015852324605650794,127.1987892460273,1,1,0.05408875411000568
990015,2022-06-13,54.74954707280192,54.74954707280192,54.43947325629179,54.52471603081436,11943523,668183109.9739944,0.002778625319144414,165.26484501600444,1,1,-0.013307315624052234
990015,2022-06-14,54.30081885964194,55.27638940604783,52.991381564328705,54.0410493590983,8560469,461024470.8367629,-0.009393766466648364,112.88768928301391,1,1,0.013616705205155444
990015,2022-06-15,54.39326291190931,55.29529347315489,52.74913391500303,53.59128465707335,11157276,522542076.91499054,-0.005223875843993133,118.52989904697357,1,1,0.01189338162971841
990015,2022-06-16,52.89321924100567,53.71227869322573,52.85383702976683,53.29287651991265,12389117,715743425.2900132,-0.0047858804252160275,221.93241068865282,1,1,-0.04485605200086954
990015,2022-06-17,53.23177922820265,55.30503318426086,52.48864508158441,54.69820327950866,7900544,414972262.0644631,0.02198784228231455,169.89380626392307,1,1,0.03625285815046874
990015,2022-06-20,55.33568071846873,56.4676320673203,53.72345608912607,54.962459989773194,17386685,920382986.8364242,0.00897557627625399,168.29696075871138,1,1,0.014649395665100033
990015,2022-06-21,54.873526032352586,55.73769968377776,54.797858972313534,55.73769968377776,14001742,772599483.3451322,0.008582100329193229,189.9035993518758,1,1,0.002596005049954643
990015,2022-06-22,55.24907432249474,55.869569358637904,54.81985721574081,55.321766822106916,9522387,536370803.68201137,-0.002241985718030615,154.44736306305327,1,1,0.02574611893524557
990015,2022-06-23,56.57242610021628,56.90720538057009,54.86698613531357,55.120116999457174,6940620,366021695.4905996,-0.004409901253311642,159.34248502022592,1,1,-0.002667408581238813
990015,2022-06-24,55.80388186430185,56.943049649456064,51.15398034449171,52.16006937299837,10922957,564833024.0469083,-0.05406230209229739,185.89094947148206,1,1,0.021234210677731114
990015,2022-06-27,52.28860549525551,53.05804018533515,51.88271999113221,52.06579798887296,33281082,1967350361.908287,0.0008974066010181512,206.5645618567083,1,1,-0.049674059730009545
990015,2022-06-28,51.735779896107566,52.67832819458981,51.053740564890944,51.9336529904575,7179713,361573789.91953474,-0.0025438111163001045,188.24516451319812,1,1,0.019578452679709875
990015,2022-06-29,50.80670161544214,52.256998849507994,50.37908457513807,51.68549899434511,28163493,1418517361.0304406,-0.009646413646630131,250.90489539015041,1,1,0.0032819748153969028
990015,2022-06-30,51.82171193088058,52.39784043396945,51.20219916634093,51.43648569130294,4306075,198911039.86672536,0.000439012493039578,163.40268727004872,1,1,0.00368385132737036
990015,2022-07-01,52.294083971776665,52.80853119758472,51.05561399998141,51.70504034030357,5432415,311580103.06094146,-0.003259844321077226,108.35449367565673,1,1,-0.023092981805229625
990015,2022-07-04,51.6419360042742,54.32170761804092,50.98182584848841,53.50481883206,8728338,430433942.63166654,0.04021913020643559,224.52965282651348,1,1,-0.007064779538739616
990015,2022-07-05,52.55723619105642,53.50701754269435,52.35801726812558,53.08626370240149,19295150,1047426547.7993801,-0.005963122787657142,150.7378348579625,1,1,-0.007817832398153248
990015,2022-07-06,53.345602604538755,54.670360514862175,52.8169183952554,54.14930513711479,9788651,611082970.3541307,0.017070096736961467,128.86947023713043,1,1,-0.030724264986616685
990015,2022-07-07,53.68504237244307,54.304424673561535,52.78592606354553,52.97070631072998,21747926,1083808975.2103903,-0.016099033686703346,200.68784637018763,1,1,0.00777241946759786
990015,2022-07-08,53.25542058410773,54.04620725402168,49.954269925151664,50.450379798689546,9428863,429459758.684272,-0.051636482809190525,181.21698458659864,1,1,0.03900518878948906
990015,2022-07-11,51.51850244246487,52.38354621571798,48.21446102972487,48.808378002772656,10585100,490847775.952268,-0.03279507513999685,110.60117847111157,1,1,-0.037978323419595346
990015,2022-07-12,49.14997474905523,50.00662665118828,47.31898716815121,47.93984892842452,8635869,416099522.9764782,-0.015705409705858167,198.20242435132968,1,1,0.011164504910035913
990015,2022-07-13,48.368646976542564,48.368646976542564,47.761207299833124,47.8064657529746,34121463,1693492686.3981845,-0.0040492206988242616,283.8830141738385,1,1,-0.012247872715492176
990015,2022-07-14,47.73556033793544,48.64952736352229,46.758166922272885,47.91528780946285,5818612,278427297.1190469,-0.0020359665802854965,178.68103896203866,1,1,-0.015216522500706226
990015,2022-07-15,47.888449544449294,48.61476067821316,46.870443454582244,47.458986955113,7794280,353737291.3197489,-0.006864077889508214,150.23816901006114,1,1,0.0004830697480421877
990015,2022-07-18,46.93071017106978,48.13025988933968,46.64717817177359,47.92652155375239,6103146,309506767.5051344,0.009414993964253543,98.37154044000441,1,1,0.0008727211008176883
990015,2022-07-19,47.955893294453624,48.52992701528916,47.19996296217326,47.635685647426556,15529320,789639363.9514239,-0.0037064648978942074,299.2624336379071,1,1,0.0033088277735821335
990015,2022-07-20,47.573180431489945,48.8542941543748,46.35514950834171,47.37973026116043,5401255,249343146.97500384,-0.004302972761362914,138.958850901005,1,1,-0.030511963514334883
990015,2022-07-21,47.15725691204114,48.45710280069256,44.99721216555128,46.101595213231334,28218980,1424529493.7830698,-0.029083709520291476,106.39557427914448,1,1,0.026581406566833422
990015,2022-07-22,46.489066276088074,48.6807189199541,45.29842994303555,47.36609217356809,10868288,509912964.63364714,0.03200570247092798,167.66986269426252,1,1,0.0006469417538561215
990015,2022-07-25,46.645831336127756,47.44767875092864,45.85484456921565,46.707594440814795,12958114,638045537.1125224,-0.016591983775487124,219.2289759355722,1,1,0.013827423714294778
990015,2022-07-26,46.51876475266889,48.929636753324715,46.00664459681933,48.11003581389204,13536227,612717357.5001227,0.030347509569427673,234.64681546108685,1,1,0.029786614757468438
990015,2022-07-27,48.32089720499232,49.82986146074882,47.637838306055905,48.752121444361244,9684386,573929893.7508423,0.01494623315605478,132.64708028155255,1,1,-0.050828304199936475
990015,2022-07-28,49.58528946399187,50.14882866569494,48.31455287229553,48.954158405065435,11626564,567901473.9697293,-0.001247078566877003,157.493667621138,1,1,0.014769217066590252
990015,2022-07-29,49.015338434258716,50.008975239896394,46.05875562909939,46.743451969620644,11740060,526698341.7098526,-0.04366929233372367,162.2235828639607,1,1,-0.005659901102047059
990015,2022-08-01,46.45310928971089,47.12691762515535,45.22612103652032,45.78901591115701,13827053,584300067.4857161,-0.01945906345903437,217.16434985587696,1,1,0.024754852774672754
990015,2022-08-02,45.613031208423564,47.16893504231922,44.85040583564428,46.19364881350386,6492660,332854453.24856615,0.006236204747363219,193.6492288207854,1,1,-0.02204015686810654
990015,2022-08-03,46.240657626369455,47.28990248758417,44.676408350188254,45.515474629486775,6035907,236464945.29661798,-0.010103466076627498,175.8731323771459,1,1,0.022607434083613404
990015,2022-08-04,46.44345548179306,47.019616233136915,45.825400681734,46.25511179042066,16334851,841735674.5127302,0.015637431016576178,213.1980315268938,1,1,-0.02856170908764945
990015,2022-08-05,46.8610531681999,47.908173215710505,45.245085393992134,46.202108823293926,11236862,484977088.1152983,-0.006051091229769037,107.87140562867042,1,1,0.00890133901400126
990015,2022-08-08,46.50352806061394,47.18080877390003,44.10992067516881,44.938508344509884,3266938,158223125.72651047,-0.029603614837001926,183.95076699028283,1,1,0.005868867547036523
990015,2022-08-09,44.7590629617399,45.010477952152485,44.28370426791034,44.779225399612706,7964043,385242959.18808043,-0.00036577572387067563,173.31441015165618,1,1,-0.0054346935172144405
990015,2022-08-10,44.195116723328226,44.86615218765556,43.79561344522111,44.415780763158324,24653278,1226648268.724071,-0.0076949071264416444,159.79582079581883,1,1,-0.027972459668917125
990015,2022-08-11,43.723912815903105,45.42638996361661,43.317930357821524,44.73857885263259,10278581,479373887.12099755,0.009392289217452643,150.53105108788085,1,1,-0.010917709053043512
990015,2022-08-12,44.7117415601376,45.074731017946384,43.812740986936326,44.19061732048839,7831667,374608893.6811296,-0.012293552780374296,168.84222201928102,1,1,0.022286593461970587
990015,2022-08-15,44.48268000901529,46.565345673668155,44.090508789972645,46.1282408378918,5031739,223336551.69575968,0.04220648364008683,136.76208590378684,1,1,0.03680956402204503
990015,2022-08-16,45.81606445891739,46.171958735192426,45.40750097223874,45.63067709151669,7895907,340707903.16321445,-0.01304686871507091,363.23936195600027,1,1,0.04879970133170011
990015,2022-08-17,45.621520267194796,46.27939403682854,45.51064452415186,46.1626788923389,5845378,283063602.384516,0.013572007739077008,243.42526620597397,1,1,0.012104164751005744
990015,2022-08-18,45.815977947774215,47.62462840835301,45.1624227301243,47.032076052270746,13469439,682539425.068189,0.017752558355270003,224.84085324873675,1,1,0.005024816872338353
990015,2022-08-19,46.6116739259552,47.53834903225539,45.34645108637936,46.11566590937312,10507361,535979929.3165763,-0.015802706340910477,138.43083953022048,1,1,0.010102196648269855
990015,2022-08-22,46.732491420061585,47.75604513879849,44.16082795315882,44.9904756741301,8702143,383546225.5893781,-0.027387111109988774,121.79342741152848,1,1,0.0481405014560811
990015,2022-08-23,45.35409817631475,46.446941323493355,44.48498630176563,45.577480038988945,6709584,283640992.5140899,0.01566096810065447,152.23953405161467,1,1,0.011945459664685208
990015,2022-08-24,45.489686246622384,45.54632611673146,45.253907767887846,45.3855974432505,23023806,1109730674.8198316,-0.005825737015977314,167.83611755087827,1,1,0.00080288070592932
990015,2022-08-25,44.92432883357889,47.12060767201259,44.820999907447266,46.71746335220139,7537770,336962932.76449007,0.02836751187188309,105.11367405454314,1,1,-0.008516682651910124
990015,2022-08-26,47.1817134547291,47.77081344866478,46.47030589361352,47.13265549136647,7201190,374948166.6632113,0.011204258605201068,187.22835990393446,1,1,-0.005546997647986145
990015,2022-08-29,47.55863297968694,48.42431027041241,46.64953178083436,47.47166008688736,9009012,434448329.33095276,0.008173236224829277,224.1197297542858,1,1,0.008494775987732805
990015,2022-08-30,47.71700016428736,48.4965078981925,47.420285832339395,48.20266757397144,10300288,526450011.26229256,0.012599011098830607,82.9746597166423,1,1,-0.020757420818812666
990015,2022-08-31,48.16901364814062,48.32614213969138,46.98706458314767,47.226883464510216,14142930,644660620.7419927,-0.01926850147445446,123.88493529482821,1,1,-0.017543849671840146
990015,2022-09-01,46.63894720435024,48.775723489830526,45.92436579736874,47.772738305407906,19500032,990224729.5113053,0.011010220438431507,234.0815345562592,1,1,-0.003079748539901863
990015,2022-09-02,48.03588972999699,48.147943956319,46.92810168263548,47.43759290083904,17833160,733453562.393969,-0.008048769951721456,181.39002699880214,1,1,-0.013057101309240603
990015,2022-09-05,47.994124355699675,48.23302190937631,46.55838082607081,47.03211616718833,42460783,2176610442.2472396,-0.009833390765155773,125.1550427615775,1,1,0.01389585111344949
990015,2022-09-06,46.29060624854905,47.161647503526744,44.890226405579796,45.48847087252615,4229217,184753572.7476232,-0.03157697328027698,202.0720605438002,1,1,0.01588664959824225
990015,2022-09-07,45.604287438968,46.1638228779206,44.85991325796284,45.715596473361494,12206621,490167226.85173804,0.005256717217322521,135.7818127395788,1,1,0.005309868003610957
990015,2022-09-08,46.40374720608142,46.94566933630716,45.46814216075647,45.763028339118655,8043937,380757754.1552829,0.00310639000206865,151.14267188010285,1,1,0.011155477422583944
990015,2022-09-09,45.68790964572719,49.920447281454166,45.10358781300334,49.12614774677319,35752910,1699150162.3750517,0.07316000946328999,115.33844855984762,1,1,0.0015841596417287824
990016,2022-01-03,79.61730950874905,80.82401338796284,77.12857357453696,77.88531087159639,2254566,170106202.64430726,-0.018333840939339596,156.59153497534757,1,1,-0.031882599006184065
990016,2022-01-04,78.90109494328286,79.52865767655187,72.5269606590262,73.353769448306,2903574,198697967.41690496,-0.065454522457114,118.7451548922052,1,1,-0.016108042508932045
990016,2022-01-05,72.72000636249223,74.21629888106727,71.6852846598207,73.44943616746767,2584956,209757435.78078067,0.006028935608447966,329.5893540076702,1,1,-0.014081726739311504
990016,2022-01-06,73.68019710435725,75.50069909456217,73.15890949238064,75.1559122705241,2666053,205073634.5772236,0.018842297737241283,124.67137021823639,1,1,0.0061770702830937505
990016,2022-01-07,74.42776907883174,76.760247524119,73.84489786565759,76.21784831321152,6639134,487445265.82883173,0.01614588361589157,192.01782924220245,1,1,0.017632249773625226
990016,2022-01-10,75.70875350643455,78.48814903053764,75.11711070878195,77.39833178863158,918619,65446320.50762646,0.01748117800984582,153.3450828428635,1,1,0.0015632529689432635
990016,2022-01-11,78.49033787172267,79.44263709770512,75.02024169101495,76.28402837097846,3849334,285030944.3496662,-0.018862979331424636,172.63687073610777,1,1,-0.01778753752750872
990016,2022-01-12,74.85950653259584,80.42474404207043,73.29813005145049,78.4652859428279,3738759,304011176.6350689,0.03162650216211485,440.7429533213686,1,1,0.04328780681054549
990016,2022-01-13,78.21980402301443,81.42718695687023,77.55581239568913,80.21943795919204,1248747,97707698.64662826,0.02398354099431379,210.4660344272666,1,1,-0.014668525267996984
990016,2022-01-14,80.35661024451348,81.45536535794413,78.84730794677984,79.71534755881885,4420860,376343794.36738336,-0.005960171619241913,243.75031634947948,1,1,0.018059831943365787
990016,2022-01-17,80.32926329810024,81.05573989697285,80.32926329810024,81.05573989697285,3832615,325568547.350722,0.01392672868756004,279.51556565765645,1,1,-0.0035415153098030316
990016,2022-01-18,80.4735537775624,82.93920286459861,79.8874908542332,81.56555445444194,2946463,220821807.57829893,0.00944972735520937,176.92267799061324,1,1,-0.004318071129576785
990016,2022-01-19,82.16461905180658,82.57165958159445,79.63125898384747,79.63125898384747,512433,44599941.09231967,-0.024023244028205628,305.98384590785463,1,1,0.016172085593318352
990016,2022-01-20,79.65534016212642,80.76757696597348,76.52883889989216,77.78050572732866,6062219,495604834.023127,-0.02281441530991515,245.00200797879484,1,1,0.04027631069099291
990016,2022-01-21,78.07129809179104,78.89125889328365,76.66906639964928,77.42616578531188,3329803,270370430.4503191,-0.004239218281213183,276.2748033112214,1,1,0.00594638415523084
990016,2022-01-24,77.9973998743249,78.8947482104666,75.55254242951648,76.72566891366105,4039595,303057685.1402944,-0.009168704660663838,172.5838076600275,1,1,-0.016066309990741795
990016,2022-01-25,77.32944832156907,78.62914502521838,76.70977412985573,78.09300929636267,271105,21754594.084944118,0.01281712501598367,250.35675616044068,1,1,0.038531264563494455
990016,2022-01-26,78.03842952791192,79.20876347193031,76.4574785461699,77.54331367384292,1996815,159532871.8758512,-0.005523048241104214,216.7622908046872,1,1,0.01118326001836414
990016,2022-01-27,76.52164289955857,77.75371464228824,74.4344511782334,75.6891291160813,1100582,85663460.75350152,-0.022404743119208013,311.3405744197084,1,1,0.0022131417048886362
990016,2022-01-28,75.92429587936725,76.28037399751084,74.71009391431753,75.24096183568865,8001429,581259627.5628221,-0.0043630702351440806,183.02654082094054,1,1,0.025986315639078838
990016,2022-01-31,75.88671808433968,77.07611151709884,74.31880314043214,75.85761800184498,1279069,96655273.12443739,0.008203573367290254,414.6969445741047,1,1,0.006424093964103122
990016,2022-02-01,77.19521664777139,78.05477494549298,74.51701968443125,75.88723688723816,8883335,600789606.6361394,2.0538230713046726e-05,242.11364797190384,1,1,0.065620050375042
990016,2022-02-02,75.26303725641617,76.7892380136853,74.38013240203425,76.0901022629976,6146297,451513673.46696895,-0.0016340199088170353,208.88755667467015,1,1,-0.002459500793874447
990016,2022-02-03,76.24160141884903,77.70532160895704,73.48695126262282,75.5091615862058,3427961,271539548.4743992,-0.004663431196086841,201.25299581672542,1,1,0.02936876743806048
990016,2022-02-04,75.31354222954675,76.34810512373065,73.94994377601981,75.08639469842552,6904109,517905710.4485105,-0.006505659808625089,216.90680785152853,1,1,0.009745288643597302
990016,2022-02-07,74.94014295390973,75.36924808642719,74.94014295390973,75.3138310858509,1491768,122808572.62436688,0.004127282606442183,177.94928023381243,1,1,0.00965368208531676
990016,2022-02-08,74.17645392697838,76.40707592672263,73.09578469913626,74.81345275317162,1824272,143250904.01846674,-0.004483565324329511,268.7304890911789,1,1,-0.012551356979395415
990016,2022-02-09,75.24989381220881,75.48784045178824,73.33197651183197,73.79085760579768,4923272,472977409.7501965,-0.015617582152258369,216.55713822986058,1,1,-0.012413745380201825
990016,2022-02-10,74.00405406428642,79.6721632409589,72.73080851380355,78.34593042958016,1625480,109129072.65011483,0.06423717042187825,403.1921495618628,1,1,0.011260548260415327
990016,2022-02-11,77.83619914008655,79.35046772531595,76.74646069413066,78.30459768004785,1087772,89666085.88400963,-0.005056678849723401,189.37149350208134,1,1,-0.02658780016222572
990016,2022-02-14,78.8055101221602,79.42330814809279,76.57186668761176,77.0545245983034,2364817,172867213.14716747,-0.012132651634513542,209.19171343976095,1,1,-0.018470911103207265
990016,2022-02-15,76.21314765656143,78.37870564041118,74.45557329351134,77.0604529993635,1515193,130846372.30964516,-0.00027695705083557505,189.31188939647816,1,1,-0.0020867795043060873
990016,2022-02-16,77.7427179620314,78.76043560937859,76.69968965715863,77.85731988557117,11995213,833106336.1574076,0.007546562275595912,393.75688914179176,1,1,0.031884414110529925
990016,2022-02-17,75.60577278193912,76.4325217375267,74.9775498196662,75.50750618172546,5079030,442745917.4510307,-0.027245170814797756,137.14294103654325,1,1,-0.000277852230614958
990016,2022-02-18,75.37244636774824,76.52000348634022,74.84830024205637,75.7848763615011,1910730,145511606.65274286,0.0027109454805355013,223.95428799387162,1,1,-0.0007171160659310899
990016,2022-02-21,76.2223079713998,77.38971894177709,74.78220484496396,75.68046350044698,1532256,107982898.04104508,0.0034784725590605026,240.13952543729047,1,1,-0.03186629843984343
990016,2022-02-22,76.43033264338415,84.14646232625815,76.16560704870717,83.52943541595599,3903297,319053963.93789756,0.09859830608176613,151.76874938973043,1,1,0.0445102423130877
990016,2022-02-23,83.5769067217766,86.18178071444915,82.06446519533658,84.71360808504424,6774367,602824066.389023,0.012319141126107406,444.57828996000006,1,1,0.028189216396062925
990016,2022-02-24,84.58511212216752,85.70744365820822,84.14381264588941,85.19723916667371,3459260,323457282.1744272,0.008167416609818949,161.62901261741044,1,1,0.03131129465698787
990016,2022-02-25,85.84378630463503,86.86185330952681,81.91017108711252,83.04953096337168,1419220,131085420.04618238,-0.02751765989482984,219.71108714970222,1,1,-0.04279294988976089
990016,2022-02-28,83.48304938006034,85.35541632736889,79.79568240127587,81.32649105939524,1132292,83724779.69396247,-0.019620101938501354,371.28710568694197,1,1,0.007237527682547485
990016,2022-03-01,82.28018843103916,84.07952679454196,80.25005266983517,82.04467417048367,2308333,189979392.60019723,0.006608215570053497,192.91707362260178,1,1,-0.028528708579780286
990016,2022-03-02,80.78980700573612,81.91079056843891,78.64799558964383,79.66023178549545,3736952,312516061.78034306,-0.02551784288889438,227.54453761247416,1,1,0.018886207503269706
990016,2022-03-03,79.57769099555651,80.98159996506797,78.8828494657001,80.20762088449133,2169197,163991090.2064946,0.0058774251657576805,194.78669896697863,1,1,0.006409492441394716
990016,2022-03-04,78.45017060016038,79.51350956783787,77.69267774207295,78.6024648824614,5471104,523578796.0296247,-0.017598360766214606,213.72510045876157,1,1,0.011876113586666018
990016,2022-03-07,77.71496826457737,79.65766075327411,77.49409179970401,79.2929487203332,4236173,370176934.08675116,0.006004631913495456,306.59876451785954,1,1,-0.022382543005557965
990016,2022-03-08,78.4650050781367,81.09182569458642,77.96764852277263,80.10555364467838,3451325,281482141.40963167,0.010914408763761598,190.08129919861366,1,1,-0.0313457839231395
990016,2022-03-09,80.99695686634921,81.35380461015602,80.06719026315288,80.8181433758347,4454372,369011368.87589705,0.006113052561298212,93.19950884365747,1,1,-0.020278323077860008
990016,2022-03-10,80.3760533063523,80.95908573794522,79.8927095541628,80.21395516571691,1020191,91818509.16376095,-0.004325953533351584,215.11215067037529,1,1,0.006024275293152917
990016,2022-03-11,80.16589114606967,87.68243652371163,78.15011048236614,85.6342384683501,2185053,179300930.14796352,0.06714327989631148,221.77569061625414,1,1,-0.009227994858660559
990016,2022-03-14,86.03789844113088,86.1166262662045,84.82851896960781,84.94141530633274,1538023,121915061.14229813,-0.0075909840136354784,231.32614486355902,1,1,0.004509102549216663
990016,2022-03-15,84.4379108958801,86.00928068918896,79.59180668791637,81.5427230670284,3555630,254905820.42535278,-0.0413606037231767,205.06103857944498,1,1,-0.030905622714766958
990016,2022-03-16,79.81484412364155,82.42704370417151,79.67931020564855,82.42052695855955,1427966,110687495.21105057,0.006815734793263659,165.17140624984808,1,1,-0.0026922434102521656
990016,2022-03-17,81.31584173429778,84.67360957668016,80.98438882093745,83.44235359342123,3215013,277462153.443015,0.023584471705305057,201.06397238503814,1,1,0.03617507021428232
990016,2022-03-18,84.1877286665258,85.20794679833348,83.28677505130014,84.83504785004513,2747013,220316264.13970706,0.009674876452209213,380.9824395196485,1,1,0.006704642611410552
990016,2022-03-21,85.23712497087966,85.86005340420604,84.48919396052604,84.8311320675986,4044256,393479007.6939561,-0.0024847412714625178,214.4907118049067,1,1,0.008439746751928927
990016,2022-03-22,84.17718012433735,88.78189757820996,82.8455730807985,86.91150474556052,1284023,118617530.5194055,0.02798797348105548,267.5534066026715,1,1,0.008661659274097133
990016,2022-03-23,87.38903093034345,89.39953186194494,85.9481779549534,88.22958983266419,4036411,363202122.8193387,0.01305337362132727,156.40048686927207,1,1,-0.01670675978598408
990016,2022-03-24,88.58090290784433,90.32617315120837,87.83912940892381,89.37291258292325,1362757,110637379.3337946,0.011643977480893226,198.12359685607973,1,1,0.04273698973834068
990016,2022-03-25,90.2068047115374,92.9029947515293,85.20438979967822,87.43940399035425,1643870,127554945.4874074,-0.018788388674153705,158.0603259825034,1,1,0.007389240994230317
990016,2022-03-28,87.66353830445158,89.2027089707736,86.84393102165551,87.88587585243455,2644671,239550046.72105816,0.005863695905649744,327.98662912424084,1,1,0.002402764158327358
990016,2022-03-29,86.90572590607515,88.20113899991588,86.15399334757463,87.39852313823951,7078350,631242425.5445328,-0.008697748049695102,132.41037772559457,1,1,0.016538703941076607
990016,2022-03-30,85.98735548401267,88.00858216358284,85.69622617612549,87.42735239498778,1615922,126005241.63458006,0.0012093626233840745,244.72105605119793,1,1,0.023574347871397207
990016,2022-03-31,86.43188287429739,87.1256006752453,85.61321313340089,86.51532628498718,845088,69107801.73876777,-0.009327834314316068,242.26946244975088,1,1,-0.03705147836977023
990016,2022-04-01,85.58185015563288,87.62738127870357,85.12649033469415,86.60692845817394,1551806,121080721.71581197,-0.0002882169272572808,237.3264487137137,1,1,-0.0009480564441978604
990016,2022-04-04,86.25091629605033,89.54386184417014,85.07233521632783,88.2083727310687,2350107,192597895.95794234,0.017781234124729928,102.90481304415731,1,1,0.059470358194051755
990016,2022-04-05,89.91694984597453,91.05137303854285,87.01510739442968,88.64261410525965,10754571,1028457921.2233117,0.00695980090875999,114.059998109198,1,1,0.04339067782692909
990016,2022-04-06,88.67288435322415,94.94567611793563,87.01157178044923,93.37866591989962,3930694,411099535.9551706,0.05267381142646577,225.62897284614715,1,1,-0.00546153044431541
990016,2022-04-07,92.99744620228059,94.00237918923948,92.58584323852817,93.5636563855631,1747470,163579840.3673386,0.0015466527302159614,162.01309063912007,1,1,0.01767634756201316
990016,2022-04-08,94.62145375728463,95.70006021956904,91.66697249118745,93.14780057185865,2455500,263801781.23551938,-0.002482896731446688,177.1464522450046,1,1,-0.011567821815079996
990016,2022-04-11,92.65736263021047,93.80818885025293,90.51821947496056,91.9789863899159,8619026,875009239.9264731,-0.015798504837792597,189.90181299268536,1,1,0.007296076550451285
990016,2022-04-12,92.63917209330546,93.80337622584943,87.30649723720983,88.32306248833731,2604866,224040062.07033393,-0.03547720929440192,155.4442192535592,1,1,-0.015220048734746881
990016,2022-04-13,89.13835266641537,89.85159544668936,88.64105013329507,89.15285211772242,2457112,228123584.08834434,0.007578242722255278,147.13276632929555,1,1,-0.015690520089164224
990016,2022-04-14,89.06652551368077,89.4094858690895,88.43375743613392,88.9667310973139,2506988,196795524.06119868,-0.003878670241736867,217.37596129665613,1,1,-0.018923069816126636
990016,2022-04-15,90.6109041608098,92.33006056791848,88.97349901533917,90.1915463625606,5089814,414672963.5020835,0.017473034455600597,118.39873767034949,1,1,0.04413960344478222
990016,2022-04-18,91.61278393814308,95.24994964705155,89.68454160109995,93.77916032366426,2081951,179152323.5928284,0.03577581245695388,185.0506539828445,1,1,-0.015833795484182518
990016,2022-04-19,93.9010860443107,96.18303273234696,92.60896218168992,95.36931327808836,5920504,548677503.0677749,0.01834099634588447,175.765987040226,1,1,0.02915019251321397
990016,2022-04-20,95.22768309546629,96.62169397254807,93.68936936679475,95.59299541902075,6547495,532396912.57313925,7.635178678815499e-05,215.74744119723096,1,1,-0.014480965450496486
990016,2022-04-21,95.05195365372367,96.97550756178352,92.8518788838433,94.88714789110722,4621022,406165727.38280445,-0.005971347503796948,444.57828996000006,1,1,-0.017655401575341612
990016,2022-04-22,94.60746443817847,96.52170923416406,93.69459397494221,95.26471701064611,2344267,246230514.41970965,0.005536938827378704,159.00348723768187,1,1,0.008287173767920989
990016,2022-04-25,95.032547732224,105.47185490775418,94.48527779392886,105.15252732470478,1130178,120044153.15565947,0.10292276969177735,247.37918834058306,1,1,-0.038524736665298584
990016,2022-04-26,104.45361610317032,105.09859620912229,103.58208649835407,104.38297154592674,2699256,263035172.81800422,-0.007389743615166934,233.19965001748693,1,1,0.01592013533383736
990016,2022-04-27,104.17115720177107,105.68973413600256,103.38258672465015,105.16523456091957,1784224,180511048.01788837,0.003970593872105707,259.7566004552019,1,1,-0.006285866054296601
990016,2022-04-28,103.67872239593981,105.74760390307007,102.19204133686483,104.63470593194462,1544554,176280372.34176844,-0.0011877512071888803,203.11302372268943,1,1,-0.017783503602435767
990016,2022-04-29,103.91637829483531,105.43153515859552,101.55270373887909,102.7742841377607,2362143,255113872.03551567,-0.017342588627616163,343.753125573509,1,1,-0.02373780099326675
990016,2022-05-02,101.4008927537294,104.82372479802054,99.79021867891076,103.4126639733787,4527645,444799936.689367,0.006327183739258615,270.3228209096613,1,1,0.052153956809391715
990016,2022-05-03,103.80187526744555,105.1610318025308,101.11828394222806,102.39918888101546,1907215,189523887.6350349,-0.010561129253321817,271.6934606988021,1,1,-0.0034624222763200195
990016,2022-05-04,102.45963335687262,103.9450874540843,99.11221503215761,100.48584904074059,1193550,102143240.03068751,-0.0160823128810484,138.52738221960115,1,1,-0.004631739413911555
990016,2022-05-05,100.54639462448232,102.24499561967697,99.84864395691883,101.22806329157142,1497095,151715778.79073712,0.0058708976051314145,224.14668761236177,1,1,0.02169585842301211
990016,2022-05-06,102.45616145744822,104.11080823874656,100.13575382753865,101.8184123065648,9608460,996004793.707105,0.007100521856793059,184.8118985854498,1,1,-0.02584975289803009
990016,2022-05-09,101.24356967930635,102.4114423681806,98.29628166325642,100.10563710961826,4839335,456717516.40251327,-0.01707925999377425,165.2188889287917,1,1,0.028942959995964315
990016,2022-05-10,99.55796769867783,101.5743254205756,97.68380974980117,100.10999414576563,1468938,152278877.62437195,-0.003322338626198443,178.07379739909928,1,1,-0.003502121439608829
990016,2022-05-11,98.48388088641543,100.76274413732982,97.89624055133002,100.07489451763503,7312901,770538813.2596751,0.00120442025592554,213.54573186113691,1,1,-0.04088279980700987
990016,2022-05-12,100.85298910110177,104.16444773739042,99.90596108760603,102.79801358760649,2551967,284013003.2182471,0.028791214448607286,251.37588347874134,1,1,-0.017221530102203106
990016,2022-05-13,103.1115094886855,105.81089220076456,101.95662116375667,103.90460635920893,14752177,1582926034.7155411,0.009568482322542789,297.02179117176615,1,1,-0.032879611250797615
990016,2022-05-16,105.20581255677483,106.49630036395939,97.400597303183,98.51355134427743,3704391,381546488.6766786,-0.05170296405547009,292.62630979083497,1,1,-0.00026061762794457556
990016,2022-05-17,100.08301856618229,101.30868595610588,98.62674361366957,99.3226341048674,4523835,447330173.8024512,0.007610574701955673,238.59478742391963,1,1,-0.024517202499617075
990016,2022-05-18,98.99579793969838,99.93653497169082,97.65416649563042,98.99122749240077,5499722,583331880.1985749,-0.00021808338398583593,221.2615688711541,1,1,-0.02757054265187809
990016,2022-05-19,98.55224661110466,98.96395611565505,97.01243646310571,97.34309433208341,8256731,875367860.7703269,-0.017468913210559708,196.04887312863096,1,1,0.005591715868048404
990016,2022-05-20,95.71452235497097,98.3705516952442,95.23531362901007,97.54139185437671,1985094,225307634.7439951,0.002740953884168268,200.90721129651806,1,1,-0.001292711909879339
990016,2022-05-23,96.17897108642899,100.92412676763117,93.68749773889895,97.98899806029029,7677875,742615080.0722542,0.003498216232467219,169.55732996350253,1,1,0.03101879925235742
990016,2022-05-24,97.94983751256039,100.21046239585782,97.6108140682456,100.21046239585782,1827654,181443144.2262091,0.02230826110530554,189.66495989097163,1,1,0.029790184471698608
990016,2022-05-25,98.32872754665341,98.82945287412655,96.68480410833169,97.12961813030628,2321389,216439056.1233898,-0.030138010131464287,243.2795319847854,1,1,-0.0008092980826798209
990016,2022-05-26,96.4391444266317,97.62892847887004,94.56051703552862,96.22480993178026,2856512,276828932.13510454,-0.012874438981625167,354.72398726259905,1,1,0.011344196086790631
990016,2022-05-27,96.00357125659606,96.62531964800031,93.99207499058559,95.06342726805278,5279287,568673271.0335281,-0.01418678370232934,207.26442427656198,1,1,-0.04154160446981547
990016,2022-05-30,95.78029530962094,97.62071081006377,94.39034310528577,96.53039654687214,2205223,234884626.22805923,0.017488123806457458,168.0840333557427,1,1,0.016790146541836137
990016,2022-05-31,95.57486298957382,97.0793790862657,91.3809579428402,92.44743882822814,9764765,925682715.8335022,-0.03962981076075125,295.85827918813436,1,1,0.008877712007760885
990016,2022-06-01,92.66302744874075,94.30652671711238,87.86211712906075,89.62190740213778,7866501,607861373.8292055,-0.03206678431466719,114.81039579035887,1,1,0.023945533248923682
990016,2022-06-02,91.29777675199031,92.49382298033345,87.4919615203276,88.49772904276136,2966495,262034169.5211979,-0.011997232534097613,302.88878671179003,1,1,-0.011002645941782123
990016,2022-06-03,87.02566822591405,89.97067847335795,85.34858693943909,88.36503105798182,1458151,136705922.5964266,-0.0004149423990793959,137.70822135653407,1,1,-0.010761034858574811
990016,2022-06-06,89.50794281581162,89.50794281581162,86.21999157202877,86.49099859293065,6218550,522442125.4780866,-0.024982911896437483,267.915277005515,1,1,-0.01058785607998819
990016,2022-06-07,86.6736254578441,87.08353462961337,85.27234607993205,86.34265280541335,671501,53410679.80188879,-0.003072361257220752,186.80995797930032,1,1,0.03726987823885967
990016,2022-06-08,87.1334250805762,88.37605686108617,85.22430749310958,86.3587125688216,5312217,460687972.33777463,0.007162248988077077,240.74571127319481,1,1,0.005334423703388773
990016,2022-06-09,87.41711124459046,94.53115916441092,85.31078942105299,92.90118310541631,1633428,154300231.6859047,0.06951571209689172,421.4581030647613,1,1,-0.043993836743246806
990016,2022-06-10,92.1858619421683,94.10878290076774,91.67174629341083,93.63721710300001,6933823,666307115.2854497,0.01202229094308447,166.4798692716011,1,1,0.015357630318767256
990016,2022-06-13,93.43578033967802,95.9678060611639,93.43578033967802,95.49870504899987,1163639,111406146.25012656,0.019209041618670375,158.06343652928737,1,1,-0.015358212419240937
990016,2022-06-14,94.03482709082839,95.6921515158382,91.4763025567395,92.76429004601142,1818346,190123041.21528164,-0.029691189507010655,222.85755631705996,1,1,0.027564317897248312
990016,2022-06-15,92.52067255643063,94.7435448356014,91.117971777199,93.63836023551505,3882296,402004394.5301855,0.006876567470287705,353.0349928507968,1,1,0.012428511648143459
990016,2022-06-16,93.25110956010398,94.2188670152774,92.20005262352238,92.53857818207301,4742986,405027103.04743314,-0.009243333269667336,230.13170638303183,1,1,0.03188639632654571
990016,2022-06-17,92.75283174934958,93.20260380799951,91.27055099221266,91.6921810400315,2032484,160877884.90509036,-0.00940622651576533,220.48793324303216,1,1,0.026296466545494043
990016,2022-06-20,92.59615858071136,93.8944761490881,91.54955562549999,93.32996020321528,2357559,226965151.86741632,0.016965669736247545,229.39452526632783,1,1,0.023482093080072493
990016,2022-06-21,94.62190090992748,96.15214189742252,90.77090395757797,92.38884929302264,5536037,641882372.0186552,-0.010395431576125614,157.85593127674747,1,1,0.028947863595277075
990016,2022-06-22,91.64770463693999,93.04933152644396,89.25827429191986,90.18775378071537,6522625,613664239.4996821,-0.022849063485384135,230.13628694391605,1,1,0.020090511442928727
990016,2022-06-23,91.34544438331201,92.88717429877508,87.55238010282257,89.9801693976502,2347129,197323875.01879585,-0.003309724769819772,191.82892777119653,1,1,-0.021751179623870416
990016,2022-06-24,89.98538796869771,98.16739215446792,89.21351980234054,97.055234665057,1942015,198614875.63550246,0.0821178069100919,331.0004199016832,1,1,-0.034222497139852
990016,2022-06-27,95.85859764861813,99.12193542426762,94.16395263971775,97.29063041731054,1094395,119124270.55291347,0.004712005243244359,280.18275860481975,1,1,-0.025533845591027997
990016,2022-06-28,97.09636332883976,98.76242592238505,95.15078000432035,96.96096568362104,3744592,315570313.09527797,-0.010457487004508222,142.58566987999282,1,1,0.017751095700819366
990016,2022-06-29,96.69566247206028,97.75385104594466,94.54262723816687,95.52631328087016,4983558,522193099.75527626,-0.009143801351798398,198.64702859275138,1,1,-0.06416557677625888
990016,2022-06-30,95.05371036349064,96.78300309432026,93.17303331871084,95.20912603375994,3097200,318421896.87374586,-0.004325824150331521,257.13418870124553,1,1,-0.002938023097687575
990016,2022-07-01,94.23784095174194,95.44799213756356,93.81226946820534,94.86178228292037,1677151,133328201.87868041,-0.004051647054116878,159.02480435825237,1,1,-0.009883380444815537
990016,2022-07-04,93.66443034911819,95.25211314459216,93.25569803897949,94.2303296195809,10096074,1010068652.2848397,-0.006313781148937324,154.14610837661667,1,1,0.03142608738825809
990016,2022-07-05,93.72253720541383,94.77311482467788,93.15946079663382,93.67889369309007,694096,62517766.45660936,-0.005409442162720518,187.6511803725038,1,1,-0.0057612859112513
990016,2022-07-06,92.88955361069712,94.12800561439725,91.87226033792835,92.92971834732384,5909108,492006409.53610426,-0.010355517543674067,242.55437574178,1,1,-0.01272995177644316
990016,2022-07-07,93.93831557848448,96.60715157034761,92.52134070892781,95.22457894024657,3488722,314567428.8218191,0.024672789721415553,302.31205705957046,1,1,0.03398196857114549
990016,2022-07-08,92.70642945190265,95.80829603413969,92.10240278658681,95.35042218578812,3948525,367044917.3182975,0.001030101106353128,234.03798988227797,1,1,-0.005059598378601819
990016,2022-07-11,95.65570925324757,95.92128653262981,92.06302235609529,92.60214901452305,1743548,179232828.34244084,-0.028701151629505203,444.57828996000006,1,1,-0.009538680293599625
990016,2022-07-12,93.04398411012313,95.54948784750654,91.6711935258647,94.41976186955944,2839616,247122800.8847058,0.021615843424937622,175.24346078532707,1,1,-0.01607718866800718
990016,2022-07-13,93.26292957387984,95.35040669351179,93.14874934927337,94.77140515774063,3708401,330794609.02283263,0.0037275589220220518,275.0958545879588,1,1,0.005409787661511299
990016,2022-07-14,94.64432133363819,96.37460255448711,89.27425903107488,91.18547535007477,2679823,257903233.49426496,-0.04078975519761669,152.6873198227039,1,1,-0.011702975153003559
990016,2022-07-15,90.66332670783467,93.931973937204,89.69822319176193,93.14602493099659,838223,69121161.0000858,0.02485588117425857,362.7714301125288,1,1,-0.011602790007686506
990016,2022-07-18,93.39368756339667,94.77025330085579,92.3236340862755,94.44947910814149,9316675,883375007.7543042,0.014033995735726551,334.9090008720839,1,1,0.03770380800870803
990016,2022-07-19,95.14895013179536,95.91518441612556,94.91780871148976,95.39848564185367,4471219,461125470.1289404,0.007082228680449044,272.5847895433758,1,1,-0.0011552201317618698
990016,2022-07-20,95.73206723873254,97.06162051110242,91.66072963108013,92.90271358386694,2993556,293039635.915002,-0.024314923024638165,124.99446205626992,1,1,-0.014940011830179366
990016,2022-07-21,92.69284134630698,94.6957932098148,91.22745658131737,93.39292862198987,3184990,264094119.90472963,0.006255737702377455,271.78292883401326,1,1,-0.030105160165666445
990016,2022-07-22,91.8840553818008,95.73195476477241,91.11338245776459,94.7217512797854,9217443,819337572.9811618,0.014209112702056464,167.47186518004142,1,1,0.0029937517651131866
990016,2022-07-25,95.12376251818341,96.01791950846486,93.71119810231177,95.12342716657034,1765991,160477552.0171194,0.000995107188073228,251.1248001111681,1,1,-0.01803277496685629
990016,2022-07-26,94.29888618226411,94.55291743300512,92.31820555589174,93.04504841364061,1524357,125156831.60236233,-0.020798260570766013,136.75330609409338,1,1,-0.012724832276367767
990016,2022-07-27,92.35304327316172,93.8311570781878,91.44254198312974,93.11473678742325,5360289,498089971.13325304,0.0014481433750155768,236.87725416998828,1,1,-0.02612382211477785
990016,2022-07-28,93.15776032637504,95.44609638176804,91.32737632552677,93.16137554854812,3669087,374098782.2711438,0.003314592822145235,194.24294573276268,1,1,0.0029489985607598105
990016,2022-07-29,93.22551267065573,95.66383728145328,90.28295957671105,92.46111466817058,1449751,136474853.92878917,-0.010308400258313715,169.66860214607956,1,1,-0.038652089426109856
990016,2022-08-01,92.78633337264354,93.8520109614001,89.76840334397812,90.68548334067924,7003943,615369326.5319954,-0.018313964055121295,262.47202397615615,1,1,0.008898921353154825
990016,2022-08-02,93.115672901327,94.28881443707272,90.48082253293073,91.78911821547166,3733677,322908624.5914715,0.01358883803768804,213.8598923880493,1,1,-0.017664624858657742
990016,2022-08-03,92.75237486586445,93.87402949329471,91.34146518116212,92.1569480857803,1563014,144577004.81049246,0.003382390700350485,203.65235787175214,1,1,0.017361306734933045
990016,2022-08-04,93.5728159089007,93.6744689024736,92.17104545180145,92.5032571364396,4116479,421975478.4119541,0.00115618428005444,274.8197258335485,1,1,0.01094529658572824
990016,2022-08-05,92.64955991910354,95.17394537464581,92.20544902740964,95.17394537464581,3879709,299805763.38467634,0.027750000450677697,398.14706863415944,1,1,0.00037309392356068725
990016,2022-08-08,94.71259158415111,96.03690944238801,94.47377350396303,95.64816794386222,2808281,279663895.9462971,0.009615070976749103,237.30648394087987,1,1,0.020952458882901075
990016,2022-08-09,96.6518174965625,97.8852113452868,94.57107792338303,95.785383089479,4027345,334786023.6400385,0.001181469021461488,122.24557678675112,1,1,0.040663065422149966
990016,2022-08-10,96.46227886957236,99.05469385595772,91.06847282069506,93.27717089474977,4367141,488885585.0551072,-0.029347044741585896,132.3047557386224,1,1,0.03266423079720011
990016,2022-08-11,93.96643517090325,95.88850425987266,91.49187293165853,93.3429441468635,5705824,569256757.1821312,0.0029151582500577438,222.1992810577484,1,1,-0.03886114486573332
990016,2022-08-12,93.81222253154736,94.98673740602602,90.84633589254736,91.96131623436538,3120168,312670236.9965701,-0.01669495219252291,301.2875112355962,1,1,-0.01929773503371412
990016,2022-08-15,90.4649639422929,92.95632418616404,89.63752783818232,91.52134350873273,2486033,216168203.3379446,-0.002841224580221911,226.8996935958471,1,1,-0.01590296303603148
990016,2022-08-16,89.79846190882192,93.49005557765287,89.04479703799328,92.42390446662563,3166559,329292168.0807603,0.007845089580930838,255.7950454510305,1,1,0.015197593169560177
990016,2022-08-17,92.40715122062339,94.45069924914426,90.60170713805593,91.92746380762783,6770059,636228023.6756091,-0.0014801583093058536,213.3487029464567,1,1,-0.01699236081900309
990016,2022-08-18,91.04581778022495,92.50640589721087,89.88327509432756,91.33007315275167,4758388,352651056.5400787,-0.010315434646987484,295.18591276874514,1,1,-0.01808089317265381
990016,2022-08-19,91.87759490102236,92.68213786245404,86.02411979135172,86.9320806445876,2427662,217613206.02756155,-0.0430916126130247,264.4829528137923,1,1,-0.02286962556153415
990016,2022-08-22,88.71345757400263,89.76261730675326,88.15964279155301,89.42416683529892,3073878,286092342.5846668,0.022456007038799946,157.10770354711593,1,1,0.0057771637058828445
990016,2022-08-23,89.21221808291337,91.48754051121841,87.83652727438188,89.97367630192933,8635692,771393427.6759112,0.008075588275631608,250.66040131743216,1,1,0.015088514066916407
990016,2022-08-24,90.60316611805234,93.14281568744852,89.8521447654711,92.25384723945857,5205173,489651098.4075729,0.02436891266629478,132.96707821214358,1,1,-0.036108743593814115
990016,2022-08-25,92.92880859063997,93.45119158928836,88.10044378784534,89.37591124330685,3557731,299629359.4310238,-0.030800536109012712,250.67811564174002,1,1,-0.016770842210378868
990016,2022-08-26,89.2833328393754,91.25258448560177,87.69251598754856,88.9585824834994,6382495,638269197.4952534,-0.0007883337453750097,198.6869864545915,1,1,-0.05505997311901176
990016,2022-08-29,89.54750061147129,89.59654487826243,88.19421795772595,88.64151432910326,1967671,168833557.52351964,-0.009670973925969767,228.78333503692508,1,1,-0.06883223307710834
990016,2022-08-30,87.76112168540072,91.62193578967613,86.67940671198718,90.44389760753427,3890195,349495922.7406369,0.02243865574747687,240.98368460183997,1,1,0.010928735285676915
990016,2022-08-31,89.5179439253812,94.43004359717385,88.65311479514982,93.5573621077347,11710100,1103265730.028428,0.033552852502620294,237.757064053988,1,1,0.006235741039742229
990016,2022-09-01,91.83669680479957,96.27851275308463,91.24012286914736,95.02343544160057,4969677,376874858.32977635,0.01883521619581313,341.1442165399304,1,1,0.002269781014245873
990016,2022-09-02,94.26765044355705,96.6398711015201,94.0541341303897,95.95359471237877,9853378,883090874.7048643,0.007689401679881563,219.7499810668426,1,1,0.04149574172272035
990016,2022-09-05,97.70693114827057,98.57302642024368,95.84788313493223,96.7051352701438,2574228,265611262.9639192,0.010966181199219592,230.84679949655904,1,1,-0.04897898749559898
990016,2022-09-06,95.47943881665556,95.9300915762846,91.81250004755195,92.73694883318393,2057955,170438034.08137384,-0.043831542295936894,331.7747979704264,1,1,-0.06019209203996395
990016,2022-09-07,91.36415161015422,93.82276242454344,89.73110991695162,92.16461608529158,6968242,637457694.3974683,-0.00400335296361038,397.2431744273514,1,1,-0.033661195544688535
990016,2022-09-08,91.89614368180847,92.72125966138249,89.83288494574295,92.29621186656289,802064,71242096.40921736,-0.010364653242526065,216.15820566426734,1,1,-0.06128840789057838
990016,2022-09-09,90.70539591433592,92.48660333329215,89.29685116186396,91.01241369927845,3425409,317973453.6429245,-0.005238347707569404,184.6806876101973,1,1,-0.019519299018406232
990017,2022-01-03,53.08531615713235,53.91568577050744,52.43229594130539,53.20930867035821,5847839,339682420.25054944,-0.010160445795435718,157.18795537741673,1,1,-0.009070693225433992
990017,2022-01-04,52.67519011902336,55.166954409484674,52.42698980765504,54.7276829323366,4720971,233739339.0432022,0.02596882883432314,101.83364679291051,1,1,-0.0002506673701963885
990017,2022-01-05,55.481604958495055,56.510134438770635,54.111923600699306,54.89742392429501,9791805,529472959.33829063,0.007530473653105487,126.13305447113756,1,1,0.01203244780788331
990017,2022-01-06,54.51946053301121,56.02078755047776,52.22850307089989,53.25620451280337,8708631,439386825.9106867,-0.03328467439361191,151.00061858548423,1,1,0.002740372291361034
990017,2022-01-07,52.55646711940348,53.78231645756204,51.619538914721105,52.7215309109658,9428035,468419522.20541155,-0.007542072278229011,133.8877593140742,1,1,0.03340381976449188
990017,2022-01-10,52.993437665137684,53.62171148878489,52.81881245680706,53.435783552348205,7905292,410792500.27233887,0.013397713386625001,104.69745000403171,1,1,-0.03224387773085072
990017,2022-01-11,51.98766029073927,54.28801093833393,51.36870441811267,53.35140110785392,7275115,446418035.82423687,-0.0017505487878552522,103.73096759905646,1,1,-0.0005107326292920935
990017,2022-01-12,52.94890039759215,54.37767488887862,52.2928116426051,53.62256247273917,6328252,329272673.4841692,0.002606392392059138,93.67024218479594,1,1,0.04685542061939313
990017,2022-01-13,54.55408024432229,54.55408024432229,53.3918891299588,53.3918891299588,12553522,606911540.569781,0.0011563209495281572,154.06201714267536,1,1,0.018468340975276252
990017,2022-01-14,53.29107120621504,53.29107120621504,52.31740389889622,52.577802599270164,10061071,506697233.1324652,-0.02002445018346546,98.2290248580965,1,1,-0.00655821878726785
990017,2022-01-17,52.43189153912117,54.09262847367764,51.460941747311104,53.15840836954751,7815332,407469110.61229575,0.011291985259463977,134.9795963749588,1,1,0.016221352646860535
990017,2022-01-18,53.32265760171512,53.855304904054876,51.89609495220807,52.571770065097375,6267326,336393773.0068208,-0.00902294158595515,93.37950958443567,1,1,-0.0031429668173798215
990017,2022-01-19,52.903342013400504,53.34951949335616,50.90298754837786,51.681240205681675,3291638,166910478.54182506,-0.01920419739888193,177.906978034,1,1,0.031491013049943097
990017,2022-01-20,51.41888871707181,53.41283654177502,51.013553980862596,52.717343275735246,2768797,148917904.05302206,0.022901755426069776,94.57262489021959,1,1,0.016734471850997898
990017,2022-01-21,53.20907736005272,54.178857941653,51.22155830825164,52.286582257504925,6033877,316612998.74875534,-0.010491208688134794,120.26978987655964,1,1,-0.02187183879279151
990017,2022-01-24,53.083027857412674,53.201080630274504,50.928200149025926,51.163724354992624,14916326,718578128.5790805,-0.0191065442516582,147.05769478583426,1,1,0.003401323226056908
990017,2022-01-25,50.7631507221755,51.85686177186278,50.30065719598784,51.40208616776022,5239957,248988082.62704647,-0.0019475138231102001,105.78103761256723,1,1,0.00752470961942446
990017,2022-01-26,50.883844249763875,51.996512428198194,50.45070761223929,51.70855350964076,5176096,298309269.0539813,0.008350079875316892,131.55134858476706,1,1,0.008656587921197608
990017,2022-01-27,51.60757003331351,52.15388456645989,51.48744822290155,51.96712237647519,4454640,234776935.37693533,0.006235924638921265,113.73969650971715,1,1,0.0052401246061499355
990017,2022-01-28,52.07332460448435,53.20660313526992,52.03210474705866,52.83516460301221,4065992,195339751.823655,0.019151792702558183,127.63862087951725,1,1,0.010867060109620883
990017,2022-01-31,52.98684990803996,54.11864678212567,50.103220751690756,50.990829730354406,4523876,235545623.55361181,-0.03621990996406649,143.77735518303243,1,1,0.007533852502907141
990017,2022-02-01,50.74820880530697,51.70864941978053,50.654933316738514,51.383065303720684,8568162,438488128.78428644,0.007608926160165899,110.90597467101556,1,1,-0.018547563605877067
990017,2022-02-02,50.64230529836572,53.11468079548919,49.760751843167654,52.29803764156682,6093243,281637695.2602547,0.016838213766304757,154.43262598491535,1,1,-0.012492478368122322
990017,2022-02-03,51.58417565042852,54.821593368881636,50.909761257505494,54.20748388455742,5626057,308811088.53601944,0.03618637918642082,126.85593083939295,1,1,-0.007864838560234578
990017,2022-02-04,54.412485700220984,58.39878151520711,53.719547342396744,57.55025663717839,5682365,304865333.7438831,0.06203486177880884,166.88367140754917,1,1,0.00013418261739615292
990017,2022-02-07,57.24441892565146,58.560715620972616,56.946058180342966,58.4694737791112,8161190,473898988.2247538,0.01573397430358385,103.45828802606613,1,1,-0.007790139850621792
990017,2022-02-08,58.235277495356094,59.40323512252485,57.38495873356641,58.600576835609644,8510695,516394911.8877506,0.003269208127372234,106.89834174595447,1,1,0.023176457967154545
990017,2022-02-09,58.63729940596809,58.63729940596809,58.41214289962451,58.41214289962451,2736650,183970108.64228627,-0.004236196911249172,114.71433797087825,1,1,-0.02401312329154911
990017,2022-02-10,59.64145847870712,60.1998765125579,59.096333652640624,59.53160209615897,5148021,281230872.73725647,0.021165761844787537,96.88755533303355,1,1,-0.041729172550164444
990017,2022-02-11,59.44980582733386,59.841606320288236,57.37515184147231,57.91240558167434,7107343,402369029.7557853,-0.02636919603063509,140.00077512982548,1,1,0.04293890392713205
990017,2022-02-14,58.927959704749945,59.82652380775554,56.28642053497266,57.61090368473247,9464013,536258596.4335815,-0.010977287438675041,117.84487469843174,1,1,-0.020750693692806032
990017,2022-02-15,58.0943454133679,58.76583380445993,56.65586601562858,57.38540993788107,8115347,415754652.2737695,-0.0010639127899949965,98.0052305652338,1,1,0.02311920674504122
990017,2022-02-16,57.681673786985456,58.31846306183589,56.5618441773334,57.40231376398706,11964602,611415727.8657229,-0.0024764034175632234,103.62159429227948,1,1,0.01186997628622603
990017,2022-02-17,56.6686433437807,57.695292234168306,56.3373204970169,56.96876476230729,3608245,218531740.084676,-0.0034203198628580656,102.78276613795471,1,1,-0.01994459353216529
990017,2022-02-18,57.06598772243038,62.41471648591585,56.48421476659297,62.06452411280022,9078100,566833246.9936608,0.08362504439501595,139.94726814016153,1,1,-0.005092593467268345
990017,2022-02-21,61.39205003921808,63.75949229777057,60.48968913017157,62.67338569764532,18864348,1190027558.6221406,0.014517350900417943,129.16194997414516,1,1,-0.008500461439270721
990017,2022-02-22,63.867300624818746,64.78753180450745,62.53060697308923,63.322605053827786,7827092,446593616.03173965,0.0082088969340668,116.69996070209466,1,1,0.006100890621145953
990017,2022-02-23,63.362195312047625,64.02151641172408,61.967804137550196,62.63272285968822,7273314,482442665.9952486,-0.008692907629153068,112.11695793213522,1,1,-0.01960525288144153
990017,2022-02-24,62.46981673784179,64.11598707381185,61.58937343838549,63.17604632156824,9803830,587224986.7919536,0.00840841186718518,114.58676102281346,1,1,-0.006088661849508462
990017,2022-02-25,64.25751023542797,64.95851810735613,60.86199380076754,61.73564122572826,5421749,341598007.9974872,-0.0222522636013741,162.15689861044112,1,1,-0.0029031071191139247
990017,2022-02-28,61.59226538150393,62.59537008617324,61.058940705711535,62.29133738192128,4821774,279687088.8899835,0.009763975944784068,114.68205493631422,1,1,0.02315222287759002
990017,2022-03-01,62.700653838161806,62.96911856117427,61.14126486908979,61.4705705960566,7969698,473355659.5175028,-0.016077841726163854,138.36602544387242,1,1,-0.011454867422882774
990017,2022-03-02,61.830906903576725,65.08338608695772,60.544311633375585,64.29765318234719,3051917,178830214.90162203,0.0480600532110581,112.81379996834207,1,1,-0.02436823778221672
990017,2022-03-03,64.55426586411683,64.92861525127485,62.87541331673957,63.28077201941448,8242323,589372069.2564417,-0.017464523202947526,159.43410316274148,1,1,-0.01451087967578071
990017,2022-03-04,63.084020624356285,63.70372603357464,62.07927629782875,62.90366405684447,9693631,657807437.1921325,-0.00610485945299778,96.77838441010165,1,1,0.006344486159254057
990017,2022-03-07,63.40262767555727,63.9902061348206,62.162855075263515,63.169013897334686,3411346,208343414.8839564,0.003195848593902539,137.1697303545305,1,1,-0.042574616150359235
990017,2022-03-08,62.25050685198351,62.817951917569836,61.730616434636794,62.19788652503317,7788632,502544492.28811145,-0.013419325210788266,104.75965775063347,1,1,0.02533657584276164
990017,2022-03-09,62.79256032143216,62.90305589680878,60.379720302110066,60.44512892210435,6432940,433057797.73350596,-0.024413568907689597,174.6451185739352,1,1,-0.0016014885414981895
990017,2022-03-10,60.38872610226259,61.337767084215294,60.01207182957248,61.10196841931828,14207554,901181512.7658092,0.00845775390833102,134.60754861010034,1,1,0.007858452754807246
990017,2022-03-11,61.97385933215264,62.44952277285411,61.919906363536114,62.44952277285411,13920583,895007701.960423,0.021451137348723136,89.0176092633515,1,1,0.0029626574630455876
990017,2022-03-14,63.0260426984316,64.11582214121933,61.84064914549135,62.692963838473,10414029,803814254.366406,0.0038226813631185323,101.69922821841165,1,1,-0.017316339201429685
990017,2022-03-15,63.104982500797405,63.88258618302321,61.50253250390571,62.782699399675835,13297451,943255772.6152955,-0.0011774705759371817,134.3256448734805,1,1,-0.026805387181893
990017,2022-03-16,62.651864008071385,63.12106698266695,61.66888726716964,62.24812771145569,5960249,327138926.33847374,-0.008154218381262457,133.6952670726138,1,1,-0.018073862878611808
990017,2022-03-17,62.61802193228033,62.98475347985632,61.25470982709956,61.403800590373315,8104947,484931559.04410577,-0.011035634810333686,131.9898589768174,1,1,-0.036500156243370906
990017,2022-03-18,61.79998968461765,62.96036552157814,56.344847120378226,57.663657237722326,6870965,393132245.541455,-0.06572355197245554,122.65343677834046,1,1,0.005914993506335506
990017,2022-03-21,55.39667824026981,58.35820134143337,54.701538600745266,57.466002695417565,4749531,259723846.2855742,0.0021149611058774937,113.01574008284118,1,1,-0.005773843647934988
990017,2022-03-22,57.09060424069547,60.19260982269218,56.49644084436581,59.620829268416465,7226481,456856250.7703869,0.037328952069062074,143.92510988286574,1,1,-0.037147329283638605
990017,2022-03-23,59.69766913155599,60.79362589522381,57.72989506974247,58.637819944586106,6717729,343634668.0928049,-0.014861911478205673,102.88568047792232,1,1,-0.016153052927599422
990017,2022-03-24,58.83581107839568,59.793748892217664,56.97132764517921,57.49299597838933,6892746,341424618.45916986,-0.018605472642489376,120.49581743385849,1,1,0.012866053042578644
990017,2022-03-25,57.88198884226897,58.749490510233635,56.398182213046326,57.27564532691668,6596161,460167023.1159831,-0.004537575396508939,107.30298604889286,1,1,0.02752580779611596
990017,2022-03-28,58.28960607798668,58.64045086375694,56.59363363388809,57.06143544777487,8073465,443734011.60298043,-0.00810197027495301,105.83851881837013,1,1,-0.03141875805230079
990017,2022-03-29,57.14741613759613,57.307899160119746,56.69040999068511,56.93343543669767,11262530,641072927.6699618,-0.0017011346972410416,110.32256342753242,1,1,0.04738894829505774
990017,2022-03-30,55.49903523541509,55.794311838195995,55.11456623576611,55.28038483109598,5364741,276078892.8566655,-0.025873469447262994,105.19606474948182,1,1,-0.023996771846638246
990017,2022-03-31,55.50833385525933,57.09545383974183,54.101993497259485,55.64216100791691,3961357,218131945.8805016,0.004565050223215772,131.23374049815192,1,1,-0.04104601547898585
990017,2022-04-01,56.41656379714137,56.766505706610054,53.677686427951635,54.09197610301062,10804993,572707504.9897169,-0.029231494255280457,92.58417062382976,1,1,0.03814933704771782
990017,2022-04-04,54.10778687309967,54.85093603975081,52.81655219878552,53.350005651125066,9846084,556309004.7661977,-0.008092181743366058,128.58219408030018,1,1,-0.025859248153426134
990017,2022-04-05,53.523213805707464,54.4359481000429,52.79736252929374,53.75309147746375,9123408,447074632.8739629,-8.608967559363709e-05,107.04224815523503,1,1,0.03280539224058737
990017,2022-04-06,53.283923809681774,54.945604250655784,52.56135289982837,54.31634736108986,4488712,225615576.4470763,0.011929952213058084,120.01895244266731,1,1,-0.01725993756821008
990017,2022-04-07,54.79122408544712,55.24611641799495,52.41243898957931,53.21691872079582,6753650,373784220.70368093,-0.01976773141317465,116.01345492856012,1,1,-0.008755519627679838
990017,2022-04-08,52.92870471648675,53.47330789002017,51.760721721281165,52.39459534343482,8350139,435360933.98978674,-0.016221474646487384,109.56107253512765,1,1,-0.031904365033853826
990017,2022-04-11,52.61304423184099,53.37504536561986,51.75507906676163,52.19973321809553,4411049,230601444.08377197,0.002770483058503985,147.0845664564661,1,1,0.02716933708465204
990017,2022-04-12,52.59232533401648,53.03161858508787,51.4459692732535,51.84419532472873,5253836,277246076.3633275,-0.010433788844640435,112.00922202087399,1,1,0.024027204644997784
990017,2022-04-13,51.85506339802673,52.726599568547826,51.507410077197584,52.42668147562184,6565709,320877848.6787616,0.008255748829128846,134.7500780538039,1,1,-0.0171591425583055
990017,2022-04-14,52.478902596871244,52.717180286551624,52.28831640861851,52.38440971607962,12876645,786264781.7296245,0.001722489985135833,135.0489028822026,1,1,-0.0037639655547913077
990017,2022-04-15,52.55504280951865,52.558215688663616,51.99965126110477,52.35147151934547,8102404,447431109.07283264,-0.0021250253571972713,113.9209178071608,1,1,0.01309381495695526
990017,2022-04-18,53.01300546556642,57.88470398638591,52.56725487247689,57.76996128659324,5744758,322969978.92312884,0.1019496073669719,96.1347944025705,1,1,-0.012834199137956356
990017,2022-04-19,57.9285418645137,58.88509490037643,54.038162788059765,54.99002184711938,7524607,379898298.47702795,-0.0467053923360444,102.56725963648016,1,1,0.029154408530854374
990017,2022-04-20,55.567451503469066,56.226875881980504,54.73032746909386,55.664275707557735,5117174,304514595.2331584,0.014208629041056638,148.7535659456337,1,1,-0.004472263296760657
990017,2022-04-21,55.109803103757095,56.1514909240838,54.13354838181084,55.15567201098542,6024089,352308480.07516104,-0.01078668780121477,129.95007907260202,1,1,-0.013933669787316035
990017,2022-04-22,54.61813591466734,56.66189975862816,53.84625663414854,55.63829686309655,9940336,574384606.6760646,0.01329816144681196,122.27988986376502,1,1,-0.03825701871187796
990017,2022-04-25,55.70864094587176,57.93139213227872,55.151754690573206,57.304910144625026,2841838,181702939.59913042,0.02550660152965942,108.28911778246335,1,1,-0.03164358898657772
990017,2022-04-26,57.54725480462539,57.893256531318606,56.245833917092085,56.668384324184736,12988927,688136466.3344722,-0.011619742286119289,160.79021727325795,1,1,0.011411571119391544
990017,2022-04-27,56.72890546066578,57.34680001443498,55.60148041680765,56.14329411169753,19273378,1120137906.289422,-0.008080098290891919,102.81565945906871,1,1,0.0033346706946752857
990017,2022-04-28,55.63163612356277,62.30695443162533,54.861521071476595,61.5264210461426,8369795,532072543.38145554,0.09367210294385338,122.29785020017918,1,1,0.016607678012034565
990017,2022-04-29,61.93964095700025,63.5419127522722,59.074577435476684,60.62381000795894,4996113,278231984.7429076,-0.012931370153640495,130.15709022079508,1,1,-0.014925679024126844
990017,2022-05-02,60.200200945831355,61.297014644425246,59.666084482940576,60.957534379906164,12824132,804000718.2844107,0.005769560800580136,95.34540047843555,1,1,-0.03959444619376516
990017,2022-05-03,61.278620211475356,62.365437333387035,60.18030568422109,61.320145849359044,7986720,464198830.1457664,0.002570169458348157,104.77614642821418,1,1,-0.01340372741925118
990017,2022-05-04,61.25006057980998,61.91430153000418,57.8176667690701,58.241438074529746,5660257,325297351.18254215,-0.04489678221944596,110.35019891132269,1,1,0.04456480062411768
990017,2022-05-05,57.9824160791162,65.03543901550101,57.71836334097557,64.55549851022849,4323116,326142250.75315607,0.10321681298238461,138.46981336191433,1,1,-0.024120543304320584
990017,2022-05-06,64.10444346371868,65.66294019081376,63.01077058550339,64.7482790305076,6010004,349215417.5921579,0.0031446713685092374,110.7252896181273,1,1,-0.0028842582986971558
990017,2022-05-09,64.37402097386739,68.26967658548953,63.037873204189445,66.75193950622725,8150696,534526586.0085988,0.03190804112800558,93.2237636039065,1,1,-0.057259361894631225
990017,2022-05-10,66.6002838943177,69.1196618926758,65.77921727278235,68.19695808223291,10923318,747380303.95429,0.024203383972950927,91.69123205185305,1,1,-0.013942681514449117
990017,2022-05-11,67.5272186237614,67.97800039160906,66.97625961132432,67.48832143175494,8059741,592025147.804495,-0.01186890550368565,104.62247545646092,1,1,-0.011519421440596731
990017,2022-05-12,67.90860654239452,68.95828891269095,65.78584166338351,66.53722167476342,8863665,617608948.310058,-0.011827513206057069,92.36074803248827,1,1,0.005539707058851368
990017,2022-05-13,67.44751297701961,68.48468360719889,65.29701129205364,66.05267600967343,6483567,418533440.8712875,-0.007763697027060789,136.2675601662126,1,1,-0.009323773594355204
990017,2022-05-16,66.68948942291145,68.2098922264561,62.54139868763243,64.16995008215034,11122668,691860960.0889986,-0.02985062176009228,137.18882473451552,1,1,-0.03678731379788232
990017,2022-05-17,64.54278391957756,65.5634903933327,62.688436901337724,63.63458173195295,6088789,411293153.1069306,-0.006326224990918317,119.53802384903865,1,1,-0.017237328444160142
990017,2022-05-18,63.71614345546469,64.58834777644098,63.123573350144035,64.27306431893558,18275793,1177314384.0386486,0.008719339689762101,114.10677287517552,1,1,-0.006716700751551319
990017,2022-05-19,64.38689442258818,65.34484757090692,63.142912978783215,63.98630393050315,5491798,334508696.9363999,-0.0027281847804024296,135.63544469654147,1,1,-0.024837492546646498
990017,2022-05-20,64.03051860520856,65.11120693239751,62.67067268625732,63.70628605238018,8916140,602622037.9243996,-0.007866151958828366,134.67312772762904,1,1,-0.021513783237825383
990017,2022-05-23,63.68193802504282,69.40069380680426,62.62809444305868,68.35319784568692,22589956,1286088919.6173244,0.07084249630437792,100.73610470999536,1,1,0.02094170090254005
990017,2022-05-24,68.68441587483832,69.56569448582401,67.19348346234005,68.68152155071758,12058493,850962116.9372104,0.0036787663432635595,103.16338098849386,1,1,-0.01634455645823469
990017,2022-05-25,68.35854879630614,69.45147047611998,66.96098421937975,68.35014193426309,10673709,665783611.1194952,0.001618148649715386,134.820564437838,1,1,0.008012601971921957
990017,2022-05-26,67.40427781971466,68.15033750800998,64.95196833094887,65.84683161281485,8625399,649590253.1299589,-0.03696390768800126,125.0819584677836,1,1,-0.006098816294944769
990017,2022-05-27,66.15624579375863,67.09928955434525,65.63291960589797,66.20050066441114,7826557,507252949.74565536,0.00374654818394769,132.56095832244966,1,1,-0.030185404022249073
990017,2022-05-30,66.44754207900168,67.50567582113017,64.80566516903504,65.8776768219788,6650854,405474714.83142334,-0.006609721615001711,102.35929621608368,1,1,-0.009667297866292914
990017,2022-05-31,66.06420675186459,67.53405175686483,65.20719009479915,66.76525896077203,5404733,357860609.24629,0.015326836655779861,104.8993215546088,1,1,0.004605054507718013
990017,2022-06-01,66.04521886139146,67.01873339347945,62.23791190156539,63.24560660548523,3672407,201078155.73453322,-0.05492783668756442,129.31113822299125,1,1,0.03767641269175311
990017,2022-06-02,62.63612154319884,63.391744520549146,61.60663169055745,62.421292786553394,10394666,605484615.8954006,-0.012183015898878616,106.1664757532967,1,1,-0.019715430831031878
990017,2022-06-03,61.69658064939132,64.70605423753108,61.24238275012043,63.646697708456585,3721141,231414955.56560662,0.024336946608333243,91.88667517792388,1,1,-0.004000958154116333
990017,2022-06-06,63.574326532384426,64.28702274439225,62.717603720672635,63.728400973978765,10195855,685679631.84679,-0.0023662612769234826,106.4438578149122,1,1,0.018743502275387697
990017,2022-06-07,63.52252266120974,64.31634170547551,62.51322674246151,63.423201978978035,5783679,413767075.713818,-0.0022066333114034967,115.25127088580396,1,1,0.02678241983810965
990017,2022-06-08,62.84018005035561,62.84018005035561,62.72472458678533,62.72472458678533,4662593,308057697.4503477,-0.01234674754862818,159.95104779901507,1,1,-0.016894348851350945
990017,2022-06-09,64.04815290969155,65.40197969060219,60.991924102937645,62.09164410896248,14361669,916058621.3499349,-0.010396241465498073,103.34248238066519,1,1,-0.0056146275293731205
990017,2022-06-10,63.11778928964727,64.09281327983783,61.686572594488055,62.81028693888076,3874869,230197830.65004548,0.009245134149740637,118.13227612708403,1,1,0.023400982619377227
990017,2022-06-13,62.7463732892199,63.511387836602275,58.7816682738102,59.25897491020109,5593592,345865628.90210295,-0.05508593278154357,169.61191046474238,1,1,0.00964801277134144
990017,2022-06-14,59.09047735914427,60.13494200507485,58.5869444731088,59.065790400410975,5726080,313353896.46273065,-0.0023887807970156935,98.89992311120841,1,1,0.021588164110569553
990017,2022-06-15,60.28367832022973,60.54498276045307,57.86393574847463,58.6681627085991,7039387,529665744.41759115,-0.01179875662328341,133.75729100082518,1,1,0.02474431372763099
990017,2022-06-16,59.488644848374825,59.879531826156516,53.230663342199044,53.45073649951737,5225519,271378014.2258476,-0.08347475929305935,105.63711589871754,1,1,0.010614932196172613
990017,2022-06-17,53.059307137036996,55.01689868884869,52.11028638029046,54.36115907755053,14459439,847326767.5249134,0.014632160475252228,127.93535179299309,1,1,0.001232510091303718
990017,2022-06-20,54.32528576364724,55.67557445107151,52.448425197907305,53.66321974771021,3724459,200496045.37618873,-0.013586389861473945,177.906978034,1,1,-0.0173989837654851
990017,2022-06-21,53.38805278114367,54.20113942488044,52.85108836259862,53.545345532691684,52212897,2731678685.287233,-0.0012000270039399465,136.80519551123464,1,1,-0.007637178275296964
990017,2022-06-22,53.392337949013,53.7150601641376,52.79539983659014,53.10070701249831,4727039,234728666.48036516,-0.006185179844053477,122.55375870667186,1,1,-0.006119419481367421
990017,2022-06-23,52.97274838097292,53.85459893909442,52.50130468239927,53.00496811568072,31310655,1535345368.6359742,-0.0017008977118821167,101.35529277448553,1,1,0.02537501772368526
990017,2022-06-24,53.184648204366354,54.04151749881339,52.05415819427192,53.03978547380038,11775489,648461317.038706,-0.0024797615449529842,115.84232312847882,1,1,0.001982675641460912
990017,2022-06-27,53.02452416268959,54.7480018645574,52.41130432357953,53.97812259434682,6646568,392023052.8699736,0.016829122873672536,108.32026423904614,1,1,0.0021992548391544667
990017,2022-06-28,54.00964708367331,54.91167860328607,53.23902684059954,54.015291965516724,7774364,366156084.5480836,0.0028852264942918213,92.99305977682342,1,1,-0.024788732226363797
990017,2022-06-29,54.70426245389893,55.450159752485085,53.075041665568484,53.604178097391404,6061183,322127331.1467668,-0.005093846246479253,82.71820492891561,1,1,0.025500505814443068
990017,2022-06-30,53.36252082920033,55.173110190663245,52.36123767592586,54.16843648323378,8980607,431648322.06980133,0.007843769539249961,103.48467586202413,1,1,-0.019603105595911868
990017,2022-07-01,54.75177039541871,57.54587456984718,53.337538708587246,56.20783883575053,5382561,298632275.1505694,0.03453695962065486,118.74659265665778,1,1,-0.008563813162553634
990017,2022-07-04,55.23740985570817,55.613589189359466,55.18311812039086,55.441770037623556,10074732,624335619.1618619,-0.008647077720515182,144.73289424749296,1,1,0.02790058743127197
990017,2022-07-05,55.59708289010992,57.08576356367051,53.73043907910148,55.26284391034807,7964343,427931557.85298526,-0.00460027975679264,105.14304797120938,1,1,0.018229419777003285
990017,2022-07-06,55.84503337926924,56.74282564595774,52.77087664747522,53.752123768329426,4930691,231867759.79131702,-0.028067378733017737,123.39484958580309,1,1,-0.02148894656016406
990017,2022-07-07,53.98298545537966,56.11446489427336,52.51138045448529,54.67762828142267,8304655,435632324.03814423,0.015127094926059605,89.05755809870678,1,1,-0.026728197561719756
990017,2022-07-08,54.469034918091715,55.428804305642956,53.91278017411634,54.927224379458366,8987010,534464646.9418835,0.007818038965458785,104.02211137957272,1,1,-0.006711158263325684
990017,2022-07-11,55.06398722994592,55.87670847545303,54.20108054986727,54.96040132204103,5321559,310595259.92897767,-0.0014222374486250711,78.29056390046733,1,1,-0.01523587942656925
990017,2022-07-12,55.881892822774596,56.483134249245985,53.7425737757934,54.56561621694977,5867135,274125561.46251404,-0.008978380618515127,175.27046312728413,1,1,-0.03561675273909525
990017,2022-07-13,54.132741403703236,54.80067230575058,51.76062142931315,52.59490282468381,9336500,519419377.3813033,-0.03056310471837401,123.53030641306472,1,1,-0.019281969865620915
990017,2022-07-14,53.02686426850881,53.72154163157756,51.57807060453518,52.21275453108205,12588061,607247426.7620817,-0.007605499682046293,122.86097725969005,1,1,-0.06491026462738456
990017,2022-07-15,52.92345438947543,54.192924617765655,51.99547327906386,53.278179680086595,6727899,357272811.07035244,0.01792121223395621,130.90707896794697,1,1,0.018626664181207453
990017,2022-07-18,52.906414493176996,54.007670211234554,50.180314472109515,51.19908520250711,11054565,542031455.901783,-0.041083193756188324,177.906978034,1,1,0.01718701558926515
990017,2022-07-19,51.96775761936594,52.66193238959843,51.15993209461625,51.72250248301739,12332441,588072296.1073843,0.011530339968820726,110.77420554425233,1,1,0.03019450610267745
990017,2022-07-20,52.666363829802165,53.17889887133345,50.91149355845464,51.4417393658311,14921824,690224483.472152,-0.006890576317882312,100.83868010252098,1,1,0.006029055674839324
990017,2022-07-21,51.87095508044646,54.03743497358331,51.06590481017166,53.113062659017814,8730553,537020618.2237765,0.03823186509267674,168.37186619592572,1,1,-0.012305498588301943
990017,2022-07-22,53.816157479978536,54.347795860089846,51.806063918354305,52.28606387169971,4793032,242250287.59937373,-0.01959910619097889,96.5834484923849,1,1,0.021358482904956868
990017,2022-07-25,51.34148806172152,52.814402420503605,50.75042037125533,51.90754504379848,11645198,607208323.4350061,-0.000865387765370873,149.24834626021274,1,1,-0.018096354248591313
990017,2022-07-26,51.50471418897062,51.81866473569656,48.77284587251594,49.17572722362568,6598997,342962438.23729855,-0.06051404367593036,117.88585543390859,1,1,-0.03239414888812587
990017,2022-07-27,49.00693830651463,49.53096834820061,47.04277828922623,47.77008998794647,9335050,472169090.6012511,-0.02831640521024261,128.63372378743662,1,1,-0.005418695784437923
990017,2022-07-28,47.349753467972945,48.65184187575921,47.06924040383817,48.333380432531165,5543761,288068006.8610412,0.014863530161836653,93.2153441334285,1,1,0.007351384152830075
990017,2022-07-29,48.71288907499368,49.15324486190781,47.46551257449953,47.79188001868998,5250600,272396057.8469185,-0.007268180083700195,177.906978034,1,1,-0.020623910232201614
990017,2022-08-01,46.51879892278136,48.167602028411245,46.2234497312933,48.08475374632247,4822168,282061878.3557083,0.0019000881106995778,111.79057911585159,1,1,-0.026011844711797454
990017,2022-08-02,48.44141168610888,49.05731876559137,46.0348884544764,46.68736257428827,3732657,165913178.7101892,-0.03162830327332451,105.81238229540165,1,1,-0.01158594618140657
990017,2022-08-03,46.35057934982485,50.30130576757831,45.68468547022957,49.3205956196016,5995368,294579677.81017077,0.057884335663960396,131.20344739475723,1,1,0.007371061227892525
990017,2022-08-04,48.72813088928157,49.80778992765995,48.4046784346518,49.50942944359854,4327929,236423761.52880546,0.0009588351189109527,106.84518916309925,1,1,-0.005377573672895977
990017,2022-08-05,50.454685580043794,50.86621575880068,49.85407494949914,50.500664225152455,9651730,450829698.57414734,0.024399562291340014,128.4372641322959,1,1,0.058256653147372404
990017,2022-08-08,50.26926031901408,51.39420032175576,48.97113248191952,49.966398318905455,4097527,172716192.8324556,-0.015163583494591508,96.08355602507741,1,1,-0.005163485197590736
990017,2022-08-09,48.905148137121394,49.85033083148999,48.06802770273749,48.60147842096883,5660008,242321174.93866983,-0.019402494600137633,122.4220387723983,1,1,0.015119378818877177
990017,2022-08-10,48.828320670447795,49.8036315188943,47.904517747304084,48.7081808111103,7211119,344969432.60183245,-0.0003390875660375381,107.61720093764568,1,1,-0.035189962824743536
990017,2022-08-11,48.91341429832169,49.75671051880141,48.602149646772624,49.171986407052025,17026683,902399321.2164716,0.010607581073708745,104.3287711950566,1,1,0.011373679456490454
990017,2022-08-12,49.223487398846196,49.636819412018866,47.20494440103558,47.85676399849889,5211744,238229060.1899799,-0.030694973333862795,101.52658138571756,1,1,-0.01262686415430972
990017,2022-08-15,48.92304424686877,49.37570326444224,45.70316756986189,45.93519566399356,4242969,179546892.38150498,-0.0364051409230018,139.04109711882413,1,1,-0.002261904833443897
990017,2022-08-16,46.02203551508451,46.74831917032198,44.794042308982384,45.444681178869246,3984673,161972747.4603722,-0.015057545275732127,112.4049667465911,1,1,0.03653322118584314
990017,2022-08-17,45.762959264939475,46.03287557181586,45.662776395209285,46.03287557181586,4801726,215632952.78534493,0.013591416755599045,115.6736626706315,1,1,-0.01056624034536226
990017,2022-08-18,46.14222779315195,46.4284319787352,45.06527318445943,45.336020261982725,4567026,241197526.07331452,-0.014141953706162287,128.49484106873362,1,1,-0.03197076133494074
990017,2022-08-19,45.907363561833286,46.70066635269195,44.248099143374255,45.214979536762975,23549535,939811893.5581976,-0.0020835250736571283,145.25207471735774,1,1,-0.028404378667986337
990017,2022-08-22,45.077329249909816,46.63701210500553,44.514777700691994,45.89364005142591,11214132,555535689.2107245,0.016922010344466717,101.84325485529686,1,1,0.0019037844220757601
990017,2022-08-23,45.56073263473278,46.64698666755207,44.599683962481926,45.60747513872456,6017925,300982898.83442014,-0.009517393301264073,124.01258917439908,1,1,0.0006633165933540145
990017,2022-08-24,45.88163350916123,46.940415164230394,44.717902449592614,46.00466425668045,17085926,757056529.8151634,0.010952872221735509,102.08221617482559,1,1,-0.00028745554795137616
990017,2022-08-25,46.3080989215588,46.90008670345721,45.637813264159625,46.40185947476862,5849811,259428476.29410523,0.006070418052526427,115.1843204784767,1,1,-0.03145631689759959
990017,2022-08-26,46.66219809803286,47.251681192134946,45.87111632071347,46.475127939292605,5989952,250249022.3282503,0.00012190019817295918,143.39039974748778,1,1,0.044300054373403494
990017,2022-08-29,46.10511178539329,46.96727602345544,45.318110026408526,46.342373843162655,5388649,235684864.27386513,0.0007489758731859549,79.6728531775813,1,1,0.03144844533340612
990017,2022-08-30,46.652206914611206,47.411629771012635,45.843500131590936,46.78466325094596,11835220,584570502.159771,0.006263445121394805,101.84983158794567,1,1,0.000930045005702386
990017,2022-08-31,45.757681384710416,47.0267807519439,45.180026507707346,46.18429246523263,6775215,377855051.887516,-0.010601814295140106,114.73291377345151,1,1,-0.0368455245582545
990017,2022-09-01,45.97639766288878,46.289195965240275,44.49121400386097,45.17157563883527,15323747,687808753.032159,-0.022722335418976,127.47258489382688,1,1,0.034192081488104355
990017,2022-09-02,44.73333958053614,45.49331188058976,44.27922393706687,44.831735384934845,8826292,442715928.8391844,-0.0037051383274030875,147.25217935320725,1,1,0.023952870382636573
990017,2022-09-05,45.073174768100074,45.884706439733655,44.75812255034033,45.3634931785212,10413882,501001889.03123116,0.010573973202610257,89.11769943328855,1,1,0.00030079808801484033
990017,2022-09-06,45.15834011579584,46.459480380911366,44.523137137395956,45.98167834063944,3049073,138947972.44204542,0.013649434015840638,152.28762277404385,1,1,0.025369823628453265
990017,2022-09-07,45.41921244708223,46.61804140083731,45.14552177694526,46.47734664276504,3229045,171517124.9316603,0.006660510321763158,130.58268783920698,1,1,-0.013358205810171778
990017,2022-09-08,45.93559669008393,46.73677203793561,43.420457738675765,43.877261592716074,3083533,137348645.76750383,-0.052737448723262914,114.54933561862492,1,1,-0.024016132618157226
990017,2022-09-09,44.16424434539795,44.32965059532699,43.531775185929405,44.10683575731051,5370771,275107258.36816883,0.003266208185356724,92.69709499387834,1,1,0.001548677081767319
990018,2022-01-03,50.48291281591897,52.110470780674426,49.96559201047755,51.74745395263254,4773323,252164968.23771957,0.009843816522226575,737.1915091475253,1,1,-0.007006967549536648
990018,2022-01-04,52.36299715519729,52.61092864240645,51.6549232503732,51.88385134030525,14431883,753440579.0942935,0.004322092979854816,356.422467765855,1,1,-0.009535765306257177
990018,2022-01-05,51.70398220887052,52.94987658501008,49.73768696994843,50.84052446510314,16136402,749427901.5876603,-0.020206150264151568,543.439628782006,1,1,0.00272569123777018
990018,2022-01-06,50.20745124222282,51.32070484223737,49.39620018754688,50.53253138678174,4752284,272577527.42401963,-0.007286522958770587,449.2873903655831,1,1,-0.02735868259059408
990018,2022-01-07,50.650987651462366,51.223915083667116,49.62840954296775,49.99071957083208,16403267,782447443.29687,-0.008952836386566588,333.45717846885407,1,1,-0.01051240875512518
990018,2022-01-10,50.0928037605801,55.3169206838669,50.0928037605801,55.07947768672178,4168563,247951906.24550462,0.10364218000793457,351.5637654284693,1,1,0.010225393011184797
990018,2022-01-11,54.226995202692926,54.94077921653347,52.91574725056319,53.703609621914865,6077476,343482907.1874078,-0.026498926609548824,567.5458466351845,1,1,0.012793452089920348
990018,2022-01-12,53.64741545993049,54.755611293958445,52.88452979968289,54.12981534948301,7736395,412618855.5301347,0.005388374787398861,386.53633898103834,1,1,-0.008600534442196694
990018,2022-01-13,54.32561650450407,55.78028179693283,52.8448236937827,54.538377914222444,7150054,424711239.6712568,0.005980904766048839,328.7854591608121,1,1,0.029187271534669684
990018,2022-01-14,54.375146625741,55.728836380181086,51.70012830165937,52.73529918019067,5702665,283930608.60008806,-0.027028940075009934,292.24055459932447,1,1,0.01852743736135713
990018,2022-01-17,52.544717724525555,53.50091100900658,50.75081264698018,51.86590346616475,9458168,470322975.3388453,-0.022085501145802378,425.6158942307302,1,1,-0.016292598673050745
990018,2022-01-18,51.97231056305376,52.58240334973411,49.49101489151496,50.070192555490564,13678920,632060751.9347155,-0.030749811300494014,321.98377071715345,1,1,-0.02602683309612292
990018,2022-01-19,50.66294819710593,51.1568206329234,49.19020112427774,49.86417695913113,3716870,178999495.13560238,-0.004886040488964767,466.301114812579,1,1,0.009880408091599395
990018,2022-01-20,49.736943311616095,50.38085397062431,48.727457624333866,49.8039648049658,8750992,507107195.57199824,-0.004550923998668382,864.0627703600005,1,1,-0.010174375840702991
990018,2022-01-21,49.69383602659363,50.45965810449103,48.718118364494615,49.76899319702717,14250900,727513522.0642153,0.0035174562396899493,454.66593736336466,1,1,-0.013821364641748886
990018,2022-01-24,49.91802569603344,50.897478643320795,49.453760255354695,50.582930974125134,6396944,338395416.5754146,0.016079124264521714,697.9417782273963,1,1,0.002745014289417652
990018,2022-01-25,50.31722635976149,50.953304427964724,50.21958943289881,50.66511278097965,6208655,292607636.843513,0.0023636242960580057,301.3581047647752,1,1,0.012276557625500022
990018,2022-01-26,50.136435708585125,52.470286466363994,49.03411059932976,51.11895409980472,5007038,289046045.1145127,0.0075842564317505435,480.51796634794204,1,1,0.013669234490386682
990018,2022-01-27,50.44955436150347,52.16033407840334,49.94920597703594,51.508246483973124,28130396,1419885207.668112,0.007063816867064431,581.373562289807,1,1,-0.000474591979730678
990018,2022-01-28,51.4826840235126,52.149970042157356,50.15741213722962,50.69806068227956,19331421,979253668.5056933,-0.013760287527728487,605.9370523983927,1,1,-0.045572054458265614
990018,2022-01-31,50.465175236878515,51.02841874452891,49.70227246301637,50.772581233390774,6954827,330916856.1394437,-0.0027988828819970188,585.9713814995587,1,1,0.016788788544335683
990018,2022-02-01,50.565179531508036,51.53633039802659,49.52517665955051,50.43101166086161,16727022,762369616.7312365,-0.0023550998131298445,384.64833558681,1,1,-0.01700892433784764
990018,2022-02-02,51.25398578251588,52.6975241717435,50.276413905579844,51.784974926763134,5901870,324810901.57570463,0.02429203955177999,514.6620738701927,1,1,0.004386194767514092
990018,2022-02-03,51.58234265190702,53.86330535209866,51.07202999003272,53.14260842551655,7444505,397863555.5675049,0.027185137623060275,272.38985091518225,1,1,-0.0038791834956792316
990018,2022-02-04,53.44448314539248,56.19888926353379,52.31892831134892,55.40713138479109,4780965,234683159.02917233,0.04008040098530682,653.6098169021197,1,1,0.041546971457058456
990018,2022-02-07,55.16955726517257,56.67218591802186,54.324797859116174,55.76570922228756,3056882,156250200.60925218,0.010600139692427374,278.40544122455503,1,1,0.03797310149633298
990018,2022-02-08,56.81537175280886,60.28808373414584,55.76888177397549,59.5807813470192,6424122,389552409.3438366,0.06547461110267877,581.0837555848002,1,1,-0.010354875985444134
990018,2022-02-09,60.382443134362916,61.67779933895952,57.53040598460375,58.86164058676584,5743130,409810787.02631646,-0.015704882222857673,541.7017663938805,1,1,-0.02734810799640954
990018,2022-02-10,58.29770665245158,58.902997588354026,54.51317561739951,54.88842901801251,11086158,596217607.47439,-0.06027611427453981,540.5558175142932,1,1,-0.0258465329448998
990018,2022-02-11,55.566599062505176,56.044312009441164,54.10399366136747,54.666050721884254,11755551,642376457.0902721,-0.0051310775364789415,761.46099854917,1,1,0.0036794725508266027
990018,2022-02-14,55.92578184834106,56.105506558114826,55.26261762171668,55.66793109369732,7400926,427381236.62308604,0.012274000899689358,543.3020863467649,1,1,-0.01189599721069618
990018,2022-02-15,54.850190562282755,57.54971774067277,54.22068124523595,56.887718060485696,4444319,276957727.9084967,0.026446543357182824,245.68289759048517,1,1,-0.022865167128793124
990018,2022-02-16,57.34845286685063,58.47956896081537,55.85428325316007,56.968424523023245,5684685,345846727.5952931,0.0009225898039266863,465.6745852373222,1,1,-0.011587373627070973
990018,2022-02-17,55.91866291888849,57.82290769129692,55.008945280405726,56.76131891710365,21889086,1228251334.4099762,-0.002746379913044191,203.566162172856,1,1,0.0071278761427230825
990018,2022-02-18,56.71642555588486,57.88476721259241,54.66393430346208,55.95015277973826,12489974,702035494.0055419,-0.018194034884913248,371.07451642339583,1,1,-0.0030364976359614692
990018,2022-02-21,55.67801655299334,57.59079217157343,54.588565663445046,56.17607722454124,19985529,1093349217.2022274,0.01062115984919011,332.24881860002847,1,1,-0.010794806351626966
990018,2022-02-22,55.37504405098802,60.369500312021486,54.53400871525385,59.66061928358091,22343848,1228832370.8049824,0.0559889672049671,473.18415742333826,1,1,-0.0083853743690551
990018,2022-02-23,60.097960540433014,60.795122349302034,57.32030783340194,57.70864436584252,5879908,345661042.5593361,-0.02745096166296058,290.6705786511986,1,1,-0.00464270693397395
990018,2022-02-24,58.038438702524346,58.78850954654529,55.61634208301824,56.13053293923079,12194389,788219614.2975007,-0.02717164988944493,293.59789489549155,1,1,0.0027399699322079377
990018,2022-02-25,55.66604480115661,56.23746564842209,53.613991661835456,53.88818828349955,4705056,280138314.6936416,-0.040872361906892814,452.111495075675,1,1,0.0038660328817851164
990018,2022-02-28,53.950146133076736,56.945209892468995,53.376173063046885,55.823842433532626,14786575,901263870.6542586,0.03393213891608917,565.9153076298268,1,1,-0.033179602334732036
990018,2022-03-01,56.27839509567588,57.71102268303668,55.12548628907776,56.015260014944936,12381126,759058056.7374754,0.004607626672057661,382.86167218315666,1,1,0.0016662360739707397
990018,2022-03-02,55.34040486236022,56.72854987368385,54.03016816562528,55.69340672276244,2501837,120259746.19071986,-0.005627705075988569,829.643909924563,1,1,-0.008484653325349319
990018,2022-03-03,54.07868560523274,57.634724121970116,53.02692364619097,56.86478470878795,10533950,583064181.8702269,0.021347604003155263,341.138849292387,1,1,-0.020996652346057618
990018,2022-03-04,56.85017232229414,57.61142120408354,56.27705856274823,57.061859516726045,5572272,295082939.86559874,0.003430899573841632,479.83888430231104,1,1,-0.008689250509078145
990018,2022-03-07,56.77722677290987,57.37258469587659,56.012867615290325,56.801123366211364,6972798,438605456.17923623,-0.004524378714572684,428.63300600396366,1,1,0.020661292365371568
990018,2022-03-08,57.65351904971195,58.32990568042245,56.72528482237978,57.49857997787641,5444170,349907239.96595734,0.009915948412160442,341.1974224109704,1,1,0.013989804627990552
990018,2022-03-09,57.30308852213432,57.82641458999337,56.83378767480084,57.34613526351441,12632232,792157156.6656071,-0.0009121500137812726,592.2768719260104,1,1,0.0003321639763075124
990018,2022-03-10,57.698292940877785,58.89675098943495,56.747870121769076,57.9398681204737,5799646,343019463.87920344,0.014476076541029023,284.21181884797267,1,1,-0.018756325516793387
990018,2022-03-11,58.163952216175915,59.96872261487128,57.93858759926428,59.46660842430784,4017187,279685320.9065384,0.020955720690235817,191.26141022237206,1,1,-0.02763589862437075
990018,2022-03-14,58.56576567787518,60.67032641481357,58.0735527642205,60.15343439913773,5414148,306425112.5165207,0.009960563647549287,366.76788546112766,1,1,-0.019614803780537635
990018,2022-03-15,60.26036236891816,61.041278482835416,58.579445314339104,59.239192954062915,7395474,425371153.41830367,-0.013172151528359112,351.11506694497535,1,1,-0.0012996032828723268
990018,2022-03-16,58.549306738452366,62.21350289453211,56.76250360588267,60.64300998793054,10517505,634860548.0148097,0.02571301012365956,545.1949103516541,1,1,-0.0008950253298845844
990018,2022-03-17,59.98365209790249,62.61580473038421,59.13519540582853,61.80657431958921,17275724,935082472.7448533,0.01510457915489913,252.0693286222962,1,1,-0.014038705597676745
990018,2022-03-18,61.04240255510543,63.272935240471675,60.05938269466173,62.35436344207379,11764202,595419804.2372532,0.01314740890764847,455.5174661734489,1,1,0.01531784859959879
990018,2022-03-21,61.71493795101121,62.16852896371576,60.30998929424647,60.627172617492846,11831978,722753053.6539282,-0.029745402100158906,437.4985361683886,1,1,0.005847370191267013
990018,2022-03-22,60.38765746747302,61.8925246841405,58.205077018083536,59.30312148083524,12088736,769313559.8451619,-0.022424821439327475,426.0037208390906,1,1,-0.052432754035801526
990018,2022-03-23,59.152445763713715,59.64889200126494,58.67363368253527,59.438198958402616,12854817,791695221.5013263,7.544978083686285e-05,541.7969229724273,1,1,0.0005618610355224037
990018,2022-03-24,59.630573196744564,60.90048576164612,56.60610814927706,58.045709597658394,15464917,901047203.1661344,-0.022449295110494014,379.5463650518808,1,1,0.012969471431751615
990018,2022-03-25,57.11485405298735,60.01395579569012,56.57437241963031,59.479452798913485,35797909,1849519853.6182084,0.025395274516283303,389.2427167931945,1,1,0.002352301351831513
990018,2022-03-28,59.36858940019732,60.11119806218883,57.12871658691712,58.28862669751606,12265016,739104991.8178916,-0.0213748839212317,444.5015255509008,1,1,0.00962967163735464
990018,2022-03-29,57.797574243291514,58.750818663088396,57.188878378974785,57.582748000274925,10609583,550334464.4006246,-0.007973868941964779,369.7362577928829,1,1,-0.006592138801146996
990018,2022-03-30,57.763702728043675,58.50457913453768,57.344218755037026,58.14191121076826,6251047,369360811.0685033,0.004198897315770682,243.5025809419816,1,1,-0.002786749463481045
990018,2022-03-31,57.954335174564875,59.13945397124623,55.991516022440955,56.59926623440522,10319212,529054173.6386826,-0.017433100986560004,333.57378435326245,1,1,-0.002385434460027689
990018,2022-04-01,57.00889935435794,58.285317663070494,55.32533968125244,56.46705441596662,18152642,900751661.4230857,-0.011275023920205135,350.8706491595882,1,1,0.001999946954603848
990018,2022-04-04,55.85830963392911,56.89190365184768,55.26312014394061,56.14365966797169,3948420,233821490.9562173,-0.0012074744116173303,317.0849616270335,1,1,-0.01265158340631098
990018,2022-04-05,56.17370335994472,56.86439790492787,54.774110892660964,55.46980273076515,17297855,931351088.8526992,-0.014414086702729059,344.1997133687051,1,1,0.0194393175438996
990018,2022-04-06,55.134967397476196,56.28134232240295,54.629558533722026,55.99841853282743,6540190,363818096.65901333,0.0073790950109089825,406.1399481450041,1,1,0.025780289878189547
990018,2022-04-07,56.649945606241786,57.497289186996795,54.51576495778547,55.35784021708386,7565668,426094815.66474885,-0.009686455293011034,349.12159782354973,1,1,-0.01172843232846447
990018,2022-04-08,55.49056133078119,55.492867618059115,54.79216616641778,55.07749904676028,10878731,598755852.1480024,-0.004689300584492499,508.5332470549761,1,1,-0.023970562731924345
990018,2022-04-11,54.89875559894915,55.97926897198193,54.805700551333324,55.865934620568375,5507759,343158834.7732173,0.013314795778060828,511.1843442509854,1,1,-0.02735990809869548
990018,2022-04-12,55.002471130638995,56.04677405971184,55.002471130638995,55.995359324354524,10433360,682037076.9070014,0.00703407021232462,172.83004187838483,1,1,0.006240472792951228
990018,2022-04-13,55.747575355071014,56.938212953682175,55.34880085126954,56.132282478045724,4526240,236579424.01257956,0.002143736924367037,237.0912555944023,1,1,0.0097511859992992
990018,2022-04-14,56.328700994129704,59.41791661493923,55.923509936495776,59.13170787984023,14575749,793302584.6746529,0.05006303607393847,171.33481334678615,1,1,0.006321187693874642
990018,2022-04-15,59.007874607195824,59.570834781901674,57.48306714520675,58.33345254662006,9565602,515153809.2863688,-0.012573981484396073,349.13604777718666,1,1,0.007971933374570972
990018,2022-04-18,58.07718141757601,58.722410052817295,57.71074821314226,58.19923012723255,9013856,420136450.51868707,-0.002070933096853379,341.96681115663375,1,1,-0.012445531485697018
990018,2022-04-19,57.17231898284276,58.11759667013184,56.84623832201456,57.80765437379388,9550994,523040516.5716507,-0.009801732369145237,402.2809913519999,1,1,-0.039740538031225965
990018,2022-04-20,57.19942324845926,57.9070405708681,56.76428952866929,57.54084547560917,8080398,480897174.5440525,-0.004443218719645499,506.5952097391385,1,1,-0.011080827216233685
990018,2022-04-21,57.13136638708459,58.04429764835025,54.45215300165053,55.47140082191928,10923265,556919734.2707729,-0.03196204443967458,377.1120482675082,1,1,0.03021659117874617
990018,2022-04-22,56.18737370585684,56.915439088768416,54.5221271245568,55.2128489748712,7361113,442995265.8203341,-0.007372197810699145,312.8299712049779,1,1,0.0035495378568772638
990018,2022-04-25,54.12296039763296,56.49850378715727,53.16535339107575,55.12457404503232,7564971,335284682.03448087,0.0024208303861763688,381.9766253916375,1,1,0.006616207425827167
990018,2022-04-26,54.7333399735041,55.54484685573009,52.9956594310663,53.59559871744955,2942708,159743264.44970068,-0.027689807065808866,324.4177205181004,1,1,0.01583508508744254
990018,2022-04-27,52.573382806019524,54.32088436522301,52.573382806019524,54.10378831856135,18664695,793129836.408206,0.008075171995966662,233.61640947060786,1,1,-0.01766180541805129
990018,2022-04-28,54.45310276285755,54.706426990388955,54.06774688886982,54.4381278292098,4689535,256592110.25693563,0.0044892836192264715,526.4403876975731,1,1,0.0027562903767175814
990018,2022-04-29,55.16948942313062,56.41578075128719,54.37687584000588,55.525081952009906,20927141,1210320870.618299,0.021192518066061667,440.70721623938164,1,1,0.008299202552611873
990018,2022-05-02,55.715286480178484,56.51309577268171,53.67243729640556,54.322663729688664,7693505,397338211.88297564,-0.023814176976051805,620.0507846991402,1,1,-0.019436320770509764
990018,2022-05-03,54.77015171048022,54.77015171048022,52.68415300727487,53.10320471081766,15957586,823972131.0978782,-0.021536262894494895,253.14236063860872,1,1,0.00545131137052191
990018,2022-05-04,52.604686383158,53.08907476139557,50.63494885640304,51.14695142403393,14347108,699706376.1375947,-0.039009498470751997,223.13238578737386,1,1,0.023334186943460154
990018,2022-05-05,51.25366084612757,51.69686052068185,48.87643437230862,49.400145036777175,14573906,756458416.491161,-0.03305582221255443,279.91461216569456,1,1,-0.00922660829476692
990018,2022-05-06,49.032003244830065,49.52887260228043,47.227132534649705,47.80569932722521,8319797,386745558.0040688,-0.029203676760032035,436.9456652316018,1,1,-0.03459961609761889
990018,2022-05-09,47.83479285016998,48.70975839248014,47.502468518936155,48.232093042187046,4411035,200852237.60066074,0.005013441159990761,509.37758823364624,1,1,0.0017794299445183682
990018,2022-05-10,48.35306074982106,48.678626020338555,47.001802563688926,47.11698254287494,7721930,354067281.0524606,-0.019670075642032332,420.8474979373435,1,1,-0.014138275121113235
990018,2022-05-11,47.11869229649521,47.69551960638877,46.339441301973984,47.01967909543617,7046167,325812102.27292067,-0.0046046437540198755,401.2951433084195,1,1,0.0019424441803613096
990018,2022-05-12,47.2907619583139,47.974341031797216,46.120660463979696,46.6919401113221,8062850,330265213.9828912,-0.005173564758667548,508.62830539165645,1,1,-0.01770142867032224
990018,2022-05-13,46.628606796508336,47.12901266803969,45.519840335148466,46.17383933826418,4402476,180294041.90229896,-0.014679090294955566,328.17001046853926,1,1,-0.00036347274575569883
990018,2022-05-16,46.233404491425446,46.54774289017416,45.345159768192445,45.93315257738291,7145159,297429180.36565506,-0.004034734950307024,544.034911491272,1,1,0.022026049129368036
990018,2022-05-17,46.76235483280049,50.28294851727553,45.85357616035337,49.508363059193584,1631692,78226767.13272552,0.08090859025299846,741.2975824053766,1,1,-0.002067705025760314
990018,2022-05-18,49.82576484929005,50.701134834670455,47.77504796447388,48.72942182940471,7418722,326024832.8434833,-0.01633755955943095,268.3124158831744,1,1,-0.03319409898055801
990018,2022-05-19,48.40767518768204,49.71187771623024,47.929758670563515,49.548613955770925,9141903,456077391.2913063,0.009425772486443346,351.4447170871115,1,1,0.005679140593592848
990018,2022-05-20,48.973080656755904,49.77161356479354,48.585895942999464,49.14456669086208,5582913,279372316.6339894,0.0008548039599713321,240.54675685314865,1,1,-0.0011518317191035806
990018,2022-05-23,49.78374775015361,51.2116033016058,49.12989785743966,50.4726602700139,7456491,330440531.4349043,0.025911295975520356,277.1970756590647,1,1,0.0025594895484674597
990018,2022-05-24,51.28596671752426,51.28596671752426,49.72568543623967,49.93591258782756,9272304,453880699.62299657,-0.010731306537429368,436.0265295044611,1,1,0.017149246840274204
990018,2022-05-25,50.01404711320428,50.031483768366925,48.8714153616319,49.04552062508996,14474416,701781131.9707847,-0.016870033877289317,217.9114984269466,1,1,-0.011614170276685798
990018,2022-05-26,48.53288316970948,49.39955109329706,48.02140411103116,49.02806868076553,14607561,814977817.1444204,-0.000566358429356858,294.9144441930096,1,1,-0.007063768949687555
990018,2022-05-27,48.622244317749086,50.488670687729154,47.85633503269125,49.91541387967387,9916125,457993731.08844954,0.016173709812419043,543.5242649160898,1,1,-0.021296709192524146
990018,2022-05-30,49.94832430413246,50.45059535349454,49.609252066435516,49.97679950399652,8476472,402791569.995873,5.907284263411534e-05,412.12175041707974,1,1,0.002178071524632505
990018,2022-05-31,50.13982771897869,50.63949870759536,48.58343558523524,49.082407434059114,10508683,501036219.4595075,-0.013817873364636402,494.1665707627341,1,1,0.0016746819992834634
990018,2022-06-01,49.64269440546844,49.782501933750716,48.803274152504706,48.803274152504706,22922933,1124431251.6090524,-0.007860205773749298,248.40885684535314,1,1,-0.006520189128145509
990018,2022-06-02,47.83139875553491,48.58514218171477,46.05698035513529,46.73325210183665,11296325,520554718.60923505,-0.04183527653635513,391.26516789014676,1,1,0.012808370793827791
990018,2022-06-03,47.30011896354296,48.249458158121755,45.90660914296519,46.77772775431087,9180038,457945321.7442119,0.001687106825013544,717.4174986563555,1,1,-0.0214362496042959
990018,2022-06-06,47.651970281729476,47.97928005883306,46.84489221622865,47.18809346078894,14871798,780976339.2087286,0.00441080739735924,306.72936749695185,1,1,0.0009031812887905684
990018,2022-06-07,45.92021758752856,47.02078203432442,45.359507726460514,46.27307337061165,8928969,412737603.9377812,-0.015932302319793885,325.0543200091008,1,1,0.01000602033213763
990018,2022-06-08,46.31149782079432,47.04096637430613,46.029682977375714,46.30806472559302,5029560,248729214.50199926,0.0019701901922565697,464.41020673498133,1,1,-0.011940295774094428
990018,2022-06-09,46.78697185891796,47.525272290947946,45.745889719332716,46.34857646671992,10920691,556640865.8630054,-0.0036212753888509846,283.3111319098565,1,1,-0.02790283812561275
990018,2022-06-10,45.63546313498004,47.22826089816054,45.11192160172716,46.727511296716976,9267387,443099124.1046149,0.007429377018494088,485.87812678114796,1,1,-0.0340811961328298
990018,2022-06-13,46.43251003988178,46.98980916229505,45.84792529519117,46.60107981054173,7412480,312362127.88945025,-0.0006849944981262771,209.9732216089515,1,1,0.0014477025117484441
990018,2022-06-14,46.80248725155158,46.98202571299648,45.80059494533673,46.004809580318025,11748896,537413675.4470212,-0.010463963213649993,170.14100959591636,1,1,0.03098760932133253
990018,2022-06-15,45.83222805358881,46.23209579649055,45.7343390814266,45.96777024404448,3123157,143902639.00319424,-0.0021311592526382177,424.8175974359514,1,1,-0.013239300488353792
990018,2022-06-16,45.95022580631483,47.120143794985815,45.05089049541258,46.18279892866046,5865344,272777079.65270334,0.005437085320613813,275.84515765630704,1,1,0.007130389721543698
990018,2022-06-17,46.31966734649409,46.31966734649409,45.45730719889375,45.60548100613506,5308870,241659050.23456773,-0.013696979309419642,316.73132897900734,1,1,-0.04809509218722334
990018,2022-06-20,45.024638149697324,46.126234944383945,44.58089446438245,45.64402567643867,5342153,225615383.8628362,-0.0006845298822847242,512.3875753848351,1,1,0.005632047967646115
990018,2022-06-21,45.08477399285064,45.38153252837974,44.28008918886484,44.778315975548864,7199217,404578061.6904574,-0.017512314768235292,471.0405563477381,1,1,-0.022428989330710605
990018,2022-06-22,44.99735842009381,45.887154772715405,44.556403223742166,45.215548229714436,5275203,241280127.8781719,0.00972055015614924,253.96570420100537,1,1,-0.00908493181601944
990018,2022-06-23,45.50427252922285,46.419045791989404,44.0337979852214,44.67645151041492,20002239,846034882.4566067,-0.010914819717836572,454.91360971945676,1,1,-1.9915589145409448e-05
990018,2022-06-24,44.86072894588771,45.80840698804963,44.48512078749564,45.499696452550374,10607734,506110458.21668595,0.016030695599795277,346.07464387920254,1,1,-0.03341743539911945
990018,2022-06-27,46.096495216777136,46.80281525352723,44.17771478796437,45.031765582580604,5501868,249814803.82646963,-0.00969763773708296,439.6100367438915,1,1,0.058855444252639486
990018,2022-06-28,45.3686264316178,46.29129136006961,41.710282597921584,42.50779819340415,3201921,152631673.8007461,-0.05186761764201892,379.96312969258076,1,1,-0.013154698295881636
990018,2022-06-29,43.4067164021016,43.97686064897677,41.61416629477153,42.047713983972756,5902839,276261319.18101054,-0.010936106426704457,231.5867842929027,1,1,0.010119203714327141
990018,2022-06-30,42.290421682428445,43.780028677956444,42.22528960978926,43.73652654326728,6662376,351302472.73046297,0.037146049083037765,301.5293113620772,1,1,0.027121951970083928
990018,2022-07-01,43.89187469068192,44.44898513404072,42.263370815428516,42.869888289367715,5696893,237687806.00890484,-0.022363054458910663,170.91353120430833,1,1,0.004094667707387202
990018,2022-07-04,43.059008696410736,43.61308630832756,42.45404815032791,43.368205966860906,32464648,1563781038.191335,0.011228371728392248,406.89504498432586,1,1,-0.025103548613943996
990018,2022-07-05,42.94230208697651,43.979831636096215,42.42523776567523,43.432370543514594,3349330,146013444.37706658,0.002286891127552489,436.66012922516086,1,1,0.0004376906602572806
990018,2022-07-06,43.12458638902099,44.03967742136176,43.02783830136225,43.868085447402386,8417495,411826696.19473124,0.011878151372323639,302.40657864475133,1,1,-0.03681269786851045
990018,2022-07-07,43.60828158957823,44.89135253123255,42.67457739918226,44.434838545714506,7289758,304412830.9456738,0.009656162650672402,368.0445387061699,1,1,-0.007888259867216581
990018,2022-07-08,44.18611237376257,45.07268452728635,43.6242473181177,44.563753670527305,7224122,305740232.66239226,0.007295053346263823,276.3760896433035,1,1,0.030658686621174075
990018,2022-07-11,45.68242558515256,46.22621326281977,43.16415972391854,43.90659801599753,2786337,121743749.31060344,-0.015498624421464035,581.5218057162346,1,1,-0.02862595538533348
990018,2022-07-12,44.75393784101723,45.8714611866156,44.450689194416384,45.14334223420819,8326203,358181449.6984894,0.03039460495294482,249.03988555466924,1,1,-0.01735628755697272
990018,2022-07-13,45.17632933463542,45.92621050798605,44.15338462438541,45.007279988821736,9463425,426000401.9666791,-0.005160197358364876,344.8276248186564,1,1,0.034051185854414495
990018,2022-07-14,44.81135048510423,45.591421096844144,44.81135048510423,45.49415729094854,13291003,612414699.0140016,0.011863489065664319,248.01736107628938,1,1,-0.004878961836061931
990018,2022-07-15,44.39605987591251,46.10017522412823,44.12991465132934,45.5894082176402,11345176,493380015.9824933,-0.002700789543612261,413.6880698471873,1,1,-0.018691108462610396
990018,2022-07-18,45.02075684648319,45.40694474876725,44.69527057745076,45.34691547805565,15601796,685577855.8582599,-0.004928460158827224,540.7366565452644,1,1,0.005937910676249018
990018,2022-07-19,44.845148324065455,45.46552781943306,44.41541713125592,45.00096213057705,2418942,119863010.46487026,-0.005093412783568409,191.25206230596635,1,1,-0.010533910937613127
990018,2022-07-20,44.883715972072,46.17901951893396,43.47317773142514,44.85675941614672,6826729,321860011.01930785,-0.004008430309768758,475.74272019243796,1,1,-0.05367471078407773
990018,2022-07-21,44.63642337954545,45.440008962240015,44.30704628001444,44.91877517748539,32755850,1588402632.8339558,0.00353038695991261,658.9505873996696,1,1,-0.02765180987889442
990018,2022-07-22,44.97396182527486,45.53015887873373,43.96562334958475,44.24362054385733,13902541,754841222.3741461,-0.011204353393043143,399.33878337946044,1,1,0.037955747097304246
990018,2022-07-25,45.02349328254044,45.04847392107702,42.47767774594022,42.641933038714626,3650342,169736981.5196014,-0.039626686976566315,305.4162137659177,1,1,0.004765709985037375
990018,2022-07-26,42.42914870767345,42.65328776888868,41.52786798361404,42.108308108907245,8847065,404069197.7734333,-0.01549268417370586,377.6995187460788,1,1,0.02656559826916106
990018,2022-07-27,42.54003437895899,43.08360708611015,40.56354149720337,40.99636410743758,4581593,185531520.85292324,-0.025804038862144694,318.8662113992155,1,1,-0.021292330287254208
990018,2022-07-28,41.00800484765771,41.35496567843647,40.29259534182775,40.55527707853471,6719257,271548340.22364146,-0.009115294458537716,736.1993901617991,1,1,-0.0025905525541206685
990018,2022-07-29,40.76928234614722,42.07305726916083,40.03146557404645,41.26504791279024,24643002,1121805788.671858,0.015201964376435154,505.3266022823689,1,1,-0.004776440246931417
990018,2022-08-01,41.08564955029539,41.84444008296968,40.22692935527898,41.07105020841093,13747655,525045973.9932617,-0.0022897096893365397,516.4739592512143,1,1,-0.01204081807791326
990018,2022-08-02,41.29085445516541,41.66101377491152,40.429074835965444,40.64961208725933,3940406,147099397.79163465,-0.008930354209822848,784.4925475477073,1,1,0.002502035828884295
990018,2022-08-03,40.85861908074382,41.57251515157655,40.06265706559909,40.78608791162699,5501295,228690987.79530022,-0.0004120931613103964,598.8555797658735,1,1,-0.022935077197493228
990018,2022-08-04,41.27031138166364,41.740041694693254,39.2287555223373,39.64085298027641,8463621,298890146.31138635,-0.02544890539060815,367.3475727089527,1,1,0.021685466538662778
990018,2022-08-05,39.9244507985295,40.12392254999702,39.5415525940694,39.73513375906883,7575608,303162056.488091,-0.0008995566076223009,385.775909926304,1,1,0.007436291993927269
990018,2022-08-08,40.03828654696211,40.281636845967306,39.69834204638501,39.86406107428006,10442142,378721974.9505207,0.009337191113126517,839.8563808024292,1,1,-0.004876407461168915
990018,2022-08-09,39.681299385278685,39.93289598568144,39.372644919779894,39.53962944179243,5382262,227525894.893477,-0.01097467925750881,298.9080890796362,1,1,0.0010246400514672992
990018,2022-08-10,39.972414311713756,40.79536965887222,39.39746474902074,40.117118310320585,7229911,270119978.67890984,0.012240621909213285,361.2433762911531,1,1,-0.007338538914337536
990018,2022-08-11,39.59470746628306,39.93377871251818,38.04293140934384,38.30919987604145,5325185,232317870.56260714,-0.04486889285870249,272.81501448823127,1,1,-0.03462208979060249
990018,2022-08-12,38.00687594967403,39.3160370926056,37.2233589512737,38.594746274984644,7214114,236081793.38303775,0.00889503946178121,208.46252812872848,1,1,-0.020552826576270028
990018,2022-08-15,38.76553180453003,39.22154106455938,37.227891406724375,37.63557869506398,11649543,505841286.8800132,-0.02584336846003734,285.216215432758,1,1,-0.004991006401451166
990018,2022-08-16,37.14339377238022,38.557514882344705,36.64038408544326,38.1654678962847,9760663,381573806.0024087,0.014377860803679402,287.0908095748874,1,1,-0.008307112631694718
990018,2022-08-17,37.921599312354275,38.626150833214474,37.54442286661114,38.16959943321456,5772165,213461927.75914565,0.0033767312066315695,310.51929316637245,1,1,0.010898214346625322
990018,2022-08-18,37.94620568293997,38.70967568177626,37.064243340751844,37.96340152190845,16017634,615086910.4763498,-0.007642451011795258,469.16684445740674,1,1,0.009223775915750554
990018,2022-08-19,38.2284157542374,38.63184157987049,37.08823842570901,37.483866394039396,14509522,587545512.1708567,-0.013798074168200067,381.0123258878878,1,1,-0.012281786401558515
990018,2022-08-22,37.44600838054783,37.62925177280903,37.03783447423841,37.3035932469679,7714406,304793587.40809023,-0.005363764251814205,535.8575389490267,1,1,-0.01990603401571094
990018,2022-08-23,37.66852263323838,39.255459852235894,36.94922655897881,38.70520821974599,7461874,258573027.70325857,0.038758958134537766,402.2796109500602,1,1,0.012957002755706794
990018,2022-08-24,39.37888295825737,40.49224755306333,38.79687041847309,39.93386174695967,22062810,917641677.2249677,0.032749577293689235,406.0659569401146,1,1,0.0020999921098704627
990018,2022-08-25,40.17970129628718,40.73044588590204,39.86780058197954,40.389662069951974,20055552,758269796.1969686,0.013001052928694374,347.0992205678845,1,1,-0.013467202018141344
990018,2022-08-26,40.307999486965784,40.69678566752672,39.710440078197564,40.34602416215717,3941525,149305051.36629242,-0.005244199209660765,731.9603705894827,1,1,-0.023457326448453532
990018,2022-08-29,40.356625161707626,40.521519974587996,40.356625161707626,40.521519974587996,16043915,653236158.4023134,0.004570305887813262,332.14077426870426,1,1,-0.014508553096984227
990018,2022-08-30,39.93775042312388,44.189041903706276,39.60074537666474,43.726724497078045,21256654,940514862.4623005,0.0783570340036792,519.274325944205,1,1,0.005990622265468056
990018,2022-08-31,43.62498050261445,44.21596359855668,42.57625445621322,43.185089014629845,11006568,498973213.3105349,-0.008297974295162032,257.8203459750865,1,1,0.03084899126593845
990018,2022-09-01,44.477783695015106,45.0635249710126,39.18438937204075,39.81553961032807,6146677,243591972.7476145,-0.08023866452238135,352.6896632425738,1,1,-0.005602210693397137
990018,2022-09-02,39.652909089629354,41.09757189384192,39.54597611874189,40.85537550858819,7253361,269087863.4857981,0.02778973879864826,746.8877441818114,1,1,-0.017525682540506467
990018,2022-09-05,40.95862647176031,41.341170857390466,39.194375614272914,39.443245472140674,20876577,816802029.0198764,-0.035990350189021594,480.68808250615285,1,1,0.03987965080014528
990018,2022-09-06,39.3509704329037,39.97071219260132,38.352314828774176,39.11640567742059,13771566,566810253.0951538,-0.013926567917867049,239.75388813999928,1,1,-0.008673502561043805
990018,2022-09-07,38.81633983078926,40.10342996042327,37.980405786159004,39.51113584394958,10649575,432840701.89323974,0.014130324393400371,271.09430214216206,1,1,-0.01677916375061465
990018,2022-09-08,39.4839415333532,40.07387357847502,38.08648905772888,38.53579675841752,29228580,1116221176.1565561,-0.021443622633176302,652.5244049377675,1,1,-0.009353418109222546
990018,2022-09-09,38.05407846505366,39.486832904377,37.64091116748956,39.05082984540084,4603396,197318404.86090344,0.012345077084089221,393.9661674872035,1,1,-0.010309586799496517
990019,2022-01-03,76.8406271849995,78.92104500982641,74.7099210400037,76.45386001329514,1915744,170730621.4641423,-0.010290530436555739,79.30185857193605,1,1,-0.044302587413316497
990019,2022-01-04,75.66681232476404,77.03707938452477,75.66681232476404,76.87382030385382,3658511,275191739.06173956,0.0021798033010555834,76.67127529613745,1,1,-0.03704251758000082
990019,2022-01-05,76.4623286666917,76.66943094061111,74.99292275417594,75.21614395004099,27782692,1986635466.999084,-0.025260049891711753,125.16506400520987,1,1,-0.00869008232099026
990019,2022-01-06,74.94205751057446,76.0593482053572,73.05582190869015,74.52631265452838,5436679,361779823.8866422,-0.007039588507665949,82.64153236371524,1,1,0.020205307584266228
990019,2022-01-07,73.79059217071244,74.70727132566486,73.27544104012485,73.94919360109517,8921718,688997246.800026,-0.006768179625285766,46.020359712977196,1,1,-0.023308469240748055
990019,2022-01-10,73.87877282395763,75.39554690042127,72.39838296140842,74.12758892432592,1995174,125988476.05001546,0.001052968639143397,139.11054743125104,1,1,0.018086458319309027
990019,2022-01-11,73.94526380334007,79.81568704282033,72.63163455043923,78.02927761105069,3830194,313864043.47077954,0.054531412974439857,160.8003166957482,1,1,-0.024565066466838235
990019,2022-01-12,76.83257227316763,78.71893520992046,75.56128949848639,77.8142422512869,2704065,213392068.97919416,-0.0031025921373503923,111.32062048564497,1,1,0.0032750100634620785
990019,2022-01-13,77.2840809178782,78.329575968967,75.96909754421317,76.59415070601146,10836927,810876825.5977892,-0.01477180861807307,92.6256568496244,1,1,0.010965774710317292
990019,2022-01-14,78.13497810975142,79.416651547674,75.4220597116958,76.93635802481332,9387429,720564821.3448608,0.002643964566164443,68.94445297802083,1,1,-0.03587899701823546
990019,2022-01-17,76.56305749085877,81.96941957907046,74.07713325063912,79.73609801030028,13861958,1005743839.5415885,0.038493647378613695,70.69803522712839,1,1,0.010397572266417538
990019,2022-01-18,80.19911252881626,85.0429119534116,78.48786757279447,82.93576543671342,1844040,170853101.19875124,0.03966849400917804,152.47036659260684,1,1,0.0470814784379795
990019,2022-01-19,82.42064826493139,85.36196416136467,81.64223581305552,84.52894052344458,7302018,638100713.1944119,0.01677963061433255,73.28637271655323,1,1,-0.0074399561019787685
990019,2022-01-20,84.4374103261682,86.04113004140083,82.55643037641337,83.92960856166562,5077112,370269336.9741627,-0.004958089009918924,222.42337263820235,1,1,0.000799210921398751
990019,2022-01-21,83.35383330196126,86.70085653834245,81.53591949654096,84.69065783402075,650450,55744630.21745226,0.007536538635012968,145.22004443119425,1,1,0.006119869204355757
990019,2022-01-24,82.53448157956807,88.97763371395635,81.67404887945754,87.64858945083982,6877626,642022589.6846946,0.0347553773409775,113.6460622211373,1,1,0.0012258664635387381
990019,2022-01-25,87.10927766283217,87.77041211514452,85.63096201303625,86.81574418342355,13184464,1348822051.7324836,-0.008066351088389557,294.59702797843204,1,1,-0.0007763214818566148
990019,2022-01-26,86.90180749190012,88.49245641435259,86.29061615820164,87.63536429991694,13996321,1642774941.726322,0.009992067950350167,165.52941379080173,1,1,-0.0031000129468157986
990019,2022-01-27,88.29108170113687,89.32723814162324,85.00449368130438,85.92715954876748,4249179,374509474.74392784,-0.017584490786345105,83.32942625168201,1,1,-0.048633560773927206
990019,2022-01-28,86.63499681118975,86.84013711671827,85.93333680832744,86.10335115379226,9287316,822694861.558978,0.001601843764598088,65.56272269914882,1,1,0.01212070257401894
990019,2022-01-31,85.77602957746406,90.79765443149708,84.27090036718668,89.28508528295487,7350293,681616384.4866793,0.03341977040718208,83.54605003176313,1,1,-0.03382486813191068
990019,2022-02-01,89.77638205485398,95.8117429097865,88.2022247706439,94.19465355850959,2589835,242281846.548287,0.05502651513410914,95.10441431835447,1,1,0.00982178464244815
990019,2022-02-02,93.32605918289462,94.49993132955771,92.63577984149674,93.38214280686582,2335297,203020673.8796128,-0.005485973996581556,72.99184517266761,1,1,0.019585488103906784
990019,2022-02-03,92.78375311248841,93.90902665695896,91.37414408973642,92.59949334121282,5085848,443862962.54641515,-0.01112826118776239,62.939828729104946,1,1,0.010736261792279597
990019,2022-02-04,91.85638131002912,92.21512579070293,89.56375309161984,90.0592128992147,3762320,333511285.3060633,-0.027082886369039116,108.97849117657913,1,1,-0.02807212344810466
990019,2022-02-07,89.24470184141434,97.2041286741921,88.30116884730005,95.78328559894638,4614379,533398328.7311309,0.062032093698291366,141.68265398999608,1,1,0.007985076300684464
990019,2022-02-08,95.23808206405677,99.17197694118605,94.27746099855804,98.63350857719182,3210577,305280893.32850695,0.027234762608620008,209.0342614918583,1,1,-0.007924066145617765
990019,2022-02-09,98.35901627999775,99.84871099542391,98.31498616945271,99.66697403609054,6140744,544502994.8971462,0.01368880434127223,102.23194337470507,1,1,-0.01923726826881107
990019,2022-02-10,97.97524605124332,103.54874358595703,95.10928236696566,100.89839191828568,1971865,206722859.85097495,0.014921386695918823,126.31671916478922,1,1,0.06055431619349027
990019,2022-02-11,100.90645212059155,103.16008116284074,100.41696601202099,102.9385205249246,17575719,1616699712.0991127,0.01729761300281956,46.85194912055568,1,1,-0.028508796257991263
990019,2022-02-14,101.64342961299849,103.49161301881605,101.64342961299849,102.91009488885096,1027904,109191594.52176091,0.003300983427935818,140.00893005808777,1,1,0.013377487273536829
990019,2022-02-15,103.3185507802718,105.36896750801112,100.15705757147599,102.34600317440795,4334773,465374771.9007645,-0.011943579941106121,65.95699923026697,1,1,0.044381594809750353
990019,2022-02-16,102.5277112213772,103.80434536163956,98.27679074725928,99.64398362214396,3673870,343134253.0733994,-0.019670808761265826,112.06372452625104,1,1,0.010011266559348857
990019,2022-02-17,98.84094067929851,104.78034428459455,97.85906285334,103.96956821057526,4180556,461296896.8708059,0.039939074979048514,97.41486784049256,1,1,-0.019996959623196836
990019,2022-02-18,104.3531538059684,107.8420850967462,103.73736540563213,106.83564165857507,2369237,290439938.7621013,0.028463831049000462,89.91563530300799,1,1,-0.01807604839128381
990019,2022-02-21,106.64576000175701,108.29091426558284,102.99241844828393,104.7387556796724,1424162,162905240.84991357,-0.01881175137754301,54.40443882534722,1,1,-0.04350732039188295
990019,2022-02-22,105.65647508755283,107.25229617762179,101.8080981638973,103.22017932709424,5960376,628096576.5387974,-0.014374564676196761,73.03116886060477,1,1,0.0013112676532934914
990019,2022-02-23,102.56297853463262,104.32192141931479,101.75274697269886,103.71632227295142,4412779,413150799.00488335,0.0011222086893209714,67.42308283666871,1,1,0.002417221637014192
990019,2022-02-24,103.89246597562244,105.44861950353176,102.06033152640572,103.96312930541458,6480380,677797756.7963294,0.003972307112086582,78.00090302251724,1,1,-0.00903802383713173
990019,2022-02-25,104.45015095810864,106.20943975359664,102.36096948191346,104.05819247950691,1231775,127973767.18548352,0.0023537545305007757,159.44713458470096,1,1,0.041315659847662896
990019,2022-02-28,104.17003509456357,106.3393908299888,101.27471587170834,103.76972977870983,19604899,2098491768.8573198,-0.006517809604366543,85.98423196418462,1,1,-0.0026221109751498215
990019,2022-03-01,105.45480543371536,107.0798781562097,95.51663654006734,96.80088933091082,4295917,432656906.4781129,-0.06370279263629382,75.5562859421718,1,1,-0.04811011351597615
990019,2022-03-02,97.20844709738948,100.7682590820847,95.61162338542154,98.97398664609094,393528,42801919.324060604,0.020706269665675386,128.72854408333464,1,1,0.044102188065071005
990019,2022-03-03,100.7035761804864,101.3910445140339,95.5372184555327,96.26351566309117,5479408,519006369.6091004,-0.023337948663226298,113.05003105271373,1,1,-0.0360345470488049
990019,2022-03-04,98.856331561147,100.66596942955881,94.92880302453598,96.21726528386317,3487356,334168515.05734,-0.0005875282954209305,224.1798669994128,1,1,0.014966023692508105
990019,2022-03-07,94.83095046737093,98.70997531975723,93.45130317923795,97.27018636188164,1791189,178757463.16862142,0.00691172294905363,148.85129085392947,1,1,0.018909337119998065
990019,2022-03-08,98.57981851410777,100.01239195256679,94.26088319062454,95.92719237110248,12926402,1301653319.2591145,-0.013015036885661326,44.29488253465509,1,1,-0.002651166829367961
990019,2022-03-09,96.43706876762297,97.42469051893104,93.90299668866723,95.56233815174858,9607563,1014529098.4151589,-0.007451148305582701,137.03507090387268,1,1,0.027823292032470595
990019,2022-03-10,95.28243689944067,98.12303390416169,95.28243689944067,98.0246169382456,6410884,645268565.3920912,0.031625551700624484,130.63583047873306,1,1,0.0020783781461022888
990019,2022-03-11,97.30039299888954,99.11537833834403,96.46052670550633,98.41679656486062,4729878,502259685.8135156,0.001231443839199205,193.07063676374216,1,1,-0.011040620369655103
990019,2022-03-14,97.38212374126398,99.1570485175363,96.33808662188626,97.9310580020159,7210165,699912665.4349823,-0.0031008088899170836,91.50218259625638,1,1,-0.06291448844194869
990019,2022-03-15,97.10009009628617,99.23021977853287,95.77400175433326,98.37576124763653,1216141,135613831.23264343,0.0023468376915343693,154.03391254863422,1,1,-0.052297207802033084
990019,2022-03-16,100.27415166545526,102.04085647784731,95.7884485269461,97.45225718012605,5295440,586157720.455439,-0.00923040012530047,85.91781158604763,1,1,0.08259265375433972
990019,2022-03-17,97.76841071686968,100.6058188835689,95.81691059623486,99.2698336804048,12705178,1299649610.512768,0.020273395656108955,111.41750059305134,1,1,0.021906325538393914
990019,2022-03-18,97.80540785316852,100.06622173926964,97.21635490154804,99.03043667616522,11631414,1034513225.6355829,-0.0009868836391067476,64.73732584405332,1,1,0.03757804990457921
990019,2022-03-21,98.05334552984276,104.82329596001607,96.68196006278029,102.85094342452892,1987041,197650869.1175615,0.03774493878327161,56.872381708107554,1,1,0.07546127037158411
990019,2022-03-22,100.57888863166893,104.75028371212333,100.02612215383887,103.66714966179943,5507240,656380902.5920275,0.009498710135815772,140.6283802488618,1,1,-0.010956952291682587
990019,2022-03-23,105.18011424422122,107.115196507584,101.88839168814437,103.39923258109063,1933811,165272836.80090994,-0.005529751871651323,99.26476182230552,1,1,-0.004288202693458112
990019,2022-03-24,103.3879432386876,107.40999914710278,100.86356959848008,104.71017065213498,5233692,500964359.5280235,0.019142550010304585,59.07548605018667,1,1,-0.04966146182798852
990019,2022-03-25,106.13722356494084,109.08952919995598,104.60483249474365,107.69521497458825,2303314,274240734.31210315,0.023919798604867107,137.55004994216117,1,1,-0.008751040436650783
990019,2022-03-28,107.83249652061633,109.35476223604451,107.10323810100957,108.47276986564674,2190217,247644090.46821097,0.004233464496779869,32.628853979268044,1,1,-0.009540093000244738
990019,2022-03-29,109.13315195198942,110.04089150344917,108.4602980278606,109.47031103629918,6298538,748549310.7805315,0.009244432683937778,71.48634796773075,1,1,-0.011791730693316217
990019,2022-03-30,109.14617616492724,109.27022639669559,108.13979022985957,108.34691488124378,2604369,305210638.2776165,-0.005312747036507524,50.62811005082571,1,1,0.0315817363244424
990019,2022-03-31,109.08367076283888,109.93424504748276,106.38217551628361,107.42262713340733,2535198,254686890.5586107,-0.012878286753700004,160.52198057098545,1,1,0.021484905533526815
990019,2022-04-01,107.61816483317206,109.17306136170062,106.29453521445517,107.57097770875599,6309654,739362845.5387431,0.004841819877175092,83.22417204044746,1,1,0.027647681558105906
990019,2022-04-04,106.54898460482843,107.58732017146394,103.93698150257237,104.64380158643775,1469806,136359036.10705027,-0.028696918950394387,102.32297532264806,1,1,-0.03670817075525676
990019,2022-04-05,103.9835311028,104.5383544773868,99.36685542669628,100.17604599690296,3709785,356854813.0597387,-0.04488237748474382,112.0369205851607,1,1,0.0008325521516726608
990019,2022-04-06,99.53400595759892,102.78984215940298,98.99145254848523,101.24150478329757,1241923,155523737.7372109,0.01416197794614633,137.22295904621208,1,1,0.010296991962391155
990019,2022-04-07,101.7338225302701,104.15303559694271,100.46414206791941,102.90165079632219,1354921,144850468.62163505,0.011528851681354308,131.11822075747003,1,1,0.056137269301636455
990019,2022-04-08,103.97301177702504,107.83624781687556,103.1105013595481,106.98700123223473,11870864,1354007455.5627642,0.04213320438402984,136.81873864405114,1,1,0.003473690135216828
990019,2022-04-11,107.11693973485049,107.94477849509906,104.17381933870222,104.7888182762825,3394033,386562780.98664206,-0.02094902925090909,89.06262392004881,1,1,-0.004959226299312098
990019,2022-04-12,104.81877339248575,104.86872986416802,104.01439201518257,104.01439201518257,2677957,228555166.1784756,-0.008607679211869383,139.69945007239465,1,1,0.03263858169523885
990019,2022-04-13,104.29882727590453,105.95808763970203,99.5460156706218,101.3580040183878,9548837,935245180.100396,-0.02517534485905862,76.0924069742074,1,1,-0.007803148914906388
990019,2022-04-14,101.10779650691285,102.05561490574334,97.75002409344319,99.31106800162402,18164881,1885476140.93496,-0.02002441543983229,84.29101103706022,1,1,0.01409789436133111
990019,2022-04-15,98.77345700549503,100.56369915230121,97.89466492675433,98.71961508434178,6238389,555744321.1914291,-0.003047208236840192,53.244461803834106,1,1,0.013206636448759506
990019,2022-04-18,100.24655866404368,102.57581183887616,98.49764162057222,100.86121045536619,11051991,1145083287.0637965,0.022621828458298642,194.38271489397192,1,1,-0.015677049410395088
990019,2022-04-19,100.47841926357994,106.66998242907982,99.26083912580673,104.74692153741337,3067256,333720863.5965878,0.03680321053741702,66.36394745371761,1,1,-0.020827668071497624
990019,2022-04-20,105.29308512234664,106.63685043112282,103.37530401009094,104.84698505802902,5369257,526234346.8634885,-0.0005580962644733053,174.74750003037977,1,1,-0.0024487145950072265
990019,2022-04-21,104.0321399104861,108.15218609746711,102.69499358592381,106.41053948623072,4349664,509946474.15833515,0.018494425898146358,123.04884715154175,1,1,-0.014514664979728482
990019,2022-04-22,107.98279696554623,109.7758686410779,105.08369109729364,106.91963992668192,6742605,691805829.0589694,0.0010339051340688841,107.4038490475982,1,1,-0.046555154366550534
990019,2022-04-25,105.66163985646583,109.39754965947587,103.8959943602447,107.51115936136117,9195162,1126359913.0945563,0.0059511380369719575,114.90316914459129,1,1,0.020196896332963014
990019,2022-04-26,107.60960215514449,109.20524541851542,100.82035280196676,102.60831865048576,1354242,137841979.95214728,-0.04454088114664765,64.46738992273127,1,1,0.015651366834802612
990019,2022-04-27,103.66047593970214,104.49859814905932,102.07913884221385,102.91151787387209,2215653,221730250.96992564,0.0024668788815609497,188.94085461221067,1,1,-0.023835552089209552
990019,2022-04-28,101.96994379259584,105.6265396218955,100.60773726974625,104.14357697896293,2924253,309229279.6309849,0.011964763527343054,85.6729887903996,1,1,-0.026752783970763385
990019,2022-04-29,105.04513958222833,105.68550188921515,105.00201019524036,105.00201019524036,2116006,228493859.5673698,0.007484243904623847,148.9575959546648,1,1,0.013193546091153481
990019,2022-05-02,102.78659764767495,105.96192460708603,102.02052934799846,105.17027079111145,5732749,613968412.1600993,0.0009927745286637125,79.61861717564368,1,1,0.05118727200539231
990019,2022-05-03,103.82409391577188,105.89291315483712,102.70827260749334,105.11080065037702,5899164,593051710.4567496,-0.0047888402540163305,55.57275896340408,1,1,0.02919607508437693
990019,2022-05-04,104.66101118545532,106.02858866129928,102.30029829753356,103.94778261360655,5166318,521716180.37000185,-0.00572158456158628,219.83340041388786,1,1,0.03460464051457959
990019,2022-05-05,106.66799268345426,107.98361602002717,98.24008585424147,98.8639305356786,3438624,350789747.11451465,-0.047358917696609014,77.70583172875403,1,1,-0.01065521989978846
990019,2022-05-06,99.14000496963858,101.83490281459613,97.275517451843,99.55685255327805,15277842,1502392493.6840608,0.0095604136039113,119.37120130524403,1,1,0.010993663003084925
990019,2022-05-09,99.93460997217873,103.01599560721323,98.8949780432337,101.48617806972284,5868541,579675312.2513276,0.018360511750416437,28.930242119002532,1,1,-0.005480878950422423
990019,2022-05-10,102.9935486730665,103.8318134501369,101.08193165846004,101.91465775822417,4131142,446646964.01257026,0.0029133863985930297,96.32975500388447,1,1,-0.023333146683239873
990019,2022-05-11,100.82593602369728,104.66091783207405,100.27836112549727,104.1036322692602,5052435,478920953.3623454,0.018526804520002597,126.39586005489731,1,1,0.0043842196045877175
990019,2022-05-12,101.08025873498454,106.08404026513396,99.37145977884555,104.39360018040574,8511021,849862190.4835343,0.004961765875272967,104.97782402145242,1,1,-0.027593565766267727
990019,2022-05-13,106.60643832372564,107.11292097774583,102.47460864510569,103.724294447179,5325047,600204622.2468538,-0.008002998128332304,95.28403143963747,1,1,-0.02390642049871325
990019,2022-05-16,104.40216906812991,104.63123732769864,103.08494933699043,103.39281908731225,2378533,252137692.41343507,-0.0009221277219458368,91.04028169335857,1,1,-0.014883890080879123
990019,2022-05-17,102.82957222419574,104.78877700908589,101.18701340455635,103.30267781432217,18856629,2057727514.8296769,-0.0032425865371367804,140.68250546268814,1,1,-0.0116779328373981
990019,2022-05-18,103.15711601379456,107.18309606114799,102.41107217730662,106.60313873690414,6896862,744378042.2852087,0.03109033004888379,58.76717642085245,1,1,-0.002385884688865833
990019,2022-05-19,107.47891912513536,109.07375997861577,105.98283909999815,107.53395750190305,1625107,197681617.4342425,0.011305201095301596,90.10221151252408,1,1,-0.0636343305824387
990019,2022-05-20,107.28565081229458,107.92865967199592,106.45715445661617,107.6923035097819,1064964,99253828.03288552,-0.00020286361569301094,176.42851145732484,1,1,-0.02953602818719746
990019,2022-05-23,107.6742426427374,109.51475297455599,106.33250467783434,107.88241174849784,8091293,1033793308.9707541,0.0035206980896906933,54.42699988493185,1,1,0.04573796647653803
990019,2022-05-24,110.21112236478993,110.77189597960678,104.13918198318636,104.64763944133333,14216756,1271093377.0540528,-0.02844497751892274,94.95903801458559,1,1,-0.0017656232941436788
990019,2022-05-25,103.69635032758933,107.20635004915314,102.34570083623107,105.89102622223197,6828205,701961259.3881103,0.008272082257344817,63.481628446981404,1,1,0.015381946231945231
990019,2022-05-26,106.58004001176084,109.34905251730254,105.96205188996115,108.959625847763,7834573,926719970.8214747,0.029268669915026826,111.89195807200694,1,1,0.011014626094667298
990019,2022-05-27,107.51978808796862,111.04940733968971,106.72565212310872,110.86424760604852,8071587,877171980.4293585,0.017112766678918378,100.450002194857,1,1,-0.0047554270064116225
990019,2022-05-30,112.38075627234515,117.23762668571598,110.82286951530745,115.6360883584554,4626773,511158129.8865831,0.04228831992213108,67.7112933425159,1,1,-0.028050071560618076
990019,2022-05-31,115.43962181288698,119.51577429928142,114.82891346868443,118.0655773800661,1152173,133352605.73179984,0.02347029502455582,100.09502458356852,1,1,-0.01803479828496697
990019,2022-06-01,117.37836724099807,119.02883715950887,116.30111350542775,117.77103585956553,2593790,286116909.56640756,-0.0026417326655501115,101.7823002731655,1,1,0.05739144121040282
990019,2022-06-02,115.92340653397943,120.74407719734081,115.23508248905874,119.43273358895586,9105439,1032047102.3980289,0.014332253077905944,77.52414588393512,1,1,-0.01753540331188957
990019,2022-06-03,119.01635184749722,127.88326814254707,117.32169275529881,125.52724117297173,7498549,1008201605.3956164,0.04970504690875677,83.7967243105119,1,1,0.05027257237249903
990019,2022-06-06,125.5141025637884,126.66829940450413,123.16707028835427,124.14312847732802,4135872,500818237.4450408,-0.010068730196919791,76.31950832244615,1,1,-0.013988299388017267
990019,2022-06-07,125.46391813337449,129.0004831301828,122.12726211358996,124.49244163111176,2755672,357253951.63749343,0.002283115359694041,39.3221106029322,1,1,-0.011097611915215421
990019,2022-06-08,123.25997132272812,126.46091154138867,120.74327110494372,123.89922510443823,5076610,674380759.1941181,-0.0030776011353040055,143.90228633783283,1,1,0.0007988615570110203
990019,2022-06-09,123.02420212764419,125.90819681527947,115.26601181204826,117.69236090205341,3919059,419898859.9918945,-0.04951172005414406,160.24262994503633,1,1,-0.006794816046905588
990019,2022-06-10,117.69927452856881,122.49212397967015,115.52707153672165,120.19862053831716,4355158,498118836.08846194,0.021051765316430864,48.81810095614474,1,1,-0.029722439298705494
990019,2022-06-13,119.20068306937294,122.48833257949869,119.10324517373013,121.42202947795025,5033503,664570537.3047038,0.007502843029655486,161.0940118178245,1,1,-0.001926892957448097
990019,2022-06-14,120.98223510380795,123.02101308387414,119.129180856012,121.2836457149725,2498960,306956046.38289225,-0.00022175551757058344,116.50829946521267,1,1,-0.04576848614419021
990019,2022-06-15,120.0128980935881,122.62644740617314,118.85759024428393,121.56442435134561,9557421,1037561187.664528,0.0032193887721859086,63.5108293409171,1,1,0.009458717982243372
990019,2022-06-16,122.1621423674511,124.70713063049658,118.23360375009517,120.41448684693573,4282423,476504739.2208797,-0.01174831788302167,91.10693515894879,1,1,0.005260221314660855
990019,2022-06-17,119.77639574691102,121.92215119699827,117.89829584077442,121.02440687151785,6844918,783212511.4762094,0.003472784840637752,74.56507207237601,1,1,0.020404704307210877
990019,2022-06-20,120.91712457734822,121.87254897092804,118.17996576247268,119.52350305658993,4881412,647975587.4480156,-0.008541072764595316,143.6947900247146,1,1,-0.01644009421239368
990019,2022-06-21,120.24564017973613,122.49144485569623,115.93422094463102,118.2068891933873,16706276,2243475347.305789,-0.00984752784786925,68.43869442409262,1,1,0.020701663068515952
990019,2022-06-22,117.05841454635666,120.66733266153035,115.63546550203081,119.83017853098413,7559267,906989688.9276859,0.009626406333511672,232.46801238081244,1,1,0.011450940122351663
990019,2022-06-23,120.24789554173952,121.18090816735479,116.80680370943415,117.77857313301165,6671548,841682107.6553775,-0.015293440311770315,157.92595232769085,1,1,0.0023351148361672146
990019,2022-06-24,118.43369400816545,121.29834454370344,116.89619296540158,120.38976615004653,6163585,727144160.6242207,0.02257693234513989,60.42786764003989,1,1,0.05795361943214164
990019,2022-06-27,120.81971783237451,123.09851744107449,114.233009767011,116.64154318094076,25897894,2949230954.6943884,-0.033456804983435166,191.44710230610735,1,1,0.012658362384752393
990019,2022-06-28,115.54971947367328,117.80254684322514,113.71876823737368,115.34751768988012,4523031,555799031.0600935,-0.008560515348595267,132.94947646826003,1,1,-0.015448482123248806
990019,2022-06-29,115.09527019256059,116.76246329251417,111.82679343825627,113.49242806569578,5846392,517670066.0171808,-0.017379582800473744,93.28483087464676,1,1,0.04469772547948913
990019,2022-06-30,113.36772082451277,115.21928574780742,111.61245220070712,113.0921606734564,5137777,614571395.4916422,-0.0030550491848042346,130.0902776843961,1,1,0.01384303749924019
990019,2022-07-01,113.08408529777311,113.69535131284213,111.92340388330341,112.97910668698195,1092565,103346526.23657009,-0.007122237095335609,143.7716190831241,1,1,0.051991435862445284
990019,2022-07-04,111.0582386269912,112.25680530789005,110.39768904296442,111.9524150688243,5064429,525074956.23052067,-0.0023894710115181677,72.99227613475566,1,1,-0.05727993635872129
990019,2022-07-05,113.80723947518595,115.76344231486758,112.43148307156511,114.42326420333491,10077724,1274744396.106211,0.019885126286272703,138.68463132337678,1,1,-0.010538865743875973
990019,2022-07-06,113.25216907327255,116.13200184729361,111.98558033185112,114.48908245668227,7400188,908115699.3831052,0.002952723702926737,83.25219237878431,1,1,-0.010463972185294775
990019,2022-07-07,114.95830948590071,116.12073995104072,113.9145498766458,115.8342220924124,17424579,1955811098.0600073,0.010332474558844893,137.53621640729764,1,1,-0.05828510942925208
990019,2022-07-08,116.76826384750878,117.86759010737333,115.72704799391,116.27765869621602,9310930,1037708234.4290116,0.005125700195512488,93.8206023404702,1,1,0.003489058605318655
990019,2022-07-11,115.60279954326818,121.26864497384884,114.79219523382808,120.27206825774067,7267116,883930798.2479328,0.03230471841944133,65.99708759643906,1,1,-0.012677654493544008
990019,2022-07-12,120.09452472117384,125.73902340527316,117.9500978721315,123.04330861050406,9716604,1287046214.1262455,0.024865004652061512,127.73191090762143,1,1,-0.06160845327392939
990019,2022-07-13,120.46750299428595,121.70352320378574,120.33843631175215,121.67906019671942,6333487,755902962.7790223,-0.012271425183297857,85.08691502504476,1,1,-0.02454137531280588
990019,2022-07-14,119.22565347283889,126.23150515782827,118.88174080350416,125.46030237590873,3331806,476288762.39825225,0.0336767405672664,105.48724190424309,1,1,0.040190262790923685
990019,2022-07-15,125.4039994595859,135.19868813069345,122.83237020579078,132.13935823715778,4458880,571010831.7897594,0.05332215705768101,116.85453395741042,1,1,0.02582677534291986
990019,2022-07-18,132.432536746711,132.70110827758182,131.86314579368528,131.86314579368528,651738,74563627.97675449,8.420154542617443e-05,178.89209252436683,1,1,-0.02290163618129356
990019,2022-07-19,133.81365547034682,135.30634000535244,131.82809629660505,133.29333733852306,18764192,2521924442.419003,0.0063048445525308895,83.14937238822186,1,1,-0.023778283155954195
990019,2022-07-20,133.9653394238745,138.45470068968098,133.37392174345248,138.00692724678257,3928464,528514647.8431863,0.03746662406244401,70.38949664990777,1,1,0.02438682117504412
990019,2022-07-21,136.19263025529224,137.4818174621445,134.43049870773115,136.40085711532456,2002907,284236565.58268416,-0.017235795371835803,192.0139659576066,1,1,-0.06060600135850707
990019,2022-07-22,137.94671175339857,139.4781603842869,130.2382182021555,131.92086684213498,3732411,485259710.368355,-0.02767902825503174,99.24936031867685,1,1,0.01635009099761568
990019,2022-07-25,130.41675322515414,136.8157440181966,127.50245234492218,134.2913581288111,21643954,2550602846.4662747,0.014478527629950607,79.5580999353757,1,1,-0.056581879596242994
990019,2022-07-26,135.196078638628,137.5110496571104,127.5451721321756,130.18402132286798,5256751,604242074.80615,-0.030387884860486783,114.68657524217798,1,1,0.04787668853685687
990019,2022-07-27,129.31777333091128,130.91283005871765,128.55911288676214,130.29598832488526,5327904,748126663.4781791,0.0036445815696190395,86.29988927457443,1,1,0.018298274006748563
990019,2022-07-28,134.25598458466897,134.25598458466897,129.9524249022516,130.00298519270385,24923574,3906806467.122122,-0.0012680655950225318,88.98156478232086,1,1,-0.05695164121569976
990019,2022-07-29,129.9183179280592,130.9568803073101,126.17953329613903,127.94205050047407,9809503,1081671876.4993012,-0.017038297919694283,278.44670645401,1,1,-0.012941126063543914
990019,2022-08-01,127.780138536642,129.00750501938154,126.72755207849634,128.06827031717128,3616299,407436957.2435126,-0.001549388076535334,66.51549093420783,1,1,0.008041762583054501
990019,2022-08-02,127.97861306903808,135.8190682212146,127.02819206640054,135.44701265386257,1172232,164282739.3347812,0.05519300597636473,55.422509969617856,1,1,-0.061247021160183025
990019,2022-08-03,134.72389189808203,136.83518393593823,131.87300637385826,133.78637534818074,8141788,1082332276.1290736,-0.005288882899613705,162.22869815110533,1,1,-0.00280874408780151
990019,2022-08-04,132.86128157154428,132.86128157154428,129.36344408054708,129.36344408054708,2750046,372186544.2028936,-0.03547521705678994,85.06988524694714,1,1,0.012982679714990907
990019,2022-08-05,131.9593883976942,133.06096329382515,127.00250331721422,127.97476813832662,7765729,921065449.039257,-0.009508889599026982,112.71013393374028,1,1,-0.06370159989936779
990019,2022-08-08,126.87637572088957,132.19706473493514,125.56473478424104,129.58596825023292,4802060,648959082.4863344,0.012097908085671225,128.14412882787784,1,1,0.020936938467064976
990019,2022-08-09,128.6772876070392,129.484867382131,128.03616696222866,129.03587725647128,6488144,948576912.5917445,-0.008350577819906677,48.825957978875714,1,1,-0.005250294748898005
990019,2022-08-10,128.53025145412403,130.96463989660325,126.07739535049868,128.5950361121024,10255943,1449311213.9295905,0.0015271352795757128,156.79195700783492,1,1,0.02606975726394036
990019,2022-08-11,128.9302321830488,129.6510672314554,126.0425915306772,126.79880117570785,1128080,133629235.79984026,-0.01231057170011719,79.038744165757,1,1,-0.008550704429665199
990019,2022-08-12,126.06003728318566,127.80180436931144,121.55642220766023,123.6990293702579,5794969,653431626.8703498,-0.02797533607405156,212.51107560963266,1,1,-0.03328680343749809
990019,2022-08-15,124.67329262340655,125.91965521598263,121.74205669191802,123.31862257406027,5022276,537146710.6052011,-0.003429011676246011,71.88134093778245,1,1,-0.03622270409593298
990019,2022-08-16,123.85538689056031,123.90348824354416,121.01943024205772,121.60877372485423,6672735,786753026.5907322,-0.012284854036828509,185.9470203651601,1,1,-0.01088438365960552
990019,2022-08-17,121.45133011782947,124.11747475710979,120.91174570020569,122.29042072401195,7806206,928546421.340465,0.006129444053628858,199.94075275174458,1,1,-0.0071751608229243995
990019,2022-08-18,123.05346245139279,125.72171478440136,121.00098268135092,123.0393558497818,5353598,666729942.6593027,0.004431071376488364,81.36598553445674,1,1,0.03049762050777484
990019,2022-08-19,121.82059728040811,122.75655599999617,115.22168617435334,115.67051521304411,2709905,355239168.4581834,-0.05704283523851651,91.80444849154452,1,1,-0.009898298526326139
990019,2022-08-22,115.74710305741729,119.71012414213801,114.48629428873133,118.92012573527289,1764476,214254432.5354873,0.024453864230678402,87.33567607901539,1,1,-0.04841965961783158
990019,2022-08-23,118.43446411765349,119.97901690302275,117.81943599125782,118.74691176340725,1298292,151576388.4350015,8.123230771012763e-05,182.54299768273665,1,1,-0.015266716835599253
990019,2022-08-24,119.73672876911013,123.94885993241023,117.78948622726334,122.75601903989137,5254194,657351053.3483076,0.03018512936010207,106.5491511900135,1,1,-0.047333270009100405
990019,2022-08-25,122.12405654380534,127.17013200877958,121.02945316026188,125.75959106681152,7328697,1016151814.8687575,0.02665590122149247,122.82329096442899,1,1,0.009023465650029344
990019,2022-08-26,125.31350647774985,126.84536194481637,120.29343668374935,121.53193734091818,3435633,471280482.0329342,-0.03270462749440063,93.5522410669325,1,1,0.01593768879961666
990019,2022-08-29,119.26391434934531,125.51633698582475,118.04603976098426,124.24432679516377,9611018,1139226514.6260004,0.02247425666983812,119.86514871480611,1,1,0.02106234755158858
990019,2022-08-30,123.68131986049852,129.00392528795507,122.32631459981609,127.52554616356129,4242560,546090657.1248491,0.029921027546288833,123.04219527010252,1,1,-0.010596298805981438
990019,2022-08-31,125.72071726839704,128.8425295388205,123.1698213969581,125.5018440185298,4322544,563942635.5927917,-0.019431650418709947,77.91583436467475,1,1,-0.022543854429388308
990019,2022-09-01,123.84184498236492,128.8795101741789,122.95022459724359,128.50606688497191,1461449,182436540.76695818,0.024099803479642433,202.01517801404208,1,1,-0.016857600840784998
990019,2022-09-02,128.97403316894534,131.47957238832498,127.52661739808505,129.62624199717604,3283601,483081448.76705784,0.008203189900597195,91.30987578565976,1,1,-0.004245881983274099
990019,2022-09-05,133.78176795655054,136.41942075104606,127.64883677093832,130.3135669520347,9443383,1369431746.453323,0.0057885381208039426,149.98330402601087,1,1,-0.016810764190022854
990019,2022-09-06,130.87188348326077,132.3330060053031,126.54484625152114,128.1751725795436,14482190,2000280387.3388748,-0.019584628516070086,59.53247792809881,1,1,0.046902829450138545
990019,2022-09-07,128.29083659138573,130.2661212463642,125.93744992654618,127.37256699353708,4170794,507595602.29812527,-0.002886752036298222,130.52325516336091,1,1,-0.012507053371536181
990019,2022-09-08,126.86560303831482,128.82445526888222,124.9229049240282,126.58780149450136,9705446,1244921355.1103752,-0.005016378431590472,152.0979018837889,1,1,-0.0045760083705406514
990019,2022-09-09,125.5823190993439,126.57493214355483,124.58291575117838,125.72725489669888,13802811,1893164199.51795,-0.005162122260679295,110.32295047325289,1,1,-0.024094503064586027
990020,2022-01-03,9.772870874574036,9.847053491410641,9.70388552390096,9.815928608904748,15983858,166607635.89451283,-0.004051443216534865,7.233292519695981,4,1,0.03052841400878337
990020,2022-01-04,9.829385897213438,10.010692527195348,9.70153403168541,9.851406540866773,16986030,170197196.72069624,0.009529888651854475,7.891929197192226,4,1,-0.0006229874203526634
990020,2022-01-05,10.067360472747128,10.205001660267607,9.663163854070639,9.766776687390308,8911741,84036080.85283206,-0.012108060916849538,12.625701228479988,4,1,0.005155310230945034
990020,2022-01-06,9.782841440855288,9.929018968427902,9.629942444873324,9.728785726494324,18323733,166877519.28933537,-0.0038482177724078878,10.684803296292374,4,1,-0.0003434100497726096
990020,2022-01-07,9.77487334823483,9.9320811885237,9.754210178935649,9.9320811885237,726100,7560523.925326404,0.020347605702382948,12.194697067304132,4,1,-0.012773023638227512
990020,2022-01-10,9.985151194640954,10.304365836664697,9.977094974146643,10.22395390466687,5804530,60807526.51462966,0.027144188238565157,8.000148954673724,4,1,-0.0026842767177373376
990020,2022-01-11,10.136428126607035,10.158285259493903,10.13102030264599,10.13102030264599,11317666,94171020.7474455,-0.003590187723109527,10.170480536394109,4,1,0.013704256562437081
990020,2022-01-12,9.963068401980104,10.272642155240428,9.818245901238589,10.094509536232652,14820802,134431631.37878725,-0.0035423744039343947,11.638008953438426,4,1,0.014342677676007026
990020,2022-01-13,10.13414742176387,10.254729143346793,9.85992941981644,9.995175852077882,22519911,210622462.81282303,-0.01190432764619615,10.61721757661563,4,1,0.005843908861368231
990020,2022-01-14,10.075585695255192,10.16808420365033,9.81205984211656,9.821812492878934,8324003,86693945.93990149,-0.014307717795553133,12.907582083748085,4,1,0.02586004982107589
990020,2022-01-17,10.073135801007234,10.283227986979817,9.7805504521591,10.05991364420597,7868161,76724471.45825021,0.015679862792334052,10.252785042590036,4,1,0.00747700736341928
990020,2022-01-18,9.91041259221967,10.05506268030185,9.417979457416754,9.566433040396822,18794813,187450895.52767912,-0.046447478753646236,9.464810287947817,4,1,0.00534035839046652
990020,2022-01-19,9.65648961606575,9.77254276208467,9.168310849979644,9.289454827415604,24211225,252881703.53657028,-0.028145737092470865,5.855912305454332,4,1,0.02455144546174561
990020,2022-01-20,9.303496558726167,9.428537038797408,9.219891795383868,9.334674566079464,17252267,169453981.2766952,0.004334827311267124,10.282737767230671,4,1,-0.011686206941810768
990020,2022-01-21,9.296836106533057,9.403232461512896,9.208723695648414,9.344203927589133,8551321,80251302.86109835,4.6076871716299903e-05,10.655546363128131,4,1,0.023339254209343296
990020,2022-01-24,9.245269263921339,9.685111267940119,9.140497834113733,9.601121718244327,73165838,678464210.4029517,0.031374694788917676,11.866625232758505,4,1,-0.015917830921201886
990020,2022-01-25,9.537943819544205,9.75535499565038,9.37414002817481,9.606296259227264,10420030,92049409.9396893,3.103815740197557e-05,8.074901656630741,4,1,-0.004347771438251152
990020,2022-01-26,9.702369558481678,10.636974099868063,9.51047845519826,10.474852879270406,10901048,108234240.17171739,0.08888264333872367,9.405260711328726,4,1,-0.030013726002413938
990020,2022-01-27,10.577526483392834,10.634227670627762,10.439967946730546,10.499422430083419,34847701,343191636.12192273,0.004044273148727132,6.865776680528425,4,1,0.004106209124199979
990020,2022-01-28,10.21993551391625,10.646171010531985,9.999151919541902,10.459428716680073,31978143,334818831.03654456,-0.0029641706615387816,6.833051113645479,4,1,0.021665272310686864
990020,2022-01-31,10.521427085327534,10.731298166536432,10.39363599354573,10.636883779210345,17966309,183023209.41353607,0.016155623173451823,10.479475514766868,4,1,-0.015327211771968153
990020,2022-02-01,10.619014256329365,10.674643940447991,10.470929120940847,10.632135046068889,4557974,45353297.439388424,-0.0022666997874782294,12.144788922905976,4,1,-0.0046222347257434
990020,2022-02-02,10.550575568145476,10.835726181220483,10.305960298183827,10.586127684673253,10549533,108879732.48180552,-0.005380183472300575,12.227924253084234,4,1,-0.0036225763206888238
990020,2022-02-03,10.626104090737801,10.693258394586199,10.135321739207724,10.154895434470523,14283573,165744170.11317328,-0.03653820410563254,10.326764905882635,4,1,-0.0035153266210613534
990020,2022-02-04,10.330523812241642,10.456632211391405,10.060293897808174,10.124262951870557,47058101,464073755.55483335,-0.005172918561667274,14.12183719741624,4,1,-0.01712578884962921
990020,2022-02-07,10.071768977610013,10.293930366037626,9.956261159501397,10.135575517057624,95993663,933224569.6637958,0.0008455828066861716,8.75508872929889,4,1,0.0006129619455274845
990020,2022-02-08,10.12310363669683,10.278441263547846,9.966848056968708,10.117158247097061,6545006,62370815.08537435,0.000858798143824777,11.302721756624381,4,1,0.02565967731881939
990020,2022-02-09,9.978059118636462,10.636474819996241,9.901329677239413,10.57185934841874,19222990,233495554.68507063,0.041102625313529734,7.260152089014278,4,1,-0.008186389759112638
990020,2022-02-10,10.59401743704995,10.604977019205348,10.59401743704995,10.604977019205348,5385384,56743815.05297148,0.004248183399004096,5.484518,4,1,0.0037626100389090518
990020,2022-02-11,10.532655254307597,11.006207959102234,10.403794654793908,10.86570791216498,9495860,98674496.43470311,0.02629273275401604,8.600506241148068,4,1,0.003631696746857234
990020,2022-02-14,11.049863403858241,11.337576105676073,10.998485517941221,11.308356730049422,4742685,58337838.01554774,0.039787639736144804,9.243678888479392,4,1,-0.006466343103243885
990020,2022-02-15,11.326188293741609,11.441124463383497,11.249865980421639,11.326001941940238,35947999,427844006.19927144,-0.00047581544439431256,9.919095189241288,4,1,0.0045478545525941836
990020,2022-02-16,11.26413539058968,11.664998347520429,11.195613807899479,11.590362416395541,12187326,155029084.72618213,0.02243690627352383,9.123734122007443,4,1,-0.006224313669742616
990020,2022-02-17,11.55419977714926,11.71354603022559,11.461243676353687,11.696872621256855,12587708,145436656.6474036,0.010476989457043161,10.170870761001446,4,1,0.006825609253644324
990020,2022-02-18,11.722118744901266,11.820393581559179,11.586487912770451,11.780730644829355,9637170,122888195.26699933,0.004025744488532962,13.313354123373474,4,1,-0.0011523137692109136
990020,2022-02-21,11.798412881935016,11.872199520959576,11.486801407019431,11.61441237352848,13758366,151357453.62410814,-0.012562186107133043,10.953110314864212,4,1,-0.022975279195210672
990020,2022-02-22,11.454174829776793,11.578131761622508,11.396641873158735,11.492942167538775,13686542,162940937.27787906,-0.00934352168782643,8.122232841787255,4,1,-0.0294031170234567
990020,2022-02-23,11.47442480744568,11.705438748461445,10.855793672560338,11.02427690584537,5853168,69079370.30256872,-0.0383692371388895,5.663711785379245,4,1,-0.03494194527101289
990020,2022-02-24,11.053854450938223,11.104413049445323,10.862577924720707,10.9219123032609,2633998,27596814.220000558,-0.012910933311724113,7.628283024984421,4,1,-0.006703404701657112
990020,2022-02-25,10.927708801378957,11.0556379217539,10.76410418550706,10.853606704799551,2965605,40018468.24022789,-0.0024723960165081937,12.3267412683628,4,1,0.013576393478538723
990020,2022-02-28,11.038892414949416,11.115996050968098,10.645364452735587,10.83686461931494,2905493,30193799.557621792,-0.004564181249819075,8.562232882593433,4,1,-0.01193189689161669
990020,2022-03-01,10.667500083855133,11.321648526032849,10.660045966078739,11.217839175467187,11882959,123012196.19249094,0.0417938638336485,10.8265360003999,4,1,-0.004035345078429417
990020,2022-03-02,11.375328826576924,11.424573729725854,11.171287725917486,11.217310688914854,5139920,60502180.415854886,-0.003951242075416621,10.745273002583682,4,1,-0.010686014515201464
990020,2022-03-03,11.289001765340887,11.417096086475992,11.019566917685609,11.11952013089013,19699694,260965643.36569688,-0.00692070276147119,9.364006155697595,4,1,-0.013646519207975518
990020,2022-03-04,11.079460543297191,11.222588084242389,10.876320646114117,10.970248501063633,11642110,141135295.39036363,-0.015618648920162438,9.306193979691992,4,1,0.035998561566658614
990020,2022-03-07,11.05609062153736,11.265398182989035,10.97855351388691,11.192584384069804,2492309,25974653.14144174,0.02283168476910147,8.28990628975043,4,1,-0.013043330048312863
990020,2022-03-08,11.148497441988717,11.296560589698549,10.889968539793085,11.008360059515196,7056649,68762648.4273018,-0.019543164620147005,14.622632961297098,4,1,-0.02210038137418196
990020,2022-03-09,10.847441768690343,10.959039302135457,10.520531059132413,10.698652286378703,1900088,21138829.564595684,-0.028985432084390906,7.815380143516325,4,1,-0.014626716641119862
990020,2022-03-10,10.36468791985764,10.702350471876906,10.13058108051451,10.5641557283815,3999794,39326831.9958482,-0.010362213153081603,11.805245442971632,4,1,0.001221814169385653
990020,2022-03-11,10.445580618614333,10.638017475157946,10.269750808672006,10.457599218294467,6876241,63991589.747990794,-0.010740501500056092,11.154422630774798,4,1,-0.009372572500351813
990020,2022-03-14,10.423243647232379,10.810038254808324,10.200561024806218,10.640624433289243,4436348,51456981.164330915,0.01640420474299747,10.692251621065402,4,1,0.004673081398372215
990020,2022-03-15,10.669123832963999,11.06451703273552,10.531015953490712,10.913514809309529,42620914,472028459.98970157,0.026192970547697803,9.245085326853129,4,1,-0.011935670407464323
990020,2022-03-16,10.983894837357399,10.990003060542318,10.54903182913388,10.639746382352312,18744949,186014632.29246327,-0.027798003785309125,7.023179039841551,4,1,-0.009609628922179923
990020,2022-03-17,10.60948684347552,10.926167795103172,10.507105621151798,10.791181781211762,7330332,85520285.79385467,0.018363151156989558,7.516184208560642,4,1,-0.011560750744512727
990020,2022-03-18,10.62666897830652,10.792247429012502,10.586411912202767,10.739129045154003,29722426,323845109.0506253,-0.007254469941367817,8.107250977200225,4,1,-0.001493819924214004
990020,2022-03-21,10.682832022873825,10.865555438717086,10.378175507075388,10.565767779666642,4887010,45982003.72249095,-0.015598170836614784,10.18772023036065,4,1,0.011661985549911826
990020,2022-03-22,10.493243063989691,10.973736501992972,10.32420291531104,10.723589338642329,7942426,80054423.29869218,0.018702211282653827,11.285871295538453,4,1,0.013388512101584012
990020,2022-03-23,10.922563366171925,11.268339813031567,10.820232195917873,11.104079827347343,19723272,198532344.86636633,0.03201127321154677,10.07615781108003,4,1,0.023004210850674656
990020,2022-03-24,11.12766537489158,11.357968828885003,10.88977867044347,11.088471565251421,4240063,47693306.800639376,-0.0010577821316096097,9.968574461623243,4,1,-0.021451407165449392
990020,2022-03-25,10.866600765241706,11.312814878990647,10.752645531725468,11.10756165013285,17225220,216275962.31413874,0.0025348673099552525,11.625804642302446,4,1,-0.0169950606998989
990020,2022-03-28,11.072501957949788,11.352697711198507,10.917113191426216,11.223276806124042,12314434,135841606.12222183,0.00585320465286637,6.189692038877632,4,1,-0.015013776643674086
990020,2022-03-29,11.26970085898429,11.70938316031197,11.097695393946468,11.554404351938247,16543841,188317234.97937697,0.030508585390857396,6.040090465135151,4,1,-5.4624167164891234e-05
990020,2022-03-30,11.511868652447426,11.725451097205289,11.28778445439688,11.47547900600899,39276983,466903467.12066567,-0.0027572509375429215,6.925814437319437,4,1,-0.017604347252826273
990020,2022-03-31,11.294060960717436,11.332592242829651,11.287559290638962,11.332592242829651,13438727,144899602.00425872,-0.015209053067170717,11.363235804743624,4,1,-0.01126180713115111
990020,2022-04-01,11.394071540599791,11.587255708607934,11.101117328321752,11.259517381463775,10183577,141860353.38521945,-0.006663609420077175,6.294629333961387,4,1,0.011186528774450085
990020,2022-04-04,11.286822115837232,11.428199269393527,10.942372826067746,11.111027817147539,2994171,33177697.356263172,-0.012008035286735526,9.449741320498594,4,1,0.01748900918994466
990020,2022-04-05,11.076939144584571,11.178681139778503,10.972882925856565,11.018980561051238,11314986,132357648.99445651,-0.0058115218636743985,7.887915274304017,4,1,0.011326492991066375
990020,2022-04-06,10.932133260994032,11.304977861888023,10.68735987247394,11.051083603820176,6581416,74668584.43997301,0.0026205196368500106,9.764407451249935,4,1,0.005238473395703592
990020,2022-04-07,11.20522542054782,11.36671617216412,10.534079473931007,10.765594410557213,8480937,105540641.78269085,-0.0287145417604229,9.20504349338168,4,1,-0.010829476881713911
990020,2022-04-08,10.540736938687152,10.83233495278531,10.353445506391761,10.637997112818846,6987120,72860687.4504192,-0.011810798518111633,9.950090813479104,4,1,0.000347567649758838
990020,2022-04-11,10.435435913403818,11.193195241630121,10.293804700113997,11.015325961914488,13855416,148215219.03606594,0.03711148446312371,8.743419211955832,4,1,0.018643238016959968
990020,2022-04-12,10.956816743808131,10.988199708594056,10.81336095588696,10.921966068509608,4710277,48585104.873068154,-0.011642272559535897,10.887772762887398,4,1,0.010812238070506982
990020,2022-04-13,10.88942841593563,11.011326224753434,10.859488190063363,10.948940614003748,12120443,150069758.06276813,0.0021146471231087674,12.618511279183755,4,1,0.014458371005795806
990020,2022-04-14,10.793900651881973,11.32410951503049,10.636249485120002,11.22219496659274,4973008,50158408.86617104,0.024981274566751015,12.140528626174003,4,1,0.015537140190667457
990020,2022-04-15,11.105254544218248,11.302545669635105,10.791121917174301,11.007678078223972,2387483,29780402.737195984,-0.019123737494975042,8.808023537267504,4,1,-0.005360208356534808
990020,2022-04-18,10.93935190405482,11.113023372683472,10.64593143128059,10.830610683908386,7539130,80733978.03148744,-0.013130613345322723,7.9606477824117015,4,1,0.010357631796220058
990020,2022-04-19,10.846504508433078,11.15771281306356,10.626970814924901,10.859302658396635,13702968,157630981.00459173,0.005301256848795828,9.842909167582626,4,1,-0.006206751884260719
990020,2022-04-20,10.858512622038468,11.269924612027767,10.728788028859652,11.113878213818934,5097372,55782247.77290033,0.02136938855003481,13.931211578972954,4,1,0.009727211372259587
990020,2022-04-21,11.079124874585137,11.31277357284323,10.968398079782546,11.195651145610988,10799113,123682294.48870738,0.0069394198695956035,9.368653337292928,4,1,0.02004908474070961
990020,2022-04-22,11.097334909653851,11.224458247454624,10.722832947970145,10.841000216384563,7185038,89659311.84426796,-0.03067910156499204,11.171823371985537,4,1,0.02539521223160474
990020,2022-04-25,10.937689075683634,11.176390797835458,10.860960113132318,11.139660757261215,4165216,46437093.88685273,0.02703723288561304,11.052162305553276,4,1,0.00971961992615361
990020,2022-04-26,11.209564899282348,11.441200582573352,11.040663010288558,11.211584481489608,15489481,163203397.53138584,0.008019442888088603,11.026748139251836,4,1,0.0064379397131421835
990020,2022-04-27,11.3183962599692,11.411697081902135,11.155050223069493,11.2776900669087,5651292,72096930.71327747,0.002139694711196399,12.159720144116456,4,1,0.02268082500273402
990020,2022-04-28,11.189051540310471,11.325902548873847,10.868487377109773,11.046250335905748,13653688,143253435.00104466,-0.0223063089214743,7.261708398793713,4,1,-0.014130208010130506
990020,2022-04-29,10.938211910584776,11.339657564361248,10.75774830410273,11.199689929304423,3316259,38499816.75978402,0.012369567438937667,7.803888506825958,4,1,0.023630236870430275
990020,2022-05-02,11.183648162131153,11.30893744697935,11.010383906847554,11.096831098769899,10555772,119178204.72882412,-0.004957846177386795,9.558131632427665,4,1,0.0021362531390791387
990020,2022-05-03,11.022318628581326,11.130481033783798,10.738036555659283,10.909458784480494,17250377,179564197.29651132,-0.01605941382246872,12.059593833901088,4,1,0.002255641020718529
990020,2022-05-04,10.812121901790588,11.23439352402596,10.693318684332828,11.10110262098294,13305415,150695994.5189577,0.01729269621984358,12.054202518042056,4,1,-0.007369490173525037
990020,2022-05-05,11.133902425532083,11.423359638745248,10.898382660580731,11.24319431389337,19803833,209996643.47171482,0.009975389122270719,9.382027425864239,4,1,-0.019174524233533774
990020,2022-05-06,11.056417994772438,11.403491245471372,10.90492506370882,11.361811841772992,14938751,174895023.54393536,0.010584221607052132,11.525715263329223,4,1,0.024050976619254833
990020,2022-05-09,11.299349839318925,11.404188705021507,11.233507524405946,11.330118848125949,11448067,134550772.7994838,0.00037301543910368,8.704236762319223,4,1,0.006602980538310785
990020,2022-05-10,11.430146922644862,11.572681515324996,11.077285411373362,11.141749064889801,20676092,171481754.09207043,-0.01945881901673857,8.023091115933086,4,1,-0.006033673635777052
990020,2022-05-11,11.077376842623968,11.318011112875984,11.073277327764973,11.270356830245934,7901680,81044010.17986381,0.013649903848334165,7.243630448555512,4,1,0.00572035258865529
990020,2022-05-12,11.139695993132628,11.853850444110147,10.893304972652226,11.55681355073663,16075328,158368834.5615903,0.027259424068537735,9.213135299401175,4,1,-0.005502361983791573
990020,2022-05-13,11.64673168400217,11.86028746704306,11.32686710170151,11.608093902181038,11023993,108648566.99025601,0.003269923202164485,8.835922781156098,4,1,-0.027862600335200133
990020,2022-05-16,11.574060168582323,12.01527327684651,11.532056647077514,12.01527327684651,44802630,538702857.3426375,0.031244503517321873,11.53751828536019,4,1,-0.002910619204701639
990020,2022-05-17,12.104159853919878,12.184782431737231,12.022626608041612,12.0699979741926,12418494,137379851.8051781,0.006523476769600496,10.582787245135108,4,1,-0.022994920819569498
990020,2022-05-18,12.116149018752088,12.150240020013056,11.815537338377217,11.83544174108169,3745818,45081722.30169671,-0.017021386147170053,9.570810587365795,4,1,0.0038871736174072385
990020,2022-05-19,11.778249938973778,11.99188897907372,11.469782066397535,11.69465026526221,11664903,127219415.8677787,-0.014744238992561312,9.578504052208025,4,1,0.025919387705590668
990020,2022-05-20,11.572544551568171,11.893294041508858,11.513659501467053,11.825150342218397,4783834,52882769.736238346,0.011610112284831399,8.70846881147712,4,1,-0.010481877388108931
990020,2022-05-23,11.690164869970838,12.004490218964289,11.575405198480922,11.834978678182939,18144097,230198025.74751154,0.00288187024248531,6.602825286533242,4,1,0.012926610179685202
990020,2022-05-24,12.114759634672037,12.220955988157272,11.943940985562776,11.943940985562776,18417422,205850339.68259254,0.010089471995692345,7.463755508062244,4,1,-0.010458457026257096
990020,2022-05-25,11.665691148393414,12.138723921667982,11.5149761306917,11.933147460431693,6132463,77959181.91744536,-0.00017339201536233445,11.058444027457872,4,1,-0.0003337842671244242
990020,2022-05-26,11.732076895436958,11.774758771996286,11.590298118830153,11.607890093863594,3970568,56770178.98268136,-0.02621626218083435,9.210902909833019,4,1,-0.014349073242171264
990020,2022-05-27,11.741740642206672,12.115321548663852,11.453330499071873,11.788545027519971,10165939,127835782.45146486,0.013549634764149084,7.269062988396277,4,1,0.010122007641516679
990020,2022-05-30,11.930864054371552,12.395289053519363,11.642023244132464,12.112052727914946,5021417,54956377.37961322,0.026462899204410445,12.384509955849614,4,1,0.022006315315774773
990020,2022-05-31,12.17483174778214,12.472262645067653,11.120046908348122,11.50583901817451,5031035,54304073.30651134,-0.05277535029979552,13.205366700389868,4,1,0.003145265573504284
990020,2022-06-01,11.247195665555951,11.426806023239216,10.647625101139875,10.83839060791082,6909128,76419185.88491943,-0.0571896884974749,11.99904969684254,4,1,0.008752658820956606
990020,2022-06-02,10.88716072430325,11.28823463038072,10.64677486815941,11.060978340941652,15147022,173586468.01564702,0.02181778184866571,10.297325195279342,4,1,0.008722142217770588
990020,2022-06-03,10.955013699193941,11.174810954195918,10.766493534769825,10.972430559947208,3334419,36629432.278193265,-0.0038824853218152587,10.020934897084437,4,1,-0.004062767928202104
990020,2022-06-06,10.986680641145318,11.175947891258126,10.959357486372491,11.111251558825598,5251992,68522882.11404246,0.008261353184528423,9.422092436366086,4,1,0.021367432674601086
990020,2022-06-07,11.189991415766334,11.404875862076402,11.034781892850646,11.291846757978748,68990108,670658770.7213601,0.020210902107403096,9.780383535666626,4,1,-0.008460772450698774
990020,2022-06-08,11.369017442297068,11.541775037800512,10.852638488074307,11.065268650087257,41905523,563704178.1472404,-0.024993242061598628,10.720833906484245,4,1,-0.02569855349467413
990020,2022-06-09,10.93749336394336,11.404471748476341,10.748529769591828,11.198017721860376,26215907,278435253.8646288,0.011939789377779264,10.887870036418242,4,1,-0.015058925181287812
990020,2022-06-10,11.32514469118134,11.46077252218031,10.84569975558034,10.978515566556599,9783754,117390696.09235863,-0.017934248898246834,10.358679117143106,4,1,0.010063434727673575
990020,2022-06-13,11.079122239157856,11.239695404769494,10.782074798603256,10.941207428120027,17807294,191108230.9757239,-0.0049224873437052966,5.484518,4,1,-0.0063239839029063235
990020,2022-06-14,10.811949141745744,10.907812852632269,10.500398468869303,10.627936999778669,7745120,76562019.29922931,-0.029014799590966492,11.875036448136779,4,1,0.0015168213456183642
990020,2022-06-15,10.58181315870013,10.678437900707609,9.643916440783817,9.741373278078731,1260635,10849691.331947867,-0.08176024873119814,9.850484914077402,4,1,-0.0038987162954796507
990020,2022-06-16,9.668842608477405,9.768210421861957,9.630149007169914,9.751797159673561,6099032,62196401.70973759,0.001579671676740961,7.201568073211309,4,1,0.002956405304693572
990020,2022-06-17,9.732514627489904,9.905364218142575,9.451550326360463,9.56680018866977,6645942,63128247.74191671,-0.01664157007383007,9.84763521189296,4,1,0.017869372652899482
990020,2022-06-20,9.641181361324028,9.96150144024309,9.601864570412324,9.839616704075876,9340797,101108053.28994104,0.026512697367469907,10.0532659616372,4,1,0.024932825254666502
990020,2022-06-21,9.667250655929871,9.863567651713337,9.621287205689637,9.831947727350025,13152799,129004696.35868458,0.0005052124162159686,6.8929621637676455,4,1,-0.015842453350183194
990020,2022-06-22,9.657666039062384,10.208580043192022,9.56954230240582,10.110954604859064,34386451,324464116.5562853,0.02839832672139217,8.326278959441849,4,1,0.015232742003344686
990020,2022-06-23,10.071435534225314,10.338553627490585,9.91004850631488,10.193923461076963,9731661,93474897.97202744,0.007653065775218563,7.580980778354331,4,1,0.0032150783774608995
990020,2022-06-24,10.364258423602472,10.518361492876592,10.041176964503594,10.178272095198148,4196877,36797624.49586979,0.000927757328693418,7.787623503241207,4,1,-0.01999151198309445
990020,2022-06-27,10.210520158665144,10.334672709997086,10.002722890327075,10.164432530469428,8426460,87071557.24675831,-0.0072220120830832615,10.598552905293817,4,1,0.008077733450332634
990020,2022-06-28,10.301082445694718,10.46979704951908,9.718982614470786,9.940184528683087,16352701,171682329.54333815,-0.020575532788205623,8.360516877615929,4,1,0.030210876152766946
990020,2022-06-29,9.89569757578642,10.127019101578426,9.549291504029059,9.790421778824397,9081454,81634184.11661108,-0.016917466704512964,9.645274303725362,4,1,-0.012062820902865723
990020,2022-06-30,9.713749806465934,10.050461970578322,9.608579709572282,9.975350288541781,5091943,51957318.48546403,0.019618948478382636,10.952559453606508,4,1,-0.003738003816818747
990020,2022-07-01,9.77334826144768,10.095073407824918,9.64014298064405,9.930904718393704,14490999,153877086.90311784,-0.003852637776068166,8.682783665788378,4,1,-0.026246448437100316
990020,2022-07-04,9.842721608118618,9.965097478810351,9.738293718257825,9.88410857497123,4007588,36126689.37008016,-0.005299200160233687,11.038624024855752,4,1,-0.0019084187078640723
990020,2022-07-05,9.79354490996056,9.946205090510082,9.762974013999942,9.939767429382002,5207022,50076704.63367541,0.006924825791528215,12.355821288999243,4,1,0.002618068620596346
990020,2022-07-06,9.657416089359858,10.077054805633338,9.63693040216574,10.042076761809188,13249841,143960299.96442223,0.007966734558685205,11.188203161171417,4,1,0.03225938411432096
990020,2022-07-07,9.90675675390767,10.074271068666503,9.8497292644116,10.007730425750704,4928430,54846114.4210765,0.00020067793511377528,10.660285173992316,4,1,-0.015269914983155955
990020,2022-07-08,9.927850487347008,10.064980359760762,9.865453766800524,9.970638641145761,7415033,79058019.16143923,-0.0046819615879609075,11.206271307313676,4,1,0.015754001262083508
990020,2022-07-11,9.984549640665858,11.219493840087445,9.749750646151886,10.964430711169152,9822202,114161811.47382876,0.10024192185287767,10.238505897933548,4,1,0.00491407797026063
990020,2022-07-12,10.97757820590867,11.403455214550638,10.876636655357505,11.375776114119759,8823816,99893485.0533916,0.032770715419241855,11.193964829570694,4,1,0.036513046076787264
990020,2022-07-13,11.336077174635989,11.59077830592377,11.257147405673336,11.455446867834917,4574029,53322583.62424867,0.01234518723444151,7.476944109036607,4,1,0.0028637627640795403
990020,2022-07-14,11.290889211931676,11.55083564492092,11.10319513415626,11.369831837976573,12246318,149335792.74839213,-0.011274441539340912,9.328997777842856,4,1,-0.0008406382849661956
990020,2022-07-15,11.233204185814719,11.380835930233626,11.196512803859191,11.306006111320736,4834128,58577512.67700851,-0.00032675389316586613,10.23282277768746,4,1,0.01383672441280655
990020,2022-07-18,11.453623700997264,11.572380108099216,11.089931713767795,11.223804139819599,36627668,403758010.90530235,-0.01017603097004316,9.32816699752894,4,1,0.007990186112115183
990020,2022-07-19,11.184385525413143,11.354310492343298,10.75645218043704,10.917783780293611,7060079,74665805.80569692,-0.02671673170275305,14.845464000000003,4,1,0.015292442339087945
990020,2022-07-20,11.015309663760805,11.265420131637024,10.460728086815408,10.677921426622667,16330605,152676189.1114995,-0.020324829739388307,9.11415790374821,4,1,0.009172927953842756
990020,2022-07-21,10.68791618895671,10.955421518139643,10.458575276983606,10.746413748969543,17286846,185760367.99378148,0.005696021950078615,6.598225394714066,4,1,-0.024114534161265733
990020,2022-07-22,10.810977262491862,11.048480624231694,10.63850914034616,10.876707657003788,7422932,82918411.81925653,0.009763425427814418,9.572490426356959,4,1,0.00853349734279696
990020,2022-07-25,10.96038954443555,11.003521507459565,10.775937558982298,10.860772818046247,4597201,51329207.67416204,0.00021268960451076283,11.149019826061972,4,1,0.008153267665427665
990020,2022-07-26,10.821546793568151,11.02702739085502,10.72552293466619,10.881736682250638,17338188,204354564.46194983,0.003192530614140061,7.9480665200024845,4,1,-0.012088974954632103
990020,2022-07-27,10.831205610837518,11.001065532986797,10.386183788649392,10.572884356359017,3049284,33660363.918015346,-0.03199630147508496,9.399427892097497,4,1,0.004732772213673551
990020,2022-07-28,10.481518449218049,10.66624012152643,10.356024416171865,10.526179172156393,3351253,34480274.320619315,-0.0025875660081343143,9.331402400447248,4,1,-0.030004838302520084
990020,2022-07-29,10.5199464283477,10.818806663086812,10.354370591173607,10.68856117867574,16801857,192414454.72555536,0.01471128991480437,9.35671195283575,4,1,0.004172582088765758
990020,2022-08-01,10.747230797140798,10.817247092333801,10.363475500119407,10.504664146161797,8571442,77476994.82028177,-0.018699475660761848,8.400899657218979,4,1,0.01119147832614537
990020,2022-08-02,10.428347646729875,10.630873514816212,10.166406409207202,10.353050576196894,5563278,58293289.47053777,-0.015322428914321812,11.750093498485043,4,1,0.015681784916967968
990020,2022-08-03,10.481454760426097,10.56331748931846,10.127418827935092,10.239515946492256,7082873,67344578.00021693,-0.003351754226798061,14.455637815617251,4,1,0.011452856786391833
990020,2022-08-04,10.449945975586177,10.531043323099754,9.832061927896738,9.943094516847108,6101457,50806343.47263774,-0.033180825575101894,8.001876137193507,4,1,-0.014484331642856705
990020,2022-08-05,9.883406421818622,10.394850394487957,9.629049464239445,10.155744098158175,50163250,561072480.0998237,0.024603556248458988,7.276397522688361,4,1,-0.023949671749869936
990020,2022-08-08,10.265695379408053,10.478652356809752,9.971388120113378,10.153429080577142,21880684,214921890.09407398,-0.008984159234176023,8.676488785060782,4,1,0.015382577271309497
990020,2022-08-09,10.091004036982145,10.140899228639752,9.721088457458478,9.750250446499425,5392684,55632127.00189094,-0.034764018611155384,12.480983905868998,4,1,0.006617796473505591
990020,2022-08-10,9.77779417356101,9.970889659759717,9.512755259864187,9.73458685637392,7140305,79876007.74868773,-0.00324546872167609,8.993806939938192,4,1,0.008060265346877723
990020,2022-08-11,9.707103578508454,9.920215172116603,9.649194733487686,9.833012569567595,14581876,155392078.20687667,0.01334788349763488,10.180661586742142,4,1,0.027478124782167313
990020,2022-08-12,9.958126283370385,10.076904560378424,9.395476241427975,9.492448752701547,4858700,39044760.136493474,-0.03515964768887255,7.884823361097105,4,1,-0.026267959252734188
990020,2022-08-15,9.558622481213407,9.605984881422007,8.944586651800801,9.057863076139197,6400590,56113214.54686298,-0.04855255098810465,13.425726588501476,4,1,0.029468735874449793
990020,2022-08-16,9.00220084872248,9.153799791462365,8.825151174351983,8.987985396067675,7589733,65008374.04037161,-0.006556265292122001,8.92688448909016,4,1,-0.009187878850989374
990020,2022-08-17,8.922851981140079,9.100081656836226,8.836856264198177,9.029363488471084,4582219,48724873.03422058,0.0022755728444657196,9.94828275726497,4,1,0.01348238884747877
990020,2022-08-18,8.873885364569743,9.022174952616846,8.493426517208706,8.630762059959935,23676978,202738045.35864666,-0.03933455608163322,8.072625405697364,4,1,-0.00021509763619843397
990020,2022-08-19,8.587641567406445,8.73663724048603,8.573363272931935,8.716142025056332,5286863,51065660.449969515,0.008647106684340152,7.91704949904549,4,1,-0.00564944947815731
990020,2022-08-22,8.839142791471573,8.883547536577614,8.580156539454647,8.630770981527814,8596211,81989656.88145082,-0.011241159334991783,9.461445578261394,4,1,-0.02466122718477483
990020,2022-08-23,8.731081362035818,8.825758548315303,8.514664056194164,8.63467270490554,10342121,101093409.53364651,0.00014724336737593943,9.665948812071282,4,1,-0.010989765693321345
990020,2022-08-24,8.547394269713752,8.654144652401573,8.469975153481856,8.540694720442154,33538735,324924011.92945164,-0.01039674840362188,11.224527911686002,4,1,0.007632806177707352
990020,2022-08-25,8.426333841705194,8.631998289887846,8.367307561223885,8.553078744712144,8762302,86657824.75215355,0.004949110326882703,6.728796722402324,4,1,0.005802579376638113
990020,2022-08-26,8.63894459295298,8.82622096959769,8.382934987089849,8.515317033930511,49907315,414956153.0133037,-0.005174018523365426,7.823328861401297,4,1,0.015559529579751485
990020,2022-08-29,8.563120717505798,8.618325641016913,8.399577797556539,8.455063540653166,7830012,64943507.50853092,-0.009624484948455457,8.251695771724917,4,1,-0.01130359803889574
990020,2022-08-30,8.298263426465079,8.36713834535847,7.962169504395791,8.001650808359152,8420680,65770430.005145,-0.050047409489733,9.696729816652114,4,1,0.012205230378356063
990020,2022-08-31,8.26039589717403,8.355108776116603,7.772327731459133,7.835699578188024,20591938,164409037.81200102,-0.022029238002139316,7.544563707668852,4,1,0.0010812393136259708
990020,2022-09-01,7.8591621007964,7.862280753844374,7.738467111442874,7.7667545783139875,45216945,310302872.54369164,-0.010629154218583275,9.290204906476134,4,1,0.010342351848948876
990020,2022-09-02,7.910127422521233,8.02354111807881,7.693281044635748,7.802155285466838,7643664,67168717.90061995,0.0061947638551158235,8.324394099259218,4,1,0.008387124252434703
990020,2022-09-05,7.81871048049291,8.088262007958031,7.719632888104262,8.009334921023354,26448181,205392298.8850276,0.024490956697896027,9.21624350847722,4,1,-0.007706023422521102
990020,2022-09-06,7.90204951185349,8.192296609790404,7.85589453643723,8.079850048552641,19599338,155995142.20485163,0.009447627784856851,8.107431407496346,4,1,0.004121858979399594
990020,2022-09-07,8.087467693064063,8.21903798912518,8.033003978784246,8.178363185717705,5202716,43171123.16232517,0.013608838833748789,7.727712843913988,4,1,0.007532891633387985
990020,2022-09-08,8.084321957509452,8.181353076656238,7.550368954456882,7.649445606907177,10070484,72672922.44399334,-0.06471714454705395,10.018704616416453,4,1,0.012854011954591573
990020,2022-09-09,7.660737828425031,7.824230788871974,7.564669175803307,7.746759847744107,9721468,75086486.72272643,0.008595543863162174,11.786914851693174,4,1,0.02459962435112429
