Date,Open,High,Low,Close,Adj Close,Volume
2020-02-20,34.459999084472656,35.08000183105469,34.459999084472656,34.849998474121094,29.90955352783203,42604100
2020-02-21,34.529998779296875,34.63999938964844,34.13999938964844,34.36000061035156,29.4890193939209,46675500
2020-02-24,33.18000030517578,33.209999084472656,32.52000045776367,32.72999954223633,28.090085983276367,79159600
2020-02-25,32.689998626708984,32.7599983215332,30.84000015258789,31.079999923706055,26.673999786376953,91586800
2020-02-26,31.389999389648438,31.600000381469727,30.559999465942383,30.6299991607666,26.287790298461914,80012800
2020-02-27,29.549999237060547,30.299999237060547,28.90999984741211,29.1299991607666,25.000436782836914,121148300
2020-02-28,28.0,28.75,27.700000762939453,28.5,24.459747314453125,171198800
2020-03-02,28.350000381469727,29.3799991607666,27.440000534057617,29.3700008392334,25.206417083740234,147776300
2020-03-03,29.3700008392334,29.75,27.6200008392334,27.75,23.81606674194336,138698500
2020-03-04,28.25,28.420000076293945,27.399999618530273,28.389999389648438,24.365345001220703,111239800
2020-03-05,27.239999771118164,27.350000381469727,26.399999618530273,26.780000686645508,23.13023567199707,110878700
2020-03-06,25.469999313354492,26.209999084472656,25.100000381469727,25.709999084472656,22.206058502197266,119121200
2020-03-09,22.229999542236328,23.489999771118164,21.510000228881836,21.93000030517578,18.941225051879883,145196000
2020-03-10,23.25,23.68000030517578,21.59000015258789,23.610000610351562,20.392261505126953,134863600
2020-03-11,22.84000015258789,23.959999084472656,22.260000228881836,22.670000076293945,19.580371856689453,127347000
2020-03-12,20.59000015258789,22.8700008392334,20.149999618530273,20.510000228881836,17.714754104614258,139552600
2020-03-13,22.190000534057617,24.25,21.479999542236328,24.15999984741211,20.867307662963867,128357400
2020-03-16,19.850000381469727,21.729999542236328,19.579999923706055,20.440000534057617,17.654293060302734,121688800
2020-03-17,21.059999465942383,22.690000534057617,20.030000686645508,21.979999542236328,18.984411239624023,120065700
2020-03-18,20.270000457763672,20.969999313354492,19.700000762939453,20.790000915527344,17.956594467163086,148272500
2020-03-19,20.260000228881836,21.75,19.0,21.200000762939453,18.310714721679688,122461300
2020-03-20,21.760000228881836,21.84000015258789,19.559999465942383,19.670000076293945,16.989233016967773,150910400
2020-03-23,19.260000228881836,19.670000076293945,17.950000762939453,18.079999923706055,15.61593246459961,181898500
2020-03-24,19.420000076293945,21.149999618530273,19.010000228881836,21.030000686645508,18.163883209228516,147882400
2020-03-25,21.709999084472656,22.100000381469727,20.40999984741211,21.100000381469727,18.22434425354004,146991300
2020-03-26,21.309999465942383,22.950000762939453,21.170000076293945,22.719999313354492,19.623559951782227,116111400
2020-03-27,21.68000030517578,22.200000762939453,21.100000381469727,21.600000381469727,18.656200408935547,91522800
2020-03-30,21.649999618530273,22.350000381469727,21.270000457763672,22.040000915527344,19.03623390197754,80449100
2020-03-31,21.81999969482422,22.489999771118164,20.959999084472656,21.229999542236328,18.336626052856445,95213700
2020-04-01,19.93000030517578,20.350000381469727,19.510000228881836,19.770000457763672,17.075599670410156,83961300
2020-04-02,19.649999618530273,20.790000915527344,19.59000015258789,20.56999969482422,17.766572952270508,70007400
2020-04-03,20.399999618530273,20.739999771118164,19.68000030517578,20.030000686645508,17.300174713134766,68293500
2020-04-06,21.030000686645508,21.600000381469727,20.809999465942383,21.389999389648438,18.474817276000977,97766200
2020-04-07,22.799999237060547,22.8799991607666,21.850000381469727,22.139999389648438,19.122608184814453,94560300
2020-04-08,22.40999984741211,23.600000381469727,22.40999984741211,23.450000762939453,20.254072189331055,81212300
2020-04-09,24.06999969482422,25.31999969482422,24.049999237060547,24.860000610351562,21.47190284729004,125275700
2020-04-13,24.780000686645508,24.850000381469727,23.780000686645508,23.920000076293945,20.66001319885254,83164700
2020-04-14,24.5,24.649999618530273,23.100000381469727,23.729999542236328,20.495908737182617,88991100
2020-04-15,22.15999984741211,22.649999618530273,21.90999984741211,22.190000534057617,19.16579246520996,99082200
2020-04-16,22.149999618530273,22.209999084472656,21.09000015258789,21.420000076293945,18.50072479248047,89213300
2020-04-17,22.34000015258789,23.399999618530273,22.309999465942383,23.280000686645508,20.107236862182617,92800300
2020-04-20,22.56999969482422,23.1299991607666,22.18000030517578,22.5,19.433542251586914,74446300
2020-04-21,21.899999618530273,22.3700008392334,21.5,21.639999389648438,18.690746307373047,78871300
2020-04-22,22.15999984741211,22.229999542236328,21.75,21.799999237060547,18.828941345214844,49669500
2020-04-23,21.959999084472656,22.389999389648438,21.850000381469727,21.8700008392334,18.889402389526367,50614800
2020-04-24,22.110000610351562,22.299999237060547,21.670000076293945,22.18000030517578,19.15715217590332,47633500
2020-04-27,22.520000457763672,23.649999618530273,22.450000762939453,23.469999313354492,20.271343231201172,66916700
2020-04-28,24.450000762939453,24.809999465942383,23.850000381469727,23.889999389648438,20.63410186767578,65504900
2020-04-29,24.90999984741211,25.110000610351562,24.510000228881836,24.780000686645508,21.402807235717773,73493900
2020-04-30,24.209999084472656,24.3799991607666,23.850000381469727,24.049999237060547,20.772296905517578,55244100
2020-05-01,23.3799991607666,23.459999084472656,22.809999465942383,23.079999923706055,19.934497833251953,51772600
2020-05-04,22.700000762939453,22.989999771118164,22.43000030517578,22.93000030517578,19.804941177368164,45886100
2020-05-05,23.479999542236328,23.520000457763672,22.6200008392334,22.65999984741211,19.571739196777344,45691900
2020-05-06,23.0,23.079999923706055,22.229999542236328,22.350000381469727,19.30398941040039,53874600
2020-05-07,22.65999984741211,23.3700008392334,22.610000610351562,22.84000015258789,19.727205276489258,51884300
2020-05-08,23.469999313354492,23.6200008392334,23.25,23.56999969482422,20.357717514038086,45181000
2020-05-11,23.110000610351562,23.1200008392334,22.559999465942383,22.579999923706055,19.502639770507812,68951800
2020-05-12,22.709999084472656,22.81999969482422,21.850000381469727,21.8700008392334,18.889402389526367,69588700
2020-05-13,21.65999984741211,21.75,20.719999313354492,20.8700008392334,18.025693893432617,112113400
2020-05-14,20.290000915527344,21.790000915527344,20.100000381469727,21.709999084472656,18.75120735168457,88359100
2020-05-15,21.399999618530273,21.700000762939453,21.229999542236328,21.440000534057617,18.518007278442383,64484000
2020-05-18,22.420000076293945,23.059999465942383,22.06999969482422,22.93000030517578,19.804941177368164,86589400
2020-05-19,22.65999984741211,23.0,22.190000534057617,22.209999084472656,19.183059692382812,62179000
2020-05-20,22.68000030517578,23.0,22.639999389648438,22.90999984741211,19.78766632080078,59789500
2020-05-21,22.809999465942383,23.270000457763672,22.780000686645508,22.899999618530273,19.779027938842773,57726000
2020-05-22,22.93000030517578,22.950000762939453,22.459999084472656,22.65999984741211,19.571739196777344,48107000
2020-05-26,23.75,24.600000381469727,23.700000762939453,24.280000686645508,20.970949172973633,119485500
2020-05-27,26.06999969482422,26.170000076293945,24.969999313354492,25.979999542236328,22.439260482788086,117672700
2020-05-28,26.079999923706055,26.139999389648438,24.790000915527344,24.860000610351562,21.47190284729004,84340800
2020-05-29,24.420000076293945,24.90999984741211,24.059999465942383,24.1200008392334,20.8327579498291,113811100
2020-06-01,24.280000686645508,24.8700008392334,24.049999237060547,24.610000610351562,21.255971908569336,58375500
2020-06-02,24.959999084472656,25.389999389648438,24.559999465942383,24.84000015258789,21.45462989807129,71118100
2020-06-03,25.5,26.139999389648438,25.389999389648438,25.989999771118164,22.447895050048828,86744600
2020-06-04,25.709999084472656,26.829999923706055,25.56999969482422,26.780000686645508,23.291547775268555,94545300
2020-06-05,28.950000762939453,29.010000228881836,27.8799991607666,28.110000610351562,24.448293685913086,118767900
2020-06-08,28.59000015258789,28.899999618530273,28.139999389648438,28.540000915527344,24.822282791137695,79598500
2020-06-09,27.719999313354492,28.540000915527344,27.549999237060547,28.219999313354492,24.543960571289062,77773400
2020-06-10,27.969999313354492,28.100000381469727,26.510000228881836,26.600000381469727,23.13499641418457,90415300
2020-06-11,24.979999542236328,25.690000534057617,23.68000030517578,23.93000030517578,20.81279754638672,149875500
2020-06-12,25.030000686645508,25.049999237060547,24.040000915527344,24.780000686645508,21.552072525024414,73729700
2020-06-15,23.760000228881836,25.170000076293945,23.690000534057617,25.149999618530273,21.873868942260742,76538900
2020-06-16,26.18000030517578,26.239999771118164,24.860000610351562,25.799999237060547,22.439197540283203,96796500
2020-06-17,25.899999618530273,25.899999618530273,24.920000076293945,25.0,21.74341583251953,58349500
2020-06-18,24.700000762939453,25.489999771118164,24.579999923706055,25.040000915527344,21.7782039642334,53419000
2020-06-19,25.440000534057617,25.489999771118164,24.489999771118164,25.25,21.96084976196289,127563600
2020-06-22,24.889999389648438,25.030000686645508,24.610000610351562,24.6200008392334,21.412912368774414,55484300
2020-06-23,25.010000228881836,25.40999984741211,24.760000228881836,24.790000915527344,21.560771942138672,46108300
2020-06-24,24.540000915527344,24.540000915527344,23.68000030517578,23.809999465942383,20.708431243896484,75437100
2020-06-25,23.700000762939453,24.770000457763672,23.549999237060547,24.719999313354492,21.499887466430664,65031900
2020-06-26,24.09000015258789,24.110000610351562,23.020000457763672,23.149999618530273,20.1343994140625,118139200
2020-06-29,23.40999984741211,23.84000015258789,23.100000381469727,23.389999389648438,20.343135833740234,66269200
2020-06-30,23.200000762939453,23.90999984741211,23.100000381469727,23.75,20.65625,61716200
2020-07-01,24.030000686645508,24.06999969482422,23.229999542236328,23.260000228881836,20.230073928833008,57379900
2020-07-02,23.84000015258789,23.989999771118164,23.219999313354492,23.290000915527344,20.256168365478516,56000200
2020-07-06,23.81999969482422,24.079999923706055,23.459999084472656,23.65999984741211,20.577966690063477,59589000
2020-07-07,23.3799991607666,23.389999389648438,22.899999618530273,23.010000228881836,20.01263427734375,60645800
2020-07-08,23.030000686645508,23.190000534057617,22.700000762939453,23.100000381469727,20.090913772583008,52922600
2020-07-09,22.940000534057617,23.15999984741211,22.389999389648438,22.770000457763672,19.80389976501465,79385900
2020-07-10,22.709999084472656,24.049999237060547,22.68000030517578,24.020000457763672,20.891067504882812,81142900
2020-07-13,24.3700008392334,24.510000228881836,23.860000610351562,24.190000534057617,21.03892707824707,73598100
2020-07-14,23.889999389648438,24.149999618530273,23.450000762939453,24.139999389648438,20.995441436767578,67423100
2020-07-15,24.760000228881836,24.8700008392334,24.280000686645508,24.600000381469727,21.395523071289062,57384400
2020-07-16,23.75,24.219999313354492,23.540000915527344,23.93000030517578,20.81279754638672,78067100
2020-07-17,23.8799991607666,23.979999542236328,23.200000762939453,23.219999313354492,20.195281982421875,66659100
2020-07-20,23.190000534057617,23.700000762939453,23.110000610351562,23.579999923706055,20.508390426635742,61114000
2020-07-21,23.709999084472656,24.479999542236328,23.690000534057617,24.420000076293945,21.238964080810547,75499300
2020-07-22,24.239999771118164,24.329999923706055,23.969999313354492,24.309999465942383,21.14329719543457,52193700
2020-07-23,24.520000457763672,24.639999389648438,24.110000610351562,24.540000915527344,21.343338012695312,61047600
2020-07-24,24.559999465942383,24.829999923706055,24.270000457763672,24.350000381469727,21.178083419799805,50217600
2020-07-27,24.219999313354492,24.270000457763672,23.8799991607666,24.139999389648438,20.995441436767578,54721300
2020-07-28,24.1299991607666,24.559999465942383,24.079999923706055,24.360000610351562,21.18678092956543,48406500
2020-07-29,24.360000610351562,25.290000915527344,24.190000534057617,25.270000457763672,21.978242874145508,71393500
2020-07-30,24.719999313354492,24.950000762939453,24.350000381469727,24.84000015258789,21.604257583618164,61755900
2020-07-31,24.93000030517578,24.950000762939453,24.459999084472656,24.8799991607666,21.639039993286133,61955800
2020-08-03,25.030000686645508,25.309999465942383,24.690000534057617,24.989999771118164,21.734712600708008,58284000
2020-08-04,24.959999084472656,25.059999465942383,24.860000610351562,25.010000228881836,21.75210952758789,37985300
2020-08-05,25.31999969482422,25.59000015258789,25.25,25.389999389648438,22.08261489868164,51322600
2020-08-06,25.450000762939453,25.670000076293945,25.280000686645508,25.469999313354492,22.152185440063477,51999700
2020-08-07,25.34000015258789,26.190000534057617,25.260000228881836,26.110000610351562,22.708818435668945,63354500
2020-08-10,26.309999465942383,26.809999465942383,26.209999084472656,26.559999465942383,23.100200653076172,64051100
2020-08-11,27.280000686645508,27.75,26.780000686645508,26.920000076293945,23.41330909729004,81441000
2020-08-12,27.479999542236328,27.56999969482422,26.40999984741211,26.729999542236328,23.24805450439453,61971300
2020-08-13,26.489999771118164,26.670000076293945,26.139999389648438,26.350000381469727,22.91756248474121,55955500
2020-08-14,26.059999465942383,26.65999984741211,25.920000076293945,26.469999313354492,23.021926879882812,50931900
2020-08-17,26.309999465942383,26.40999984741211,25.84000015258789,25.899999618530273,22.52617645263672,57518700
2020-08-18,25.8700008392334,25.989999771118164,25.459999084472656,25.530000686645508,22.204370498657227,45850100
2020-08-19,25.65999984741211,26.079999923706055,25.389999389648438,25.5,22.17828369140625,59856000
2020-08-20,25.15999984741211,25.329999923706055,25.020000457763672,25.100000381469727,21.83039093017578,49403700
2020-08-21,24.979999542236328,25.43000030517578,24.899999618530273,24.979999542236328,21.72601890563965,55010700
2020-08-24,25.219999313354492,25.700000762939453,25.040000915527344,25.690000534057617,22.343530654907227,54579500
2020-08-25,26.040000915527344,26.190000534057617,25.729999542236328,26.0,22.61315155029297,57304700
2020-08-26,25.940000534057617,25.940000534057617,25.540000915527344,25.559999465942383,22.2304630279541,39478000
2020-08-27,25.489999771118164,26.219999313354492,25.440000534057617,26.049999237060547,22.65663719177246,52934800
2020-08-28,26.399999618530273,26.469999313354492,25.989999771118164,26.299999237060547,22.87407112121582,46466400
2020-08-31,26.09000015258789,26.139999389648438,25.690000534057617,25.739999771118164,22.387020111083984,49416200
2020-09-01,25.579999923706055,25.899999618530273,25.399999618530273,25.709999084472656,22.360923767089844,46109200
2020-09-02,25.530000686645508,26.15999984741211,25.489999771118164,26.020000457763672,22.630544662475586,57300900
2020-09-03,26.200000762939453,26.6200008392334,25.459999084472656,25.65999984741211,22.472904205322266,86192500
2020-09-04,26.260000228881836,26.760000228881836,25.799999237060547,26.540000915527344,23.24360466003418,99621400
2020-09-08,26.139999389648438,26.31999969482422,25.389999389648438,25.479999542236328,22.315256118774414,74978600
2020-09-09,25.639999389648438,25.719999313354492,25.229999542236328,25.510000228881836,22.341529846191406,53822700
2020-09-10,25.700000762939453,25.889999389648438,25.079999923706055,25.139999389648438,22.01749038696289,56609600
2020-09-11,25.219999313354492,25.579999923706055,25.09000015258789,25.5,22.332775115966797,47708300
2020-09-14,25.670000076293945,25.989999771118164,25.540000915527344,25.75,22.551727294921875,47802400
2020-09-15,25.770000457763672,25.829999923706055,25.190000534057617,25.280000686645508,22.140098571777344,63820200
2020-09-16,25.280000686645508,25.90999984741211,25.049999237060547,25.600000381469727,22.420358657836914,64598600
2020-09-17,25.1299991607666,25.479999542236328,25.100000381469727,25.350000381469727,22.201406478881836,48862000
2020-09-18,25.149999618530273,25.579999923706055,25.100000381469727,25.209999084472656,22.078794479370117,94055800
2020-09-21,24.56999969482422,24.780000686645508,24.030000686645508,24.469999313354492,21.430702209472656,75218600
2020-09-22,24.270000457763672,24.600000381469727,23.809999465942383,23.940000534057617,20.966537475585938,68665300
2020-09-23,24.100000381469727,24.260000228881836,23.260000228881836,23.260000228881836,20.370994567871094,59950300
2020-09-24,23.3799991607666,23.81999969482422,22.950000762939453,23.34000015258789,20.441059112548828,53570700
2020-09-25,23.280000686645508,23.549999237060547,23.1299991607666,23.489999771118164,20.57242774963379,42111300
2020-09-28,23.8799991607666,24.309999465942383,23.790000915527344,24.09000015258789,21.097904205322266,47996900
2020-09-29,23.979999542236328,23.989999771118164,23.530000686645508,23.770000457763672,20.817646026611328,45695200
2020-09-30,23.780000686645508,24.31999969482422,23.770000457763672,24.09000015258789,21.097904205322266,56226100
2020-10-01,24.270000457763672,24.40999984741211,23.860000610351562,24.100000381469727,21.106660842895508,44782200
2020-10-02,23.639999389648438,24.43000030517578,23.56999969482422,24.209999084472656,21.203001022338867,51682100
2020-10-05,24.520000457763672,24.709999084472656,24.3799991607666,24.6200008392334,21.56207275390625,44396800
2020-10-06,24.920000076293945,25.190000534057617,24.280000686645508,24.3700008392334,21.343128204345703,67541100
2020-10-07,24.6299991607666,25.110000610351562,24.600000381469727,24.8799991607666,21.789775848388672,47648000
2020-10-08,24.950000762939453,25.299999237060547,24.809999465942383,25.239999771118164,22.10506820678711,52080600
2020-10-09,25.34000015258789,25.489999771118164,25.040000915527344,25.360000610351562,22.210163116455078,44511500
2020-10-12,25.299999237060547,25.829999923706055,25.239999771118164,25.68000030517578,22.490421295166016,48362900
2020-10-13,25.639999389648438,25.68000030517578,24.84000015258789,24.950000762939453,21.851089477539062,61186900
2020-10-14,24.350000381469727,24.59000015258789,23.59000015258789,23.6200008392334,20.686281204223633,127409500
2020-10-15,23.59000015258789,24.200000762939453,23.479999542236328,24.149999618530273,21.150449752807617,66832400
2020-10-16,24.200000762939453,24.350000381469727,23.940000534057617,24.239999771118164,21.229272842407227,58357700
2020-10-19,24.299999237060547,24.31999969482422,23.690000534057617,23.719999313354492,20.77385902404785,51377900
2020-10-20,23.889999389648438,24.479999542236328,23.8799991607666,24.139999389648438,21.14169692993164,62476400
2020-10-21,24.219999313354492,24.34000015258789,24.010000228881836,24.049999237060547,21.062868118286133,41564900
2020-10-22,24.049999237060547,24.90999984741211,24.0,24.8700008392334,21.78102684020996,55402000
2020-10-23,25.239999771118164,25.260000228881836,24.709999084472656,24.899999618530273,21.80729103088379,51007400
2020-10-26,24.469999313354492,24.579999923706055,24.149999618530273,24.540000915527344,21.492015838623047,59450200
2020-10-27,24.290000915527344,24.389999389648438,23.809999465942383,23.850000381469727,20.887710571289062,55009300
2020-10-28,23.40999984741211,23.65999984741211,23.1200008392334,23.469999313354492,20.55491065979004,81942500
2020-10-29,23.360000610351562,23.75,23.1200008392334,23.540000915527344,20.616220474243164,57490400
2020-10-30,23.489999771118164,23.84000015258789,23.239999771118164,23.700000762939453,20.756345748901367,66453400
2020-11-02,23.889999389648438,24.260000228881836,23.469999313354492,24.079999923706055,21.089149475097656,59756400
2020-11-03,24.579999923706055,24.940000534057617,24.510000228881836,24.690000534057617,21.62337875366211,65106200
2020-11-04,23.889999389648438,24.139999389648438,23.270000457763672,23.68000030517578,20.738828659057617,88845500
2020-11-05,23.899999618530273,24.790000915527344,23.860000610351562,24.610000610351562,21.553314208984375,74722600
2020-11-06,24.93000030517578,24.959999084472656,24.229999542236328,24.309999465942383,21.290578842163086,55454500
2020-11-09,26.600000381469727,28.270000457763672,26.299999237060547,27.760000228881836,24.312070846557617,178378800
2020-11-10,27.489999771118164,27.760000228881836,27.18000030517578,27.65999984741211,24.224491119384766,77694600
2020-11-11,27.75,27.770000457763672,27.1200008392334,27.34000015258789,23.944236755371094,48360900
2020-11-12,26.84000015258789,26.899999618530273,26.309999465942383,26.690000534057617,23.374975204467773,67912600
2020-11-13,26.8799991607666,27.209999084472656,26.760000228881836,27.0,23.646469116210938,52421000
2020-11-16,27.860000610351562,28.0,27.18000030517578,27.579999923706055,24.154428482055664,57396700
2020-11-17,27.25,27.600000381469727,27.010000228881836,27.549999237060547,24.128156661987305,46402300
2020-11-18,27.6299991607666,27.93000030517578,26.959999084472656,26.979999542236328,23.628952026367188,54416700
2020-11-19,26.93000030517578,27.010000228881836,26.649999618530273,26.979999542236328,23.628952026367188,46423000
2020-11-20,26.739999771118164,26.950000762939453,26.6299991607666,26.809999465942383,23.480070114135742,40538000
2020-11-23,27.110000610351562,27.520000457763672,27.059999465942383,27.389999389648438,23.988025665283203,45421200
2020-11-24,27.93000030517578,28.989999771118164,27.920000076293945,28.979999542236328,25.380537033081055,80387800
2020-11-25,28.709999084472656,29.040000915527344,28.479999542236328,29.030000686645508,25.424333572387695,57249900
2020-11-27,28.969999313354492,29.100000381469727,28.809999465942383,28.989999771118164,25.389297485351562,25971600
2020-11-30,28.719999313354492,28.860000610351562,28.100000381469727,28.15999984741211,24.66238784790039,63567900
2020-12-01,28.739999771118164,29.040000915527344,28.670000076293945,28.690000534057617,25.126562118530273,50255100
2020-12-02,28.690000534057617,29.18000030517578,28.530000686645508,29.059999465942383,25.45060157775879,45257500
2020-12-03,28.940000534057617,29.100000381469727,28.6299991607666,28.90999984741211,25.477039337158203,54013700
2020-12-04,29.200000762939453,29.43000030517578,29.0,29.290000915527344,25.81192398071289,66188200
2020-12-07,28.899999618530273,29.149999618530273,28.690000534057617,29.09000015258789,25.63566780090332,42197800
2020-12-08,28.860000610351562,29.149999618530273,28.770000457763672,28.93000030517578,25.494670867919922,33869100
2020-12-09,29.25,29.25,28.75,28.799999237060547,25.38010597229004,54886300
2020-12-10,28.6299991607666,29.1299991607666,28.469999313354492,29.110000610351562,25.653295516967773,58859600
2020-12-11,28.68000030517578,28.75,28.299999237060547,28.56999969482422,25.177412033081055,40538400
2020-12-14,28.920000076293945,28.959999084472656,28.139999389648438,28.219999313354492,24.868976593017578,40267100
2020-12-15,28.350000381469727,28.81999969482422,28.25,28.639999389648438,25.23910140991211,43672700
2020-12-16,28.799999237060547,28.81999969482422,28.440000534057617,28.719999313354492,25.309602737426758,42463200
2020-12-17,28.709999084472656,28.920000076293945,28.530000686645508,28.829999923706055,25.406539916992188,43182700
2020-12-18,28.889999389648438,29.100000381469727,28.56999969482422,28.670000076293945,25.265541076660156,82817200
2020-12-21,29.100000381469727,29.989999771118164,28.729999542236328,29.739999771118164,26.20848274230957,93397400
2020-12-22,29.780000686645508,29.780000686645508,29.170000076293945,29.209999084472656,25.741418838500977,39054300
2020-12-23,29.389999389648438,30.350000381469727,29.329999923706055,30.049999237060547,26.48167610168457,52537200
2020-12-24,30.270000457763672,30.270000457763672,29.739999771118164,29.959999084472656,26.402362823486328,22632300
2020-12-28,30.229999542236328,30.549999237060547,29.989999771118164,30.1299991607666,26.552175521850586,32861200
2020-12-29,30.170000076293945,30.25,29.93000030517578,30.010000228881836,26.44642448425293,33291900
2020-12-30,30.0,30.219999313354492,29.940000534057617,29.979999542236328,26.41998863220215,26370100
2020-12-31,30.010000228881836,30.389999389648438,29.899999618530273,30.309999465942383,26.71079444885254,28716000
2021-01-04,30.459999084472656,30.56999969482422,29.75,30.030000686645508,26.464048385620117,51483900
2021-01-05,30.170000076293945,30.540000915527344,29.90999984741211,30.260000228881836,26.66674041748047,48507000
2021-01-06,31.899999618530273,32.619998931884766,31.360000610351562,32.150001525878906,28.332304000854492,107002800
2021-01-07,33.310001373291016,33.619998931884766,32.84000015258789,32.86000061035156,28.957992553710938,74358500
2021-01-08,32.91999816894531,33.0,32.11000061035156,32.529998779296875,28.667177200317383,44641400
2021-01-11,32.09000015258789,33.130001068115234,31.899999618530273,33.06999969482422,29.14305305480957,51868200
2021-01-12,33.41999816894531,33.970001220703125,33.20000076293945,33.65999984741211,29.662996292114258,68166200
2021-01-13,33.43000030517578,33.68000030517578,33.09000015258789,33.459999084472656,29.486745834350586,43172800
2021-01-14,33.47999954223633,34.369998931884766,33.41999816894531,33.9900016784668,29.95380973815918,48483500
2021-01-15,33.290000915527344,33.630001068115234,32.70000076293945,33.0099983215332,29.090177536010742,57684300
2021-01-19,32.5,33.599998474121094,32.20000076293945,32.77000045776367,28.878677368164062,78130200
2021-01-20,32.7599983215332,32.790000915527344,32.15999984741211,32.34000015258789,28.49974250793457,53920000
2021-01-21,32.34000015258789,32.47999954223633,31.729999542236328,31.770000457763672,27.9974308013916,49626600
2021-01-22,31.360000610351562,31.75,31.25,31.549999237060547,27.803550720214844,45314500
2021-01-25,31.270000457763672,31.299999237060547,30.56999969482422,31.15999984741211,27.459863662719727,48078400
2021-01-26,31.399999618530273,31.43000030517578,30.90999984741211,30.940000534057617,27.265987396240234,36373000
2021-01-27,30.309999465942383,30.43000030517578,29.670000076293945,29.829999923706055,26.287797927856445,63809200
2021-01-28,30.420000076293945,30.75,29.920000076293945,30.31999969482422,26.719608306884766,51223300
2021-01-29,30.399999618530273,30.5,29.59000015258789,29.649999618530273,26.12917137145996,64019100
2021-02-01,29.8700008392334,30.040000915527344,29.56999969482422,29.959999084472656,26.402362823486328,40985300
2021-02-02,30.579999923706055,31.200000762939453,30.540000915527344,31.030000686645508,27.34529685974121,53527000
2021-02-03,30.90999984741211,31.729999542236328,30.8799991607666,31.579999923706055,27.829988479614258,49404900
2021-02-04,31.799999237060547,32.529998779296875,31.780000686645508,32.5,28.64073944091797,51751900
2021-02-05,32.88999938964844,32.90999984741211,32.31999969482422,32.369998931884766,28.52617645263672,42008800
2021-02-08,32.43000030517578,33.279998779296875,32.400001525878906,33.09000015258789,29.160682678222656,46014100
2021-02-09,32.970001220703125,33.02000045776367,32.59000015258789,32.95000076293945,29.03730010986328,35868600
2021-02-10,33.119998931884766,33.41999816894531,32.86000061035156,32.97999954223633,29.063745498657227,45031900
2021-02-11,32.970001220703125,33.310001373291016,32.54999923706055,32.880001068115234,28.975618362426758,29479900
2021-02-12,33.0,33.45000076293945,32.90999984741211,33.369998931884766,29.407432556152344,37468300
2021-02-16,33.97999954223633,34.560001373291016,33.70000076293945,34.27000045776367,30.200557708740234,52802600
2021-02-17,34.040000915527344,34.560001373291016,33.790000915527344,34.40999984741211,30.32393455505371,45455300
2021-02-18,34.060001373291016,34.650001525878906,34.02000045776367,34.189998626708984,30.130064010620117,37541700
2021-02-19,34.20000076293945,34.72999954223633,34.18000030517578,34.540000915527344,30.438505172729492,54514100
2021-02-22,34.45000076293945,35.25,34.40999984741211,35.150001525878906,30.97606086730957,56783400
2021-02-23,35.41999816894531,35.88999938964844,35.13999938964844,35.52000045776367,31.302135467529297,67440700
2021-02-24,35.7400016784668,36.52000045776367,35.599998474121094,36.380001068115234,32.06000518798828,58139500
2021-02-25,36.959999084472656,37.029998779296875,35.7599983215332,35.93000030517578,31.6634464263916,74762000
2021-02-26,35.72999954223633,36.029998779296875,34.68000030517578,34.709999084472656,30.588308334350586,70933300
2021-03-01,35.52000045776367,36.04999923706055,35.2400016784668,35.790000915527344,31.540069580078125,45901700
2021-03-02,35.650001525878906,35.939998626708984,35.5,35.529998779296875,31.310941696166992,41167400
2021-03-03,35.970001220703125,36.970001220703125,35.84000015258789,36.41999816894531,32.09525680541992,66047000
2021-03-04,36.13999938964844,36.869998931884766,35.91999816894531,36.5,32.32551193237305,96512800
2021-03-05,37.029998779296875,37.599998474121094,36.16999816894531,36.93000030517578,32.70634078979492,74292300
2021-03-08,37.380001068115234,37.72999954223633,36.81999969482422,37.130001068115234,32.88346481323242,65335500
2021-03-09,36.54999923706055,37.15999984741211,35.810001373291016,36.31999969482422,32.16610336303711,63946000
2021-03-10,36.540000915527344,37.529998779296875,36.369998931884766,37.369998931884766,33.09601974487305,53365600
2021-03-11,37.27000045776367,37.790000915527344,36.849998474121094,37.2400016784668,32.980899810791016,45834000
2021-03-12,37.91999816894531,38.18000030517578,37.58000183105469,37.939998626708984,33.600830078125,46069600
2021-03-15,38.029998779296875,38.06999969482422,37.220001220703125,37.75,33.43256378173828,50131600
2021-03-16,37.41999816894531,37.720001220703125,36.970001220703125,37.63999938964844,33.33513641357422,50300400
2021-03-17,38.0,38.36000061035156,37.33000183105469,37.95000076293945,33.60968780517578,63796000
2021-03-18,38.5099983215332,39.970001220703125,38.41999816894531,38.939998626708984,34.486454010009766,95439700
2021-03-19,38.290000915527344,38.91999816894531,37.529998779296875,38.529998779296875,34.123348236083984,106252700
2021-03-22,38.08000183105469,38.380001068115234,37.400001525878906,37.65999984741211,33.35285568237305,54701300
2021-03-23,37.36000061035156,37.81999969482422,36.779998779296875,36.900001525878906,32.67978286743164,49838000
2021-03-24,37.209999084472656,37.790000915527344,36.88999938964844,36.900001525878906,32.67978286743164,43896800
2021-03-25,36.869998931884766,37.75,36.630001068115234,37.65999984741211,33.35285568237305,47517900
2021-03-26,38.349998474121094,38.7599983215332,38.08000183105469,38.68000030517578,34.256195068359375,66846000
2021-03-29,38.04999923706055,38.630001068115234,37.86000061035156,38.310001373291016,33.92851638793945,45680000
2021-03-30,38.630001068115234,39.459999084472656,38.630001068115234,38.9900016784668,34.530738830566406,56705900
2021-03-31,38.619998931884766,38.9900016784668,38.459999084472656,38.689998626708984,34.265045166015625,49270000
2021-04-01,38.83000183105469,39.52000045776367,38.720001220703125,39.4900016784668,34.97356033325195,65587000
2021-04-05,40.0,40.279998779296875,39.599998474121094,39.79999923706055,35.248104095458984,50328500
2021-04-06,39.529998779296875,40.150001525878906,39.459999084472656,39.689998626708984,35.15068435668945,42590100
2021-04-07,39.77000045776367,40.150001525878906,39.59000015258789,40.04999923706055,35.469512939453125,43136400
2021-04-08,39.79999923706055,39.849998474121094,39.220001220703125,39.70000076293945,35.15953826904297,45285900
2021-04-09,39.90999984741211,40.18000030517578,39.5099983215332,39.9900016784668,35.41637420654297,45872900
2021-04-12,39.9900016784668,40.380001068115234,39.849998474121094,40.060001373291016,35.47836685180664,45544600
2021-04-13,39.810001373291016,39.81999969482422,39.20000076293945,39.31999969482422,34.822998046875,46770400
2021-04-14,38.97999954223633,40.33000183105469,38.91999816894531,39.880001068115234,35.318946838378906,52023800
2021-04-15,39.72999954223633,39.84000015258789,38.04999923706055,38.7400016784668,34.30933380126953,118128900
2021-04-16,39.310001373291016,39.41999816894531,38.90999984741211,39.150001525878906,34.67245101928711,60633400
2021-04-19,39.38999938964844,39.43000030517578,39.029998779296875,39.16999816894531,34.690147399902344,42321100
2021-04-20,39.0,39.0,37.88999938964844,38.08000183105469,33.724815368652344,50834100
2021-04-21,37.75,38.779998779296875,37.40999984741211,38.720001220703125,34.29161834716797,37851800
2021-04-22,38.75,38.77000045776367,38.16999816894531,38.36000061035156,33.97279357910156,48093400
2021-04-23,38.31999969482422,39.34000015258789,38.220001220703125,39.18000030517578,34.69900894165039,48674100
2021-04-26,39.349998474121094,39.849998474121094,39.279998779296875,39.40999984741211,34.9026985168457,34699800
2021-04-27,39.66999816894531,39.91999816894531,39.5099983215332,39.880001068115234,35.318946838378906,34304800
2021-04-28,39.93000030517578,40.220001220703125,39.880001068115234,40.029998779296875,35.45180130004883,34084400
2021-04-29,40.54999923706055,41.130001068115234,40.459999084472656,41.11000061035156,36.40827941894531,44008700
2021-04-30,40.84000015258789,40.900001525878906,40.470001220703125,40.529998779296875,35.894615173339844,39203400
2021-05-03,40.869998931884766,41.04999923706055,40.41999816894531,40.560001373291016,35.92117691040039,41940500
2021-05-04,40.2400016784668,41.08000183105469,39.779998779296875,41.0,36.310855865478516,53880000
2021-05-05,41.20000076293945,41.560001373291016,40.7599983215332,41.38999938964844,36.6562614440918,37471100
2021-05-06,41.47999954223633,42.060001373291016,41.2400016784668,42.0099983215332,37.205345153808594,39044400
2021-05-07,41.130001068115234,42.25,41.11000061035156,42.18000030517578,37.35590362548828,39249200
2021-05-10,42.5,42.939998626708984,42.029998779296875,42.04999923706055,37.240779876708984,41271500
2021-05-11,41.54999923706055,42.34000015258789,41.34000015258789,41.56999969482422,36.81566619873047,42964700
2021-05-12,42.380001068115234,42.560001373291016,41.040000915527344,41.18000030517578,36.470272064208984,47533000
2021-05-13,40.86000061035156,42.09000015258789,40.779998779296875,41.84000015258789,37.05479049682617,42026100
2021-05-14,42.060001373291016,42.47999954223633,41.91999816894531,42.36000061035156,37.51531219482422,30932600
2021-05-17,42.2400016784668,42.849998474121094,42.15999984741211,42.7400016784668,37.85185623168945,32656400
2021-05-18,42.70000076293945,42.95000076293945,42.13999938964844,42.15999984741211,37.33819580078125,37880300
2021-05-19,41.650001525878906,42.0,41.310001373291016,41.970001220703125,37.169921875,42672800
2021-05-20,41.900001525878906,42.130001068115234,41.459999084472656,41.869998931884766,37.08135986328125,36871100
2021-05-21,42.02000045776367,42.599998474121094,41.88999938964844,42.400001525878906,37.55073928833008,40243800
2021-05-24,42.58000183105469,42.779998779296875,42.25,42.630001068115234,37.75444412231445,31390800
2021-05-25,42.689998626708984,43.2599983215332,41.93000030517578,42.0099983215332,37.205345153808594,52657700
2021-05-26,42.02000045776367,42.25,41.65999984741211,42.040000915527344,37.23191452026367,41332800
2021-05-27,42.47999954223633,42.849998474121094,42.119998931884766,42.54999923706055,37.68359375,52981100
2021-05-28,42.65999984741211,42.709999084472656,42.04999923706055,42.38999938964844,37.54188537597656,38509700
2021-06-01,42.95000076293945,43.279998779296875,42.77000045776367,42.91999816894531,38.011260986328125,42890700
2021-06-02,43.099998474121094,43.16999816894531,42.599998474121094,42.939998626708984,38.02898025512695,34180500
2021-06-03,42.77000045776367,43.4900016784668,42.68000030517578,43.25,38.46477127075195,46981200
2021-06-04,43.2400016784668,43.38999938964844,42.83000183105469,43.27000045776367,38.4825553894043,37192600
2021-06-07,43.27000045776367,43.38999938964844,43.060001373291016,43.119998931884766,38.349143981933594,28401900
2021-06-08,42.86000061035156,43.2400016784668,42.43000030517578,42.880001068115234,38.13570785522461,41871400
2021-06-09,42.470001220703125,42.72999954223633,42.11000061035156,42.31999969482422,37.63766098022461,42366300
2021-06-10,42.7599983215332,42.959999084472656,41.619998931884766,41.689998626708984,37.077369689941406,40123600
2021-06-11,41.810001373291016,41.88999938964844,41.5099983215332,41.86000061035156,37.22855758666992,31203600
2021-06-14,41.849998474121094,41.90999984741211,41.060001373291016,41.36000061035156,36.78388214111328,36050700
2021-06-15,41.279998779296875,41.560001373291016,40.900001525878906,41.38999938964844,36.8105583190918,39247900
2021-06-16,41.279998779296875,41.9900016784668,40.66999816894531,41.619998931884766,37.015113830566406,63859100
2021-06-17,42.02000045776367,42.099998474121094,39.720001220703125,39.79999923706055,35.396480560302734,80728200
2021-06-18,39.0099983215332,39.29999923706055,38.4900016784668,38.779998779296875,34.48933410644531,102774200
2021-06-21,39.119998931884766,39.779998779296875,39.029998779296875,39.75,35.352012634277344,48119400
2021-06-22,39.880001068115234,40.2599983215332,39.279998779296875,39.970001220703125,35.54766845703125,44113200
2021-06-23,40.15999984741211,40.41999816894531,40.06999969482422,40.20000076293945,35.75222396850586,32039900
2021-06-24,40.439998626708984,41.0099983215332,40.18000030517578,40.83000183105469,36.312522888183594,37161800
2021-06-25,41.27000045776367,41.83000183105469,40.84000015258789,41.619998931884766,37.015113830566406,53178800
2021-06-28,41.459999084472656,41.58000183105469,41.099998474121094,41.560001373291016,36.96176528930664,34416500
2021-06-29,41.630001068115234,41.95000076293945,40.75,40.88999938964844,36.365882873535156,38519600
2021-06-30,40.7599983215332,41.36000061035156,40.720001220703125,41.22999954223633,36.66826629638672,29159800
2021-07-01,41.560001373291016,41.70000076293945,41.209999084472656,41.540000915527344,36.9439582824707,28045100
2021-07-02,41.369998931884766,41.470001220703125,41.099998474121094,41.150001525878906,36.597110748291016,28980800
2021-07-06,40.810001373291016,40.880001068115234,39.869998931884766,40.06999969482422,35.63660430908203,47578700
2021-07-07,39.56999969482422,40.0,39.36000061035156,39.75,35.352012634277344,43499900
2021-07-08,38.619998931884766,39.2400016784668,38.47999954223633,38.779998779296875,34.48933410644531,52793100
2021-07-09,39.650001525878906,40.2400016784668,39.400001525878906,40.040000915527344,35.60993194580078,43887200
2021-07-12,39.790000915527344,40.810001373291016,39.63999938964844,40.630001068115234,36.134647369384766,42624500
2021-07-13,40.47999954223633,40.47999954223633,39.58000183105469,39.86000061035156,35.44984817504883,54338100
2021-07-14,39.11000061035156,39.54999923706055,37.790000915527344,38.86000061035156,34.56047439575195,105651700
2021-07-15,38.38999938964844,39.33000183105469,38.31999969482422,38.83000183105469,34.53380584716797,54697300
2021-07-16,39.220001220703125,39.290000915527344,37.59000015258789,37.91999816894531,33.7244873046875,60469700
2021-07-19,36.75,37.25,36.5099983215332,36.93000030517578,32.844024658203125,83251500
2021-07-20,36.86000061035156,38.119998931884766,36.61000061035156,37.689998626708984,33.519935607910156,59462900
2021-07-21,38.04999923706055,38.77000045776367,37.97999954223633,38.459999084472656,34.204742431640625,49907400
2021-07-22,38.36000061035156,38.400001525878906,37.68000030517578,37.959999084472656,33.76005172729492,52715600
2021-07-23,38.20000076293945,38.27000045776367,37.560001373291016,37.70000076293945,33.52882385253906,48659400
2021-07-26,37.65999984741211,38.2400016784668,37.65999984741211,38.130001068115234,33.9112548828125,32258000
2021-07-27,37.720001220703125,38.2400016784668,37.459999084472656,37.97999954223633,33.77783966064453,39121400
2021-07-28,38.189998626708984,38.5,37.75,38.130001068115234,33.9112548828125,43331100
2021-07-29,38.54999923706055,38.97999954223633,38.369998931884766,38.68000030517578,34.40039825439453,43039100
2021-07-30,38.5099983215332,38.83000183105469,38.04999923706055,38.36000061035156,34.115806579589844,46210100
2021-08-02,38.400001525878906,38.95000076293945,37.90999984741211,37.959999084472656,33.76005172729492,49894000
2021-08-03,38.060001373291016,38.630001068115234,37.54999923706055,38.54999923706055,34.284786224365234,39680600
2021-08-04,38.029998779296875,38.77000045776367,37.86000061035156,38.27000045776367,34.035762786865234,42289800
2021-08-05,38.56999969482422,39.060001373291016,38.54999923706055,39.02000045776367,34.70278549194336,34754500
2021-08-06,39.470001220703125,40.40999984741211,39.470001220703125,40.150001525878906,35.7077522277832,58022300
2021-08-09,40.04999923706055,40.959999084472656,39.79999923706055,40.66999816894531,36.170223236083984,56340100
2021-08-10,40.709999084472656,41.619998931884766,40.58000183105469,41.43000030517578,36.84613037109375,44987300
2021-08-11,41.599998474121094,42.189998626708984,41.47999954223633,41.95000076293945,37.30860137939453,58458200
2021-08-12,42.22999954223633,42.290000915527344,41.77000045776367,42.150001525878906,37.48647689819336,37400100
2021-08-13,42.09000015258789,42.22999954223633,41.43000030517578,41.630001068115234,37.02400588989258,41344900
2021-08-16,41.15999984741211,41.29999923706055,40.61000061035156,41.290000915527344,36.72162628173828,38599100
2021-08-17,41.04999923706055,41.56999969482422,40.619998931884766,41.09000015258789,36.54374694824219,43526900
2021-08-18,40.77000045776367,41.529998779296875,40.65999984741211,40.790000915527344,36.27694320678711,50342500
2021-08-19,40.119998931884766,40.66999816894531,40.0099983215332,40.189998626708984,35.74332046508789,51883900
2021-08-20,40.09000015258789,40.470001220703125,39.90999984741211,40.369998931884766,35.90342330932617,40415000
2021-08-23,40.630001068115234,41.099998474121094,40.599998474121094,40.90999984741211,36.3836669921875,35364500
2021-08-24,41.099998474121094,41.68000030517578,41.040000915527344,41.47999954223633,36.89060974121094,35579300
2021-08-25,41.65999984741211,42.45000076293945,41.540000915527344,42.150001525878906,37.48647689819336,51219900
2021-08-26,42.5,42.84000015258789,42.02000045776367,42.040000915527344,37.38864517211914,41184500
2021-08-27,42.119998931884766,42.650001525878906,41.939998626708984,42.4900016784668,37.78885269165039,46468600
2021-08-30,42.630001068115234,42.630001068115234,41.630001068115234,41.65999984741211,37.050682067871094,44855600
2021-08-31,41.66999816894531,42.06999969482422,41.36000061035156,41.75,37.1307258605957,54654600
2021-09-01,41.75,41.779998779296875,41.029998779296875,41.189998626708984,36.632686614990234,52361900
2021-09-02,41.11000061035156,41.4900016784668,40.63999938964844,41.02000045776367,36.6684455871582,44538900
2021-09-03,41.02000045776367,41.189998626708984,40.68000030517578,41.04999923706055,36.69526290893555,41812400
2021-09-07,41.25,41.849998474121094,41.18000030517578,41.31999969482422,36.93662643432617,43748600
2021-09-08,41.08000183105469,41.4900016784668,40.68000030517578,40.779998779296875,36.453914642333984,36064400
2021-09-09,40.65999984741211,41.349998474121094,40.560001373291016,40.93000030517578,36.58798599243164,36266400
2021-09-10,41.220001220703125,41.349998474121094,40.2400016784668,40.27000045776367,35.998008728027344,40514700
2021-09-13,40.599998474121094,40.959999084472656,40.349998474121094,40.939998626708984,36.59693908691406,42036300
2021-09-14,41.130001068115234,41.310001373291016,39.65999984741211,39.84000015258789,35.613624572753906,53820400
2021-09-15,39.72999954223633,40.34000015258789,39.66999816894531,40.13999938964844,35.881805419921875,52358200
2021-09-16,40.47999954223633,40.810001373291016,40.20000076293945,40.45000076293945,36.15891647338867,42922000
2021-09-17,40.34000015258789,40.66999816894531,40.08000183105469,40.5,36.20360565185547,92746000
2021-09-20,39.380001068115234,39.459999084472656,38.36000061035156,39.11000061035156,34.96106719970703,67566200
2021-09-21,39.27000045776367,39.599998474121094,38.939998626708984,39.130001068115234,34.978946685791016,38271100
2021-09-22,39.75,40.52000045776367,39.75,40.13999938964844,35.881805419921875,46261400
2021-09-23,40.7599983215332,41.880001068115234,40.650001525878906,41.689998626708984,37.267372131347656,49779800
2021-09-24,41.720001220703125,42.34000015258789,41.650001525878906,42.13999938964844,37.66963577270508,39042300
2021-09-27,42.68000030517578,43.43000030517578,42.63999938964844,43.2599983215332,38.67081832885742,49755400
2021-09-28,43.43000030517578,44.040000915527344,43.060001373291016,43.15999984741211,38.5814208984375,60781200
2021-09-29,43.18000030517578,43.31999969482422,42.7400016784668,43.06999969482422,38.50098419189453,44260200
2021-09-30,43.349998474121094,43.349998474121094,42.22999954223633,42.45000076293945,37.94675064086914,47410800
2021-10-01,42.47999954223633,43.43000030517578,42.38999938964844,43.08000183105469,38.50990676879883,40987100
2021-10-04,43.11000061035156,44.06999969482422,43.06999969482422,43.34000015258789,38.74233627319336,48273400
2021-10-05,43.77000045776367,44.75,43.66999816894531,44.220001220703125,39.52898025512695,54070700
2021-10-06,43.849998474121094,44.290000915527344,43.54999923706055,44.2400016784668,39.54685974121094,47031700
2021-10-07,44.790000915527344,44.869998931884766,44.029998779296875,44.119998931884766,39.43958282470703,46258800
2021-10-08,44.06999969482422,44.810001373291016,43.91999816894531,44.34000015258789,39.636253356933594,39389400
2021-10-11,44.599998474121094,44.810001373291016,43.75,43.779998779296875,39.135658264160156,36283500
2021-10-12,43.66999816894531,44.0,43.27000045776367,43.540000915527344,38.92111587524414,36898300
2021-10-13,43.54999923706055,43.63999938964844,42.33000183105469,43.13999938964844,38.56354904174805,43908000
2021-10-14,44.369998931884766,45.099998474121094,43.47999954223633,45.06999969482422,40.2888069152832,82201000
2021-10-15,45.77000045776367,46.66999816894531,45.36000061035156,46.369998931884766,41.45089340209961,64264900
2021-10-18,46.290000915527344,46.88999938964844,46.029998779296875,46.279998779296875,41.370445251464844,49542500
2021-10-19,46.5,46.630001068115234,46.20000076293945,46.47999954223633,41.54923629760742,32515500
2021-10-20,46.4900016784668,47.2400016784668,46.04999923706055,47.09000015258789,42.094520568847656,40411000
2021-10-21,47.099998474121094,47.47999954223633,46.61000061035156,46.83000183105469,41.86210250854492,36848600
2021-10-22,46.9900016784668,47.619998931884766,46.9900016784668,47.56999969482422,42.52360153198242,36225600
2021-10-25,47.79999923706055,47.97999954223633,47.20000076293945,47.5099983215332,42.46996307373047,31679500
2021-10-26,47.65999984741211,48.43000030517578,47.439998626708984,47.959999084472656,42.872222900390625,35674800
2021-10-27,47.47999954223633,48.16999816894531,47.029998779296875,47.040000915527344,42.04982376098633,45790800
2021-10-28,47.59000015258789,48.0,47.29999923706055,47.779998779296875,42.711326599121094,37209600
2021-10-29,47.75,48.130001068115234,47.52000045776367,47.779998779296875,42.711326599121094,31756200
2021-11-01,48.099998474121094,48.16999816894531,47.279998779296875,47.849998474121094,42.773887634277344,36937200
2021-11-02,47.56999969482422,48.41999816894531,47.349998474121094,47.880001068115234,42.800716400146484,36283400
2021-11-03,47.79999923706055,48.689998626708984,47.61000061035156,48.369998931884766,43.238731384277344,42553000
2021-11-04,48.150001525878906,48.150001525878906,46.880001068115234,47.33000183105469,42.309051513671875,47646300
2021-11-05,47.599998474121094,47.81999969482422,46.81999969482422,46.970001220703125,41.98724365234375,38271200
2021-11-08,47.349998474121094,47.79999923706055,47.25,47.34000015258789,42.31800079345703,33815500
2021-11-09,46.650001525878906,47.36000061035156,46.40999984741211,46.880001068115234,41.90679931640625,36900300
2021-11-10,46.75,47.52000045776367,46.650001525878906,47.22999954223633,42.21966552734375,39385600
2021-11-11,47.310001373291016,47.88999938964844,47.0099983215332,47.4900016784668,42.45208740234375,31194800
2021-11-12,47.5099983215332,47.529998779296875,46.7599983215332,46.90999984741211,41.933616638183594,44268500
2021-11-15,47.2599983215332,47.38999938964844,46.900001525878906,47.04999923706055,42.05875778198242,35335500
2021-11-16,47.18000030517578,47.279998779296875,46.689998626708984,47.08000183105469,42.0855827331543,35120800
2021-11-17,47.08000183105469,47.20000076293945,46.45000076293945,46.5099983215332,41.576045989990234,32963700
2021-11-18,46.709999084472656,46.810001373291016,46.209999084472656,46.31999969482422,41.40620040893555,30639000
2021-11-19,45.70000076293945,45.77000045776367,44.83000183105469,45.400001525878906,40.58380126953125,48429500
2021-11-22,46.720001220703125,46.869998931884766,45.90999984741211,46.279998779296875,41.370445251464844,53697100
2021-11-23,46.869998931884766,47.650001525878906,46.66999816894531,47.5,42.461029052734375,49362900
2021-11-24,47.41999816894531,47.97999954223633,47.209999084472656,47.630001068115234,42.57723617553711,40060000
2021-11-26,45.52000045776367,46.040000915527344,44.75,45.7599983215332,40.90560531616211,55110100
2021-11-29,46.41999816894531,46.70000076293945,45.16999816894531,45.59000015258789,40.75364685058594,50231100
2021-11-30,44.7599983215332,45.220001220703125,44.36000061035156,44.470001220703125,39.75246810913086,77193600
2021-12-01,45.220001220703125,45.70000076293945,43.810001373291016,43.84000015258789,39.18928909301758,60601600
2021-12-02,44.33000183105469,45.5,44.0,44.88999938964844,40.321048736572266,57821400
2021-12-03,45.0,45.06999969482422,43.599998474121094,43.869998931884766,39.40485763549805,74605300
2021-12-06,44.560001373291016,44.880001068115234,43.959999084472656,44.150001525878906,39.656368255615234,48193100
2021-12-07,44.560001373291016,44.90999984741211,44.43000030517578,44.709999084472656,40.15937042236328,40740800
2021-12-08,44.68000030517578,44.79999923706055,44.09000015258789,44.15999984741211,39.665340423583984,50560300
2021-12-09,43.90999984741211,44.72999954223633,43.650001525878906,44.4900016784668,39.96175765991211,37316700
2021-12-10,44.709999084472656,44.83000183105469,44.06999969482422,44.52000045776367,39.98869705200195,37700200
2021-12-13,44.27000045776367,44.400001525878906,43.38999938964844,43.58000183105469,39.14438247680664,38653900
2021-12-14,43.59000015258789,44.81999969482422,43.529998779296875,44.130001068115234,39.638404846191406,47099400
2021-12-15,44.369998931884766,44.45000076293945,43.619998931884766,43.939998626708984,39.467735290527344,60057100
2021-12-16,44.70000076293945,45.36000061035156,44.09000015258789,45.0,40.419857025146484,69487200
2021-12-17,44.5,44.70000076293945,43.619998931884766,43.880001068115234,39.41384506225586,124242400
2021-12-20,43.27000045776367,43.36000061035156,42.70000076293945,43.15999984741211,38.76712417602539,56455200
2021-12-21,43.540000915527344,44.47999954223633,43.540000915527344,44.189998626708984,39.69228744506836,47845600
2021-12-22,44.08000183105469,44.58000183105469,43.880001068115234,44.279998779296875,39.77311706542969,35715700
2021-12-23,44.68000030517578,45.06999969482422,44.400001525878906,44.41999816894531,39.89888000488281,34053500
2021-12-27,44.54999923706055,44.81999969482422,44.310001373291016,44.63999938964844,40.09648895263672,33879200
2021-12-28,44.470001220703125,45.08000183105469,44.41999816894531,44.70000076293945,40.15038299560547,32492400
2021-12-29,44.849998474121094,45.119998931884766,44.599998474121094,44.630001068115234,40.08750915527344,25294900
2021-12-30,44.75,45.099998474121094,44.47999954223633,44.529998779296875,39.99768829345703,23852200
2021-12-31,44.52000045776367,44.720001220703125,44.279998779296875,44.4900016784668,39.96175765991211,24253900
2022-01-03,45.09000015258789,46.4900016784668,44.97999954223633,46.18000030517578,41.47975158691406,58587900
2022-01-04,47.060001373291016,48.43000030517578,47.040000915527344,47.9900016784668,43.105525970458984,74606700
2022-01-05,48.13999938964844,48.369998931884766,47.15999984741211,47.18000030517578,42.37797546386719,57791600
2022-01-06,47.97999954223633,48.15999984741211,47.189998626708984,48.130001068115234,43.23127365112305,52040900
2022-01-07,48.150001525878906,49.310001373291016,48.060001373291016,49.18000030517578,44.17440414428711,59082600
2022-01-10,49.90999984741211,50.08000183105469,48.34000015258789,48.93000030517578,43.94984817504883,66839500
2022-01-11,48.9900016784668,49.25,48.63999938964844,49.209999084472656,44.201351165771484,40454400
2022-01-12,49.16999816894531,49.380001068115234,48.68000030517578,48.86000061035156,43.88698196411133,41378000
2022-01-13,48.91999816894531,49.4900016784668,48.630001068115234,48.7599983215332,43.79714584350586,46337500
2022-01-14,47.52000045776367,48.22999954223633,47.189998626708984,47.90999984741211,43.033668518066406,72953300
2022-01-18,47.849998474121094,47.91999816894531,46.04999923706055,46.2599983215332,41.55160903930664,65877400
2022-01-19,48.38999938964844,48.58000183105469,46.349998474121094,46.439998626708984,41.71328353881836,84451800
2022-01-20,46.689998626708984,47.04999923706055,45.65999984741211,45.75,41.09351348876953,46265300
2022-01-21,45.56999969482422,46.02000045776367,44.65999984741211,44.91999816894531,40.34799575805664,71303600
2022-01-24,43.900001525878906,44.689998626708984,42.59000015258789,44.54999923706055,40.01565933227539,90672700
2022-01-25,44.290000915527344,45.56999969482422,43.83000183105469,45.43000030517578,40.80607986450195,73555300
2022-01-26,45.779998779296875,46.459999084472656,45.2599983215332,45.900001525878906,41.22824478149414,63735800
2022-01-27,46.369998931884766,46.75,45.09000015258789,45.470001220703125,40.842018127441406,63402400
2022-01-28,45.33000183105469,45.88999938964844,44.45000076293945,45.869998931884766,41.201297760009766,51048300
2022-01-31,45.52000045776367,46.27000045776367,45.220001220703125,46.13999938964844,41.44382095336914,44793700
2022-02-01,46.209999084472656,47.099998474121094,45.900001525878906,46.939998626708984,42.162391662597656,40326600
2022-02-02,46.720001220703125,46.959999084472656,46.29999923706055,46.88999938964844,42.117488861083984,41125600
2022-02-03,47.220001220703125,47.290000915527344,46.349998474121094,46.43000030517578,41.70429992675781,35879900
2022-02-04,47.08000183105469,48.689998626708984,46.68000030517578,48.279998779296875,43.365997314453125,60297100
2022-02-07,48.560001373291016,48.7599983215332,47.9900016784668,48.5099983215332,43.572593688964844,44824800
2022-02-08,49.150001525878906,50.02000045776367,48.939998626708984,49.380001068115234,44.35404586791992,49560500
2022-02-09,49.220001220703125,49.790000915527344,49.029998779296875,49.279998779296875,44.26422119140625,33861100
2022-02-10,49.68000030517578,50.11000061035156,48.7599983215332,49.04999923706055,44.05763244628906,47082800
2022-02-11,48.630001068115234,49.439998626708984,47.5,47.91999816894531,43.04264831542969,61056000
2022-02-14,48.02000045776367,48.189998626708984,46.939998626708984,47.41999816894531,42.593536376953125,44791900
2022-02-15,48.0,48.369998931884766,47.56999969482422,47.790000915527344,42.92588424682617,42397600
2022-02-16,47.439998626708984,48.2400016784668,47.310001373291016,47.68000030517578,42.82707595825195,36664600
2022-02-17,47.0,47.290000915527344,45.95000076293945,46.06999969482422,41.380943298339844,49442400
2022-02-18,46.06999969482422,46.540000915527344,45.720001220703125,45.959999084472656,41.28213882446289,37856500
2022-02-22,45.16999816894531,45.97999954223633,45.040000915527344,45.560001373291016,40.922855377197266,51905600
2022-02-23,45.95000076293945,46.11000061035156,44.56999969482422,44.779998779296875,40.22224044799805,45704900
2022-02-24,43.0,43.68000030517578,42.04999923706055,43.599998474121094,39.1623420715332,80484800
2022-02-25,43.810001373291016,45.349998474121094,43.630001068115234,45.02000045776367,40.43781661987305,68530700
2022-02-28,43.720001220703125,44.2599983215332,43.439998626708984,44.20000076293945,39.70127487182617,69955300
2022-03-01,43.709999084472656,43.7400016784668,41.93000030517578,42.470001220703125,38.147361755371094,74895600
2022-03-02,42.7400016784668,43.540000915527344,42.619998931884766,43.15999984741211,38.76712417602539,70834600
2022-03-03,43.09000015258789,43.5,42.209999084472656,42.4900016784668,38.351924896240234,48733800
2022-03-04,41.43000030517578,41.439998626708984,40.31999969482422,40.95000076293945,36.96190643310547,75572800
2022-03-07,39.93000030517578,40.11000061035156,38.209999084472656,38.34000015258789,34.6060905456543,109779000
2022-03-08,39.06999969482422,39.65999984741211,38.16999816894531,38.59000015258789,34.831748962402344,76553800
2022-03-09,40.310001373291016,41.61000061035156,40.15999984741211,41.040000915527344,37.043148040771484,78207900
2022-03-10,40.290000915527344,41.47999954223633,40.11000061035156,40.66999816894531,36.70916748046875,48804400
2022-03-11,41.040000915527344,41.380001068115234,40.290000915527344,40.33000183105469,36.402286529541016,43946600
2022-03-14,40.900001525878906,42.18000030517578,40.900001525878906,41.20000076293945,37.187557220458984,54262400
2022-03-15,41.2599983215332,41.779998779296875,40.869998931884766,41.5,37.458343505859375,41395300
2022-03-16,42.2400016784668,43.04999923706055,41.91999816894531,42.79999923706055,38.63173294067383,59477600
2022-03-17,42.40999984741211,43.040000915527344,41.83000183105469,43.029998779296875,38.839332580566406,50260200
2022-03-18,42.7599983215332,42.93000030517578,42.2599983215332,42.900001525878906,38.72199630737305,74470600
2022-03-21,43.349998474121094,43.43000030517578,42.5099983215332,42.84000015258789,38.66782760620117,47106400
2022-03-22,43.81999969482422,44.630001068115234,43.70000076293945,44.18000030517578,39.87733459472656,52360600
2022-03-23,43.720001220703125,44.0099983215332,43.029998779296875,43.09000015258789,38.89349365234375,48539300
2022-03-24,43.380001068115234,43.43000030517578,42.88999938964844,43.06999969482422,38.87544631958008,30360800
2022-03-25,43.47999954223633,44.2599983215332,43.33000183105469,43.72999954223633,39.471160888671875,38968100
2022-03-28,43.709999084472656,43.75,42.83000183105469,43.54999923706055,39.30870056152344,37428600
2022-03-29,44.25,44.38999938964844,43.11000061035156,43.439998626708984,39.20940399169922,46355800
2022-03-30,43.439998626708984,43.650001525878906,42.75,43.0,38.812259674072266,36601800
2022-03-31,42.84000015258789,42.88999938964844,41.20000076293945,41.220001220703125,37.20560836791992,67902500
2022-04-01,41.689998626708984,41.7400016784668,40.349998474121094,40.900001525878906,36.916778564453125,61929200
2022-04-04,40.47999954223633,41.13999938964844,40.15999984741211,40.83000183105469,36.85359573364258,53761700
2022-04-05,40.439998626708984,40.7599983215332,40.040000915527344,40.13999938964844,36.23079299926758,51781700
2022-04-06,39.7400016784668,40.0099983215332,39.349998474121094,39.70000076293945,35.83364486694336,54159800
2022-04-07,39.88999938964844,39.97999954223633,38.849998474121094,39.38999938964844,35.553829193115234,54585000
2022-04-08,39.4900016784668,40.099998474121094,39.31999969482422,39.66999816894531,35.80656051635742,41018900
2022-04-11,39.47999954223633,40.400001525878906,39.38999938964844,39.59000015258789,35.734352111816406,34198700
2022-04-12,39.56999969482422,40.08000183105469,38.849998474121094,39.16999816894531,35.35525894165039,42855300
2022-04-13,38.5,39.0099983215332,38.36000061035156,38.81999969482422,35.03934097290039,45484200
2022-04-14,38.4900016784668,38.970001220703125,37.41999816894531,37.56999969482422,33.91108322143555,79032000
2022-04-18,37.41999816894531,39.310001373291016,37.220001220703125,38.849998474121094,35.0664176940918,80080300
2022-04-19,39.209999084472656,39.880001068115234,39.11000061035156,39.56999969482422,35.71630096435547,53714200
2022-04-20,40.150001525878906,40.369998931884766,39.61000061035156,39.65999984741211,35.79753875732422,47064300
2022-04-21,40.0,40.209999084472656,38.619998931884766,38.90999984741211,35.12057876586914,46245900
2022-04-22,38.810001373291016,38.849998474121094,37.5,37.560001373291016,33.90205764770508,50409800
2022-04-25,36.88999938964844,37.400001525878906,35.93000030517578,37.290000915527344,33.658348083496094,64301100
2022-04-26,36.880001068115234,37.540000915527344,36.41999816894531,36.45000076293945,32.90016174316406,44809900
2022-04-27,36.27000045776367,36.90999984741211,36.16999816894531,36.25,32.719627380371094,39824900
2022-04-28,36.72999954223633,36.95000076293945,36.15999984741211,36.810001373291016,33.22509765625,39567800
2022-04-29,36.75,37.130001068115234,35.540000915527344,35.68000030517578,32.20514678955078,47385200
2022-05-02,36.029998779296875,36.279998779296875,35.400001525878906,36.13999938964844,32.62034225463867,46652200
2022-05-03,36.34000015258789,37.630001068115234,36.33000183105469,37.130001068115234,33.513938903808594,48926000
2022-05-04,37.369998931884766,38.75,37.279998779296875,38.619998931884766,34.858821868896484,57860300
2022-05-05,38.04999923706055,38.209999084472656,36.869998931884766,37.540000915527344,33.88400650024414,48860600
2022-05-06,37.369998931884766,37.619998931884766,36.61000061035156,37.45000076293945,33.802772521972656,50440100
2022-05-09,36.869998931884766,37.060001373291016,36.060001373291016,36.369998931884766,32.82794189453125,51242000
2022-05-10,36.75,37.130001068115234,35.18000030517578,35.7599983215332,32.27736282348633,60235300
2022-05-11,35.900001525878906,36.91999816894531,35.5099983215332,35.56999969482422,32.10585403442383,54969300
2022-05-12,35.0099983215332,35.43000030517578,34.2599983215332,35.06999969482422,31.65455436706543,61231500
2022-05-13,35.529998779296875,35.72999954223633,34.7599983215332,35.16999816894531,31.74481201171875,49117900
2022-05-16,35.0,35.16999816894531,34.40999984741211,34.810001373291016,31.41988182067871,39076500
2022-05-17,35.619998931884766,36.220001220703125,35.43000030517578,35.9900016784668,32.48495864868164,42635600
2022-05-18,35.619998931884766,35.689998626708984,34.599998474121094,34.880001068115234,31.483057022094727,47396900
2022-05-19,34.290000915527344,34.84000015258789,34.25,34.45000076293945,31.09493637084961,47002700
2022-05-20,34.79999923706055,34.97999954223633,32.959999084472656,33.86000061035156,30.56239891052246,62406500
2022-05-23,34.7599983215332,36.2599983215332,34.65999984741211,35.869998931884766,32.376644134521484,69081900
2022-05-24,35.470001220703125,35.959999084472656,34.959999084472656,35.650001525878906,32.17807388305664,46146700
2022-05-25,35.5,36.27000045776367,35.290000915527344,35.84000015258789,32.34956359863281,49343400
2022-05-26,36.5,36.84000015258789,36.34000015258789,36.66999816894531,33.09873580932617,60201200
2022-05-27,36.88999938964844,37.04999923706055,36.58000183105469,37.02000045776367,33.41463851928711,43365600
2022-05-31,36.81999969482422,37.529998779296875,36.61000061035156,37.20000076293945,33.57711410522461,71609200
2022-06-01,37.459999084472656,37.470001220703125,36.16999816894531,36.66999816894531,33.09873580932617,35237900
2022-06-02,36.40999984741211,36.709999084472656,36.06999969482422,36.70000076293945,33.31660461425781,35341900
2022-06-03,36.47999954223633,36.68000030517578,36.130001068115234,36.189998626708984,32.8536262512207,25235200
2022-06-06,36.70000076293945,37.209999084472656,36.099998474121094,36.150001525878906,32.81731033325195,40394000
2022-06-07,35.900001525878906,36.40999984741211,35.7400016784668,36.349998474121094,32.99886703491211,29152200
2022-06-08,35.91999816894531,36.11000061035156,35.52000045776367,35.88999938964844,32.581275939941406,33590600
2022-06-09,35.7400016784668,35.84000015258789,34.5,34.5099983215332,31.328500747680664,49419000
2022-06-10,33.68000030517578,34.040000915527344,33.02000045776367,33.16999816894531,30.112037658691406,49318200
2022-06-13,32.38999938964844,32.77000045776367,31.739999771118164,32.02000045776367,29.068058013916016,61216600
2022-06-14,31.920000076293945,32.599998474121094,31.229999542236328,31.459999084472656,28.559682846069336,49349800
2022-06-15,31.979999542236328,32.4900016784668,31.420000076293945,32.04999923706055,29.095293045043945,51540100
2022-06-16,31.5,32.0,30.860000610351562,31.850000381469727,28.91373062133789,61363400
2022-06-17,32.029998779296875,32.58000183105469,31.639999389648438,31.920000076293945,28.977277755737305,80470300
2022-06-21,32.88999938964844,33.290000915527344,32.619998931884766,32.849998474121094,29.821537017822266,53537200
2022-06-22,32.38999938964844,32.939998626708984,32.31999969482422,32.599998474121094,29.594585418701172,38305600
2022-06-23,32.380001068115234,32.40999984741211,31.260000228881836,32.08000183105469,29.122528076171875,44091500
2022-06-24,31.25,32.77000045776367,31.229999542236328,32.310001373291016,29.33131980895996,79504700
2022-06-27,32.41999816894531,32.599998474121094,31.90999984741211,32.349998474121094,29.367633819580078,47900300
2022-06-28,32.83000183105469,33.5,32.189998626708984,32.2599983215332,29.285926818847656,49863800
2022-06-29,32.22999954223633,32.439998626708984,31.65999984741211,31.860000610351562,28.92281150817871,35149700
2022-06-30,31.170000076293945,31.549999237060547,30.639999389648438,31.1299991607666,28.26010513305664,46312300
2022-07-01,30.979999542236328,31.670000076293945,30.6299991607666,31.559999465942383,28.65046501159668,40236100
2022-07-05,30.799999237060547,31.239999771118164,30.450000762939453,31.239999771118164,28.35996437072754,47411800
2022-07-06,31.010000228881836,31.25,30.639999389648438,30.979999542236328,28.123933792114258,35933700
2022-07-07,31.5,32.0099983215332,31.469999313354492,31.860000610351562,28.92281150817871,40137900
2022-07-08,32.0099983215332,32.25,31.559999465942383,31.790000915527344,28.85926055908203,31153800
2022-07-11,31.549999237060547,31.790000915527344,31.290000915527344,31.459999084472656,28.559682846069336,29311900
2022-07-12,31.020000457763672,32.029998779296875,30.979999542236328,31.360000610351562,28.468902587890625,39527000
2022-07-13,31.06999969482422,31.149999618530273,30.399999618530273,30.84000015258789,27.996841430664062,44153700
2022-07-14,30.09000015258789,30.219999313354492,29.670000076293945,30.1299991607666,27.35230255126953,51707800
2022-07-15,30.649999618530273,32.630001068115234,30.610000610351562,32.25,29.276851654052734,77801700
2022-07-18,33.08000183105469,33.380001068115234,32.099998474121094,32.2599983215332,29.285926818847656,56382900
2022-07-19,32.900001525878906,33.619998931884766,32.68000030517578,33.349998474121094,30.27544593811035,46874900
2022-07-20,33.18000030517578,33.45000076293945,32.95000076293945,33.36000061035156,30.284521102905273,35514900
2022-07-21,33.09000015258789,33.66999816894531,32.95000076293945,33.650001525878906,30.547786712646484,31244000
2022-07-22,33.599998474121094,33.939998626708984,33.09000015258789,33.43000030517578,30.34807014465332,27115400
2022-07-25,33.779998779296875,33.97999954223633,33.439998626708984,33.72999954223633,30.62040901184082,30381000
2022-07-26,33.40999984741211,33.779998779296875,32.959999084472656,33.04999923706055,30.003103256225586,30645700
2022-07-27,33.2400016784668,33.77000045776367,32.95000076293945,33.59000015258789,30.493316650390625,30344800
2022-07-28,33.5,33.75,32.900001525878906,33.31999969482422,30.248210906982422,40176500
2022-07-29,33.470001220703125,33.939998626708984,33.349998474121094,33.810001373291016,30.693038940429688,48152500
2022-08-01,33.619998931884766,33.88999938964844,33.220001220703125,33.709999084472656,30.602252960205078,32336700
2022-08-02,33.599998474121094,33.720001220703125,33.0,33.040000915527344,29.9940242767334,37884100
2022-08-03,33.41999816894531,33.75,33.16999816894531,33.63999938964844,30.538700103759766,30065800
2022-08-04,33.52000045776367,33.66999816894531,33.16999816894531,33.400001525878906,30.32083511352539,28404500
2022-08-05,33.279998779296875,34.33000183105469,33.2400016784668,33.959999084472656,30.829206466674805,35874500
2022-08-08,34.16999816894531,34.290000915527344,33.45000076293945,33.4900016784668,30.402544021606445,33454300
2022-08-09,33.650001525878906,33.959999084472656,33.40999984741211,33.91999816894531,30.792892456054688,40196900
2022-08-10,34.5,35.43000030517578,34.45000076293945,35.06999969482422,31.836875915527344,61415800
2022-08-11,35.77000045776367,36.060001373291016,35.650001525878906,35.90999984741211,32.599430084228516,50420800
2022-08-12,36.15999984741211,36.310001373291016,35.689998626708984,36.29999923706055,32.9534797668457,31821700
2022-08-15,35.84000015258789,36.29999923706055,35.66999816894531,36.25,32.90808868408203,24908000
2022-08-16,36.189998626708984,36.939998626708984,36.099998474121094,36.63999938964844,33.26213073730469,31870200
2022-08-17,36.20000076293945,36.59000015258789,36.08000183105469,36.40999984741211,33.0533447265625,27125600
2022-08-18,36.25,36.400001525878906,36.0,36.279998779296875,32.93531799316406,23138300
2022-08-19,35.959999084472656,36.029998779296875,35.310001373291016,35.47999954223633,32.209075927734375,36485400
2022-08-22,34.75,34.81999969482422,34.45000076293945,34.720001220703125,31.519147872924805,31210300
2022-08-23,34.66999816894531,34.970001220703125,34.36000061035156,34.40999984741211,31.237720489501953,26588000
2022-08-24,34.25,34.79999923706055,34.04999923706055,34.52000045776367,31.337581634521484,31389400
2022-08-25,34.599998474121094,35.279998779296875,34.45000076293945,35.13999938964844,31.900423049926758,40576700
2022-08-26,35.439998626708984,35.47999954223633,34.02000045776367,34.029998779296875,30.89275550842285,36152600
2022-08-29,33.86000061035156,34.150001525878906,33.61000061035156,33.900001525878906,30.774742126464844,34931000
2022-08-30,34.18000030517578,34.279998779296875,33.540000915527344,34.09000015258789,30.947219848632812,48194900
2022-08-31,34.13999938964844,34.369998931884766,33.599998474121094,33.61000061035156,30.511476516723633,44917600
2022-09-01,33.34000015258789,33.4900016784668,32.65999984741211,33.470001220703125,30.584575653076172,32848900
2022-09-02,33.93000030517578,34.47999954223633,33.27000045776367,33.43000030517578,30.54802703857422,44000800
2022-09-06,33.63999938964844,33.72999954223633,32.61000061035156,33.060001373291016,30.209924697875977,40762400
2022-09-07,32.810001373291016,33.66999816894531,32.630001068115234,33.56999969482422,30.675952911376953,40742600
2022-09-08,33.459999084472656,34.72999954223633,33.27000045776367,34.650001525878906,31.662853240966797,44361800
2022-09-09,34.97999954223633,35.25,34.84000015258789,34.939998626708984,31.927854537963867,37295100
2022-09-12,35.20000076293945,35.630001068115234,35.029998779296875,35.27000045776367,32.229400634765625,30534000
2022-09-13,34.58000183105469,34.720001220703125,33.810001373291016,34.0,31.068889617919922,40959600
2022-09-14,34.20000076293945,34.41999816894531,33.540000915527344,33.869998931884766,30.950096130371094,32004400
2022-09-15,33.790000915527344,34.900001525878906,33.70000076293945,34.5099983215332,31.534915924072266,44863300
2022-09-16,34.189998626708984,34.22999954223633,33.65999984741211,34.119998931884766,31.178543090820312,54281800
2022-09-19,33.720001220703125,34.869998931884766,33.630001068115234,34.689998626708984,31.699398040771484,29782000
2022-09-20,34.5,34.779998779296875,33.880001068115234,34.16999816894531,31.224225997924805,33591100
2022-09-21,34.310001373291016,34.400001525878906,33.119998931884766,33.150001525878906,30.29216766357422,51667800
2022-09-22,33.310001373291016,33.41999816894531,32.38999938964844,32.5,29.698196411132812,47527500
2022-09-23,31.93000030517578,32.09000015258789,31.209999084472656,31.729999542236328,28.994585037231445,55316100
2022-09-26,31.31999969482422,31.81999969482422,30.68000030517578,31.030000686645508,28.354928970336914,40360200
2022-09-27,31.270000457763672,31.3700008392334,30.299999237060547,30.56999969482422,27.93458366394043,43396600
2022-09-28,30.530000686645508,31.309999465942383,30.389999389648438,31.06999969482422,28.3914794921875,38372900
2022-09-29,30.690000534057617,30.899999618530273,30.209999084472656,30.65999984741211,28.016822814941406,35220900
2022-09-30,30.760000228881836,31.190000534057617,30.170000076293945,30.200000762939453,27.596485137939453,42294100
2022-10-03,30.59000015258789,31.280000686645508,30.200000762939453,31.09000015258789,28.409753799438477,34591700
2022-10-04,31.719999313354492,32.52000045776367,31.65999984741211,32.380001068115234,29.588546752929688,39758700
2022-10-05,31.540000915527344,32.029998779296875,31.450000762939453,31.920000076293945,29.168203353881836,35791100
2022-10-06,31.600000381469727,31.8799991607666,31.360000610351562,31.459999084472656,28.74785614013672,40891900
2022-10-07,31.170000076293945,31.239999771118164,30.530000686645508,30.75,28.09906578063965,52304600
2022-10-10,30.899999618530273,31.049999237060547,30.350000381469727,30.65999984741211,28.016822814941406,37669100
2022-10-11,30.3700008392334,30.469999313354492,29.56999969482422,29.770000457763672,27.20355224609375,58124000
2022-10-12,29.639999389648438,30.309999465942383,29.479999542236328,29.860000610351562,27.28579330444336,36137900
2022-10-13,29.40999984741211,31.770000457763672,29.309999465942383,31.690000534057617,28.958032608032227,67671000
2022-10-14,31.809999465942383,32.630001068115234,31.56999969482422,31.700000762939453,28.967166900634766,58108500
2022-10-17,33.36000061035156,33.869998931884766,32.869998931884766,33.619998931884766,30.721643447875977,88896800
2022-10-18,34.97999954223633,35.36000061035156,34.279998779296875,34.880001068115234,31.873022079467773,81937900
2022-10-19,34.58000183105469,34.83000183105469,33.77000045776367,33.91999816894531,30.99578094482422,43139900
2022-10-20,33.97999954223633,34.630001068115234,33.59000015258789,33.70000076293945,30.794748306274414,39549100
2022-10-21,33.560001373291016,35.040000915527344,33.560001373291016,34.95000076293945,31.936986923217773,54870300
2022-10-24,35.11000061035156,35.2599983215332,34.709999084472656,35.06999969482422,32.0466423034668,33765600
2022-10-25,34.7400016784668,35.58000183105469,34.529998779296875,35.38999938964844,32.339046478271484,37132300
2022-10-26,35.41999816894531,36.09000015258789,35.349998474121094,35.70000076293945,32.62232971191406,41104600
2022-10-27,36.150001525878906,36.369998931884766,35.77000045776367,35.869998931884766,32.777679443359375,35261900
2022-10-28,36.040000915527344,36.29999923706055,35.63999938964844,36.18000030517578,33.060943603515625,31659100
2022-10-31,36.0,36.33000183105469,35.810001373291016,36.040000915527344,32.933013916015625,32565500
2022-11-01,36.439998626708984,36.7599983215332,36.11000061035156,36.20000076293945,33.0792236328125,29913200
2022-11-02,36.06999969482422,37.279998779296875,35.95000076293945,36.09000015258789,32.97870635986328,57380600
2022-11-03,35.70000076293945,36.13999938964844,35.40999984741211,35.88999938964844,32.79594802856445,30046500
2022-11-04,36.5,37.0,36.220001220703125,36.790000915527344,33.618370056152344,39369400
2022-11-07,37.0099983215332,37.34000015258789,36.72999954223633,37.0099983215332,33.819400787353516,37533700
2022-11-08,37.09000015258789,37.41999816894531,36.75,37.11000061035156,33.91078186035156,32664300
2022-11-09,36.880001068115234,36.959999084472656,36.38999938964844,36.52000045776367,33.37163543701172,30164400
2022-11-10,37.29999923706055,38.220001220703125,37.13999938964844,38.130001068115234,34.84284210205078,45702800
2022-11-11,38.189998626708984,38.599998474121094,37.970001220703125,38.40999984741211,35.09870147705078,35688700
2022-11-14,38.09000015258789,38.2599983215332,37.75,37.7599983215332,34.504737854003906,35541400
2022-11-15,38.189998626708984,38.29999923706055,37.29999923706055,37.70000076293945,34.449913024902344,46082800
2022-11-16,37.61000061035156,37.7400016784668,37.20000076293945,37.36000061035156,34.13922119140625,23813000
2022-11-17,36.880001068115234,37.20000076293945,36.560001373291016,37.16999816894531,33.965599060058594,23689700
2022-11-18,37.790000915527344,37.849998474121094,36.91999816894531,37.189998626708984,33.98387908935547,32041800
2022-11-21,37.09000015258789,37.52000045776367,37.060001373291016,37.310001373291016,34.09353256225586,27935700
2022-11-22,37.59000015258789,37.79999923706055,37.43000030517578,37.4900016784668,34.258018493652344,23499300
2022-11-23,37.4900016784668,37.65999984741211,37.369998931884766,37.61000061035156,34.36766815185547,18934700
2022-11-25,37.720001220703125,37.869998931884766,37.560001373291016,37.70000076293945,34.449913024902344,16118500
2022-11-28,37.400001525878906,37.65999984741211,36.83000183105469,36.86000061035156,33.68232727050781,35428300
2022-11-29,36.97999954223633,37.150001525878906,36.720001220703125,37.0,33.81026077270508,27048800
2022-11-30,36.900001525878906,37.849998474121094,36.20000076293945,37.849998474121094,34.58698272705078,51747900
2022-12-01,37.5,37.689998626708984,36.400001525878906,36.54999923706055,33.59431838989258,46213200
2022-12-02,36.060001373291016,36.290000915527344,35.810001373291016,36.08000183105469,33.16232681274414,42295300
2022-12-05,35.810001373291016,35.88999938964844,34.13999938964844,34.470001220703125,31.682518005371094,71386600
2022-12-06,34.56999969482422,34.68000030517578,32.40999984741211,33.0,30.33139419555664,84085700
2022-12-07,32.59000015258789,32.91999816894531,32.349998474121094,32.7400016784668,30.092424392700195,49234100
2022-12-08,32.970001220703125,32.9900016784668,32.18000030517578,32.439998626708984,29.816679000854492,45491100
2022-12-09,32.11000061035156,32.599998474121094,32.08000183105469,32.380001068115234,29.761533737182617,36985500
2022-12-12,32.310001373291016,32.779998779296875,32.060001373291016,32.72999954223633,30.083227157592773,41060500
2022-12-13,33.54999923706055,33.66999816894531,32.56999969482422,32.75,30.101608276367188,54804800
2022-12-14,32.79999923706055,33.0,32.15999984741211,32.279998779296875,29.66961669921875,48819500
2022-12-15,31.75,31.989999771118164,31.489999771118164,31.770000457763672,29.200864791870117,49027600
2022-12-16,31.6200008392334,31.93000030517578,31.350000381469727,31.700000762939453,29.136520385742188,61795200
2022-12-19,31.760000228881836,32.22999954223633,31.729999542236328,32.060001373291016,29.467411041259766,38374100
2022-12-20,32.400001525878906,32.58000183105469,32.13999938964844,32.189998626708984,29.586891174316406,35561100
2022-12-21,32.52000045776367,32.869998931884766,32.40999984741211,32.68000030517578,30.037275314331055,32544000
2022-12-22,32.52000045776367,32.58000183105469,31.8700008392334,32.38999938964844,29.770721435546875,30234400
2022-12-23,32.400001525878906,32.58000183105469,32.189998626708984,32.470001220703125,29.844257354736328,21378600
2022-12-27,32.5,32.66999816894531,32.279998779296875,32.529998779296875,29.899398803710938,22776100
2022-12-28,32.56999969482422,32.970001220703125,32.529998779296875,32.77000045776367,30.119991302490234,30541000
2022-12-29,32.88999938964844,33.15999984741211,32.75,33.13999938964844,30.46007537841797,22252900
2022-12-30,33.099998474121094,33.29999923706055,32.86000061035156,33.119998931884766,30.44169044494629,28198900
2023-01-03,33.22999954223633,34.09000015258789,33.209999084472656,33.5099983215332,30.80014991760254,35221500
2023-01-04,33.900001525878906,34.81999969482422,33.83000183105469,34.13999938964844,31.379201889038086,41998500
2023-01-05,33.91999816894531,34.13999938964844,33.58000183105469,34.06999969482422,31.31486701965332,34177000
2023-01-06,34.09000015258789,34.58000183105469,33.540000915527344,34.40999984741211,31.627370834350586,34068700
2023-01-09,34.75,34.7599983215332,33.709999084472656,33.88999938964844,31.14942169189453,43818800
2023-01-10,33.7400016784668,34.27000045776367,33.63999938964844,34.119998931884766,31.360824584960938,35096000
2023-01-11,34.119998931884766,34.439998626708984,34.0,34.380001068115234,31.59979820251465,36783700
2023-01-12,34.599998474121094,34.869998931884766,34.36000061035156,34.470001220703125,31.682518005371094,44230400
2023-01-13,34.20000076293945,35.38999938964844,33.09000015258789,35.22999954223633,32.38105392456055,89667800
2023-01-17,34.689998626708984,34.83000183105469,34.150001525878906,34.52000045776367,31.728477478027344,56458400
2023-01-18,34.33000183105469,34.34000015258789,33.5099983215332,33.720001220703125,30.9931697845459,54517800
2023-01-19,33.279998779296875,33.54999923706055,32.88999938964844,33.22999954223633,30.54279327392578,42707100
2023-01-20,33.29999923706055,33.88999938964844,33.09000015258789,33.849998474121094,31.112653732299805,45004400
2023-01-23,33.810001373291016,34.5099983215332,33.75,34.31999969482422,31.544647216796875,33683300
2023-01-24,34.220001220703125,34.790000915527344,33.95000076293945,34.56999969482422,31.77443504333496,26716700
2023-01-25,34.29999923706055,34.959999084472656,34.25,34.869998931884766,32.050167083740234,28859700
2023-01-26,35.04999923706055,35.349998474121094,34.790000915527344,35.34000015258789,32.48217010498047,30035500
2023-01-27,35.439998626708984,35.779998779296875,35.27000045776367,35.45000076293945,32.58327102661133,29964900
2023-01-30,35.209999084472656,35.560001373291016,35.18000030517578,35.29999923706055,32.44539260864258,27353500
2023-01-31,35.16999816894531,35.47999954223633,35.0,35.47999954223633,32.61083984375,38917400
2023-02-01,35.20000076293945,36.2599983215332,35.11000061035156,35.91999816894531,33.0152587890625,44438700
2023-02-02,36.099998474121094,36.380001068115234,35.439998626708984,36.130001068115234,33.20827865600586,33729100
2023-02-03,36.02000045776367,36.7599983215332,35.900001525878906,36.43000030517578,33.48402404785156,37411700
2023-02-06,36.25,36.439998626708984,35.97999954223633,36.369998931884766,33.428871154785156,29463200
2023-02-07,36.16999816894531,37.0,36.130001068115234,36.77000045776367,33.79653549194336,44100200
2023-02-08,36.40999984741211,36.84000015258789,36.34000015258789,36.5,33.54835891723633,28032800
2023-02-09,36.27000045776367,36.349998474121094,35.560001373291016,35.720001220703125,32.83143615722656,35257100
2023-02-10,35.54999923706055,35.59000015258789,35.029998779296875,35.58000183105469,32.7027587890625,32898900
2023-02-13,35.47999954223633,35.779998779296875,35.38999938964844,35.650001525878906,32.76709747314453,29163900
2023-02-14,35.630001068115234,35.9900016784668,35.459999084472656,35.619998931884766,32.73952102661133,33625200
2023-02-15,35.31999969482422,35.61000061035156,35.15999984741211,35.560001373291016,32.68436813354492,23500100
2023-02-16,35.41999816894531,35.65999984741211,35.220001220703125,35.279998779296875,32.42701721191406,22681100
2023-02-17,35.08000183105469,35.38999938964844,34.7400016784668,35.349998474121094,32.491355895996094,28562700
2023-02-21,34.90999984741211,35.04999923706055,34.27000045776367,34.52000045776367,31.728477478027344,37068900
2023-02-22,34.36000061035156,34.54999923706055,34.06999969482422,34.290000915527344,31.517080307006836,38550400
2023-02-23,34.400001525878906,34.599998474121094,33.86000061035156,34.2599983215332,31.4895076751709,28488000
2023-02-24,33.86000061035156,34.290000915527344,33.84000015258789,34.209999084472656,31.443544387817383,27046600
2023-02-27,34.45000076293945,34.689998626708984,34.16999816894531,34.209999084472656,31.443544387817383,30137500
2023-02-28,34.349998474121094,34.4900016784668,34.18000030517578,34.29999923706055,31.526262283325195,32620600
2023-03-01,34.150001525878906,34.4900016784668,33.97999954223633,34.13999938964844,31.379201889038086,29281600
2023-03-02,33.65999984741211,33.70000076293945,33.0,33.4900016784668,30.981422424316406,44607200
2023-03-03,33.650001525878906,34.290000915527344,33.650001525878906,34.15999984741211,31.601226806640625,39109100
2023-03-06,34.2400016784668,34.560001373291016,33.9900016784668,34.09000015258789,31.536468505859375,36646700
2023-03-07,33.849998474121094,33.900001525878906,32.79999923706055,33.0,30.528120040893555,52855300
2023-03-08,32.65999984741211,32.970001220703125,32.439998626708984,32.560001373291016,30.12108039855957,40045600
2023-03-09,32.279998779296875,32.38999938964844,30.309999465942383,30.540000915527344,28.25238800048828,112457900
2023-03-10,30.31999969482422,31.040000915527344,28.920000076293945,30.270000457763672,28.00261116027832,165330900
2023-03-13,28.920000076293945,29.719999313354492,27.8700008392334,28.510000228881836,26.374446868896484,218403300
2023-03-14,29.989999771118164,30.09000015258789,28.469999313354492,28.760000228881836,26.605716705322266,154255800
2023-03-15,27.8799991607666,28.559999465942383,27.68000030517578,28.489999771118164,26.355941772460938,131104400
2023-03-16,28.3799991607666,29.469999313354492,28.110000610351562,28.969999313354492,26.799985885620117,108348800
2023-03-17,28.65999984741211,28.65999984741211,27.6200008392334,27.81999969482422,25.736127853393555,130665500
2023-03-20,28.239999771118164,28.43000030517578,27.649999618530273,27.75,25.671371459960938,81441200
2023-03-21,28.6299991607666,28.979999542236328,28.510000228881836,28.59000015258789,26.44845199584961,84854800
2023-03-22,28.709999084472656,28.739999771118164,27.639999389648438,27.639999389648438,25.569610595703125,76925900
2023-03-23,28.0,28.09000015258789,26.790000915527344,26.969999313354492,24.949800491333008,105335900
2023-03-24,26.600000381469727,27.290000915527344,26.31999969482422,27.139999389648438,25.10706329345703,96872700
2023-03-27,27.93000030517578,28.649999618530273,27.90999984741211,28.489999771118164,26.355941772460938,102469800
2023-03-28,28.3799991607666,28.649999618530273,27.979999542236328,28.1200008392334,26.01365852355957,63416500
2023-03-29,28.489999771118164,28.770000457763672,28.239999771118164,28.670000076293945,26.5224609375,62666400
2023-03-30,28.920000076293945,29.059999465942383,28.110000610351562,28.299999237060547,26.180171966552734,67427100
2023-03-31,28.6200008392334,28.68000030517578,28.260000228881836,28.600000381469727,26.457704544067383,56482100
2023-04-03,28.639999389648438,28.979999542236328,28.329999923706055,28.59000015258789,26.44845199584961,51996800
2023-04-04,28.549999237060547,28.649999618530273,27.65999984741211,27.979999542236328,25.884145736694336,56233300
2023-04-05,27.65999984741211,27.90999984741211,27.459999084472656,27.639999389648438,25.569610595703125,47799400
2023-04-06,27.719999313354492,28.010000228881836,27.6200008392334,27.84000015258789,25.754629135131836,41216600
2023-04-10,27.670000076293945,28.100000381469727,27.649999618530273,27.940000534057617,25.84714126586914,40572700
2023-04-11,28.020000457763672,28.75,27.959999084472656,28.709999084472656,26.559463500976562,58761200
2023-04-12,28.68000030517578,29.010000228881836,28.3700008392334,28.479999542236328,26.346689224243164,44313300
2023-04-13,28.559999465942383,28.639999389648438,28.239999771118164,28.559999465942383,26.420700073242188,52261400
2023-04-14,29.299999237060547,29.8700008392334,29.25,29.520000457763672,27.308792114257812,81110800
2023-04-17,29.770000457763672,30.40999984741211,29.399999618530273,30.3700008392334,28.095121383666992,83704400
2023-04-18,30.799999237060547,30.93000030517578,29.799999237060547,30.559999465942383,28.270883560180664,114498800
2023-04-19,30.1299991607666,30.200000762939453,29.790000915527344,30.059999465942383,27.808340072631836,65594200
2023-04-20,29.84000015258789,30.229999542236328,29.770000457763672,29.899999618530273,27.660324096679688,43193800
2023-04-21,29.75,29.979999542236328,29.40999984741211,29.8700008392334,27.6325740814209,44759000
2023-04-24,29.790000915527344,29.899999618530273,29.59000015258789,29.760000228881836,27.530811309814453,28020300
2023-04-25,29.450000762939453,29.530000686645508,28.81999969482422,28.84000015258789,26.67972755432129,49718800
2023-04-26,28.760000228881836,28.940000534057617,28.299999237060547,28.440000534057617,26.309690475463867,45848400
2023-04-27,28.520000457763672,29.079999923706055,28.520000457763672,28.889999389648438,26.725980758666992,33060100
2023-04-28,28.530000686645508,29.43000030517578,28.510000228881836,29.280000686645508,27.086767196655273,45592500
2023-05-01,29.5,29.540000915527344,29.0,29.040000915527344,26.864748001098633,34076800
2023-05-02,28.850000381469727,28.860000610351562,27.709999084472656,28.15999984741211,26.050662994384766,70797700
2023-05-03,28.15999984741211,28.5,27.809999465942383,27.860000610351562,25.77313232421875,51139500
2023-05-04,27.579999923706055,27.809999465942383,26.829999923706055,26.989999771118164,24.968299865722656,82173800
2023-05-05,27.6200008392334,27.889999389648438,27.469999313354492,27.709999084472656,25.634366989135742,50087100
2023-05-08,28.079999923706055,28.149999618530273,27.65999984741211,27.690000534057617,25.61586570739746,34245500
2023-05-09,27.420000076293945,27.829999923706055,27.239999771118164,27.65999984741211,25.588115692138672,32188800
2023-05-10,27.959999084472656,28.0,27.020000457763672,27.31999969482422,25.27358055114746,44446400
2023-05-11,27.010000228881836,27.489999771118164,26.8799991607666,27.389999389648438,25.338336944580078,34897300
2023-05-12,27.520000457763672,27.549999237060547,26.8799991607666,27.09000015258789,25.06081199645996,38142000
2023-05-15,27.100000381469727,27.81999969482422,27.030000686645508,27.649999618530273,25.578861236572266,38722800
2023-05-16,27.780000686645508,27.899999618530273,27.329999923706055,27.360000610351562,25.31058692932129,33347500
2023-05-17,27.739999771118164,28.670000076293945,27.729999542236328,28.56999969482422,26.429948806762695,61750400
2023-05-18,28.440000534057617,28.5,28.0,28.469999313354492,26.337440490722656,51146100
2023-05-19,28.459999084472656,28.670000076293945,28.030000686645508,28.110000610351562,26.00440788269043,50062500
2023-05-22,28.299999237060547,28.450000762939453,28.010000228881836,28.34000015258789,26.217180252075195,36473700
2023-05-23,28.31999969482422,29.079999923706055,28.299999237060547,28.579999923706055,26.439199447631836,51400400
2023-05-24,28.329999923706055,28.510000228881836,28.0,28.100000381469727,25.995155334472656,50606900
2023-05-25,27.989999771118164,28.239999771118164,27.8799991607666,28.170000076293945,26.059913635253906,40517800
2023-05-26,28.200000762939453,28.399999618530273,27.790000915527344,28.309999465942383,26.189422607421875,57879100
2023-05-30,28.31999969482422,28.489999771118164,27.950000762939453,28.260000228881836,26.143173217773438,41819600
2023-05-31,28.100000381469727,28.15999984741211,27.479999542236328,27.790000915527344,25.7083740234375,61905200
2023-06-01,27.760000228881836,27.979999542236328,27.34000015258789,27.780000686645508,25.90419578552246,57426100
2023-06-02,28.15999984741211,28.950000762939453,28.1200008392334,28.709999084472656,26.77139663696289,66578100
2023-06-05,28.81999969482422,28.81999969482422,28.299999237060547,28.540000915527344,26.612878799438477,34757800
2023-06-06,28.459999084472656,29.43000030517578,28.450000762939453,29.229999542236328,27.256288528442383,46297900
2023-06-07,29.299999237060547,29.649999618530273,29.010000228881836,29.479999542236328,27.489402770996094,44502600
2023-06-08,29.280000686645508,29.3799991607666,28.989999771118164,29.229999542236328,27.256288528442383,41483100
2023-06-09,29.200000762939453,29.399999618530273,29.079999923706055,29.270000457763672,27.29358673095703,32692000
2023-06-12,29.299999237060547,29.559999465942383,28.90999984741211,29.1299991607666,27.163040161132812,41011300
2023-06-13,29.1299991607666,29.799999237060547,29.030000686645508,29.399999618530273,27.414810180664062,42718800
2023-06-14,29.56999969482422,29.729999542236328,28.989999771118164,29.1200008392334,27.153717041015625,38322800
2023-06-15,28.899999618530273,29.469999313354492,28.690000534057617,29.3700008392334,27.3868350982666,42044900
2023-06-16,29.530000686645508,29.68000030517578,29.15999984741211,29.190000534057617,27.2189884185791,53050200
2023-06-20,29.010000228881836,29.040000915527344,28.579999923706055,28.8700008392334,26.92059898376465,39040900
2023-06-21,28.780000686645508,29.0,28.540000915527344,28.56999969482422,26.64084815979004,39553400
2023-06-22,28.5,28.530000686645508,27.899999618530273,27.959999084472656,26.072040557861328,50742900
2023-06-23,27.739999771118164,27.889999389648438,27.59000015258789,27.75,25.876218795776367,55181100
2023-06-26,27.799999237060547,28.280000686645508,27.790000915527344,28.09000015258789,26.19326400756836,47519300
2023-06-27,28.100000381469727,28.399999618530273,27.950000762939453,28.239999771118164,26.333131790161133,39081800
2023-06-28,28.25,28.270000457763672,27.899999618530273,28.06999969482422,26.17461585998535,37803800
2023-06-29,28.5,29.0,28.399999618530273,28.65999984741211,26.724773406982422,68376400
2023-06-30,28.940000534057617,29.110000610351562,28.670000076293945,28.690000534057617,26.752750396728516,50479000
2023-07-03,28.700000762939453,29.350000381469727,28.649999618530273,29.200000762939453,27.22831153869629,30995800
2023-07-05,29.139999389648438,29.420000076293945,28.950000762939453,29.079999923706055,27.116413116455078,37492000
2023-07-06,28.799999237060547,28.81999969482422,28.100000381469727,28.280000686645508,26.37043571472168,52098000
2023-07-07,28.299999237060547,28.81999969482422,28.290000915527344,28.530000686645508,26.603551864624023,34288000
2023-07-10,28.59000015258789,28.850000381469727,28.469999313354492,28.65999984741211,26.724773406982422,36086000
2023-07-11,28.65999984741211,29.079999923706055,28.420000076293945,29.020000457763672,27.06046485900879,40978700
2023-07-12,29.510000228881836,29.889999389648438,29.270000457763672,29.360000610351562,27.37750816345215,41855500
2023-07-13,29.520000457763672,29.8700008392334,29.40999984741211,29.670000076293945,27.666576385498047,39589000
2023-07-14,30.0,30.100000381469727,29.049999237060547,29.110000610351562,27.144390106201172,58720300
2023-07-17,29.149999618530273,29.559999465942383,29.1200008392334,29.399999618530273,27.414810180664062,49477200
2023-07-18,30.0,30.860000610351562,29.920000076293945,30.700000762939453,28.627029418945312,98253800
2023-07-19,30.889999389648438,31.700000762939453,30.690000534057617,31.530000686645508,29.400981903076172,70619800
2023-07-20,31.329999923706055,31.799999237060547,31.260000228881836,31.690000534057617,29.55017852783203,42128800
2023-07-21,31.8700008392334,32.11000061035156,31.420000076293945,31.979999542236328,29.82059669494629,70872400
2023-07-24,32.0,32.849998474121094,31.979999542236328,32.650001525878906,30.445358276367188,64548600
2023-07-25,32.7599983215332,32.790000915527344,32.06999969482422,32.150001525878906,29.979116439819336,51208800
2023-07-26,32.2400016784668,32.540000915527344,32.150001525878906,32.40999984741211,30.221561431884766,41814600
2023-07-27,32.43000030517578,32.7400016784668,31.81999969482422,31.950000762939453,29.792625427246094,45529500
2023-07-28,32.150001525878906,32.15999984741211,31.709999084472656,31.899999618530273,29.746000289916992,33296500
2023-07-31,31.899999618530273,32.25,31.780000686645508,32.0,29.83924674987793,29093400
2023-08-01,31.84000015258789,31.940000534057617,31.420000076293945,31.6200008392334,29.484907150268555,32712000
2023-08-02,31.15999984741211,31.280000686645508,30.780000686645508,31.190000534057617,29.083940505981445,38855100
2023-08-03,30.940000534057617,31.549999237060547,30.8799991607666,31.40999984741211,29.289085388183594,27933400
2023-08-04,31.360000610351562,31.670000076293945,31.170000076293945,31.299999237060547,29.186511993408203,30768100
2023-08-07,31.40999984741211,31.899999618530273,31.40999984741211,31.8799991607666,29.72734832763672,31745200
2023-08-08,31.299999237060547,31.309999465942383,30.479999542236328,31.270000457763672,29.158538818359375,45951800
2023-08-09,31.219999313354492,31.280000686645508,30.829999923706055,30.860000610351562,28.776226043701172,30732100
2023-08-10,31.010000228881836,31.31999969482422,30.799999237060547,30.940000534057617,28.85082244873047,26062600
2023-08-11,30.799999237060547,31.399999618530273,30.75,31.290000915527344,29.17719078063965,35720700
2023-08-14,31.049999237060547,31.110000610351562,30.75,30.93000030517578,28.84149932861328,32563700
2023-08-15,30.5,30.549999237060547,29.84000015258789,29.940000534057617,27.918346405029297,43406100
2023-08-16,29.75,29.84000015258789,29.209999084472656,29.290000915527344,27.312238693237305,47220400
2023-08-17,29.440000534057617,29.540000915527344,29.110000610351562,29.280000686645508,27.30291175842285,37202200
2023-08-18,29.040000915527344,29.350000381469727,28.979999542236328,29.110000610351562,27.144390106201172,31430400
2023-08-21,29.219999313354492,29.299999237060547,28.799999237060547,29.149999618530273,27.181686401367188,34959000
2023-08-22,29.1299991607666,29.239999771118164,28.420000076293945,28.440000534057617,26.519630432128906,37564200
2023-08-23,28.450000762939453,28.510000228881836,28.18000030517578,28.450000762939453,26.528959274291992,44686600
2023-08-24,28.399999618530273,28.790000915527344,28.3700008392334,28.6200008392334,26.687477111816406,31934800
2023-08-25,28.639999389648438,28.790000915527344,28.299999237060547,28.5,26.575580596923828,34253200
2023-08-28,28.690000534057617,29.0,28.56999969482422,28.760000228881836,26.818023681640625,33075200
2023-08-29,28.889999389648438,29.260000228881836,28.719999313354492,29.170000076293945,27.200340270996094,30428200
2023-08-30,29.219999313354492,29.270000457763672,28.93000030517578,29.040000915527344,27.079116821289062,33366400
2023-08-31,28.93000030517578,28.969999313354492,28.530000686645508,28.670000076293945,26.956884384155273,37243000
2023-09-01,28.760000228881836,29.1299991607666,28.760000228881836,28.979999542236328,27.24835968017578,35228600
2023-09-05,28.940000534057617,29.1200008392334,28.5,28.649999618530273,26.938079833984375,46543600
2023-09-06,28.399999618530273,28.559999465942383,28.1200008392334,28.389999389648438,26.693613052368164,45022600
2023-09-07,28.40999984741211,28.549999237060547,28.059999465942383,28.1299991607666,26.449148178100586,35023600
2023-09-08,28.1200008392334,28.3799991607666,27.959999084472656,28.360000610351562,26.6654109954834,36513900
2023-09-11,28.510000228881836,28.760000228881836,28.399999618530273,28.479999542236328,26.778234481811523,34168300
2023-09-12,28.459999084472656,29.139999389648438,28.399999618530273,28.969999313354492,27.238956451416016,42284000
2023-09-13,29.1200008392334,29.190000534057617,28.700000762939453,28.8799991607666,27.154335021972656,37215700
2023-09-14,29.170000076293945,29.440000534057617,29.100000381469727,29.200000762939453,27.455217361450195,44634800
2023-09-15,28.950000762939453,29.09000015258789,28.75,28.84000015258789,27.11672592163086,61661100
2023-09-18,28.799999237060547,28.799999237060547,28.489999771118164,28.760000228881836,27.041505813598633,25752300
2023-09-19,28.760000228881836,28.940000534057617,28.510000228881836,28.649999618530273,26.938079833984375,34888100
2023-09-20,28.809999465942383,28.969999313354492,28.530000686645508,28.549999237060547,26.844053268432617,26641100
2023-09-21,28.360000610351562,28.59000015258789,28.020000457763672,28.049999237060547,26.373929977416992,39906000
2023-09-22,28.06999969482422,28.190000534057617,27.600000381469727,27.639999389648438,25.988428115844727,41284400
2023-09-25,27.5,27.6200008392334,27.350000381469727,27.600000381469727,25.95081901550293,32749200
2023-09-26,27.34000015258789,27.5,27.010000228881836,27.170000076293945,25.546518325805664,42237400
2023-09-27,27.229999542236328,27.610000610351562,27.06999969482422,27.270000457763672,25.64053726196289,38296300
2023-09-28,27.170000076293945,27.639999389648438,27.170000076293945,27.559999465942383,25.913209915161133,36734300
2023-09-29,27.889999389648438,27.989999771118164,27.270000457763672,27.3799991607666,25.74396324157715,40645900
2023-10-02,27.270000457763672,27.360000610351562,26.579999923706055,26.700000762939453,25.104597091674805,50388600
2023-10-03,26.489999771118164,26.520000457763672,25.81999969482422,25.90999984741211,24.36180305480957,62144500
2023-10-04,25.8799991607666,26.010000228881836,25.579999923706055,25.940000534057617,24.390010833740234,55696400
2023-10-05,25.780000686645508,26.09000015258789,25.559999465942383,26.059999465942383,24.502840042114258,49044100
2023-10-06,25.770000457763672,26.229999542236328,25.469999313354492,26.06999969482422,24.512243270874023,58177300
2023-10-09,25.760000228881836,26.360000610351562,25.719999313354492,26.309999465942383,24.73790168762207,39953700
2023-10-10,26.610000610351562,27.299999237060547,26.56999969482422,27.010000228881836,25.396076202392578,51960100
2023-10-11,27.170000076293945,27.440000534057617,26.899999618530273,27.020000457763672,25.405479431152344,38508200
2023-10-12,26.969999313354492,27.079999923706055,26.610000610351562,26.899999618530273,25.29265022277832,44249800
2023-10-13,27.43000030517578,27.719999313354492,26.520000457763672,26.760000228881836,25.161014556884766,55089700
2023-10-16,27.15999984741211,27.18000030517578,26.770000457763672,26.989999771118164,25.37727165222168,56817500
2023-10-17,27.049999237060547,27.8700008392334,26.719999313354492,27.6200008392334,25.969623565673828,95344200
2023-10-18,27.540000915527344,28.040000915527344,27.209999084472656,27.309999465942383,25.678146362304688,68371100
2023-10-19,27.25,27.780000686645508,26.8799991607666,26.959999084472656,25.34906005859375,58611000
2023-10-20,26.799999237060547,26.940000534057617,26.239999771118164,26.309999465942383,24.73790168762207,62058400
2023-10-23,26.1299991607666,26.209999084472656,25.520000457763672,25.56999969482422,24.0421199798584,59857200
2023-10-24,25.739999771118164,25.8700008392334,25.399999618530273,25.469999313354492,23.94809341430664,55975700
2023-10-25,25.3799991607666,25.649999618530273,25.18000030517578,25.549999237060547,24.023311614990234,45522400
2023-10-26,25.489999771118164,26.360000610351562,25.440000534057617,26.1200008392334,24.559255599975586,60921000
2023-10-27,26.06999969482422,26.06999969482422,24.959999084472656,25.170000076293945,23.6660213470459,64709300
2023-10-30,25.31999969482422,25.780000686645508,25.280000686645508,25.690000534057617,24.154949188232422,41891900
2023-10-31,25.739999771118164,26.3799991607666,25.719999313354492,26.34000015258789,24.7661075592041,50106700
2023-11-01,26.440000534057617,26.6200008392334,26.149999618530273,26.399999618530273,24.822525024414062,44046300
2023-11-02,26.709999084472656,27.65999984741211,26.59000015258789,27.6200008392334,25.969623565673828,63278300
2023-11-03,28.15999984741211,28.93000030517578,28.1299991607666,28.420000076293945,26.72182273864746,62613600
2023-11-06,28.559999465942383,28.770000457763672,28.020000457763672,28.329999923706055,26.6372013092041,45548000
2023-11-07,28.049999237060547,28.260000228881836,27.950000762939453,28.15999984741211,26.477357864379883,33081900
2023-11-08,28.15999984741211,28.200000762939453,27.670000076293945,27.889999389648438,26.223491668701172,31896000
2023-11-09,28.06999969482422,28.079999923706055,27.399999618530273,27.530000686645508,25.88500213623047,32267900
2023-11-10,27.760000228881836,27.770000457763672,27.34000015258789,27.68000030517578,26.02604103088379,32858500
2023-11-13,27.540000915527344,27.850000381469727,27.420000076293945,27.700000762939453,26.044845581054688,28521800
2023-11-14,28.5,29.40999984741211,28.469999313354492,29.219999313354492,27.47402000427246,66676300
2023-11-15,29.200000762939453,29.729999542236328,29.200000762939453,29.6200008392334,27.850122451782227,46968900
2023-11-16,29.43000030517578,29.700000762939453,29.219999313354492,29.540000915527344,27.774900436401367,36952800
2023-11-17,29.709999084472656,30.0,29.549999237060547,29.979999542236328,28.188610076904297,38493300
2023-11-20,29.979999542236328,30.25,29.75,30.010000228881836,28.21681785583496,46783400
2023-11-21,29.989999771118164,29.989999771118164,29.549999237060547,29.65999984741211,27.887727737426758,41611900
2023-11-22,29.739999771118164,29.790000915527344,29.520000457763672,29.6299991607666,27.85952377319336,41422700
2023-11-24,29.479999542236328,29.889999389648438,29.479999542236328,29.729999542236328,27.95354461669922,15815600
2023-11-27,29.600000381469727,29.690000534057617,29.510000228881836,29.559999465942383,27.793704986572266,42039500
2023-11-28,29.530000686645508,29.649999618530273,29.31999969482422,29.530000686645508,27.765499114990234,29705800
2023-11-29,29.8799991607666,30.610000610351562,29.809999465942383,30.309999465942383,28.498891830444336,57954900
2023-11-30,30.209999084472656,30.549999237060547,30.040000915527344,30.489999771118164,28.896944046020508,52547700
2023-12-01,30.399999618530273,31.049999237060547,30.350000381469727,30.959999084472656,29.34238624572754,46133300
2023-12-04,30.530000686645508,31.0,30.520000457763672,30.81999969482422,29.209701538085938,37811300
2023-12-05,30.68000030517578,30.790000915527344,30.329999923706055,30.579999923706055,28.982242584228516,45723100
2023-12-06,30.780000686645508,31.520000457763672,30.440000534057617,30.530000686645508,28.934856414794922,49803100
2023-12-07,30.59000015258789,30.93000030517578,30.540000915527344,30.65999984741211,29.058063507080078,32699600
2023-12-08,30.670000076293945,31.139999389648438,30.610000610351562,30.959999084472656,29.34238624572754,34794300
2023-12-11,30.920000076293945,31.079999923706055,30.709999084472656,30.850000381469727,29.238136291503906,32254000
2023-12-12,30.770000457763672,30.860000610351562,30.450000762939453,30.739999771118164,29.133878707885742,34566700
2023-12-13,30.75,32.130001068115234,30.6299991607666,32.040000915527344,30.3659610748291,60311100
2023-12-14,32.619998931884766,34.06999969482422,32.56999969482422,33.939998626708984,32.16669464111328,107190000
2023-12-15,33.81999969482422,34.02000045776367,33.290000915527344,33.599998474121094,31.844453811645508,83771800
2023-12-18,33.709999084472656,33.790000915527344,33.40999984741211,33.43000030517578,31.683332443237305,40694700
