Date,Open,High,Low,Close,Adj Close,Volume
2020-02-20,76.0999984741211,76.48200225830078,75.34100341796875,75.90750122070312,75.28936767578125,21932000
2020-02-21,75.40149688720703,75.61074829101562,74.02200317382812,74.25550079345703,73.65083312988281,34634000
2020-02-24,71.30549621582031,71.84850311279297,70.56950378417969,71.07949829101562,70.50068664550781,57342000
2020-02-25,71.6500015258789,71.90699768066406,69.12000274658203,69.42250061035156,68.85719299316406,49566000
2020-02-26,69.80699920654297,70.78500366210938,68.94999694824219,69.65899658203125,69.09175872802734,44048000
2020-02-27,68.10299682617188,68.58519744873047,65.8584976196289,65.90450286865234,65.36784362792969,59566000
2020-02-28,63.875,67.05699920654297,63.54999923706055,66.96649932861328,66.42118835449219,75782000
2020-03-02,67.58049774169922,69.54350280761719,66.34075164794922,69.45549774169922,68.8899154663086,48630000
2020-03-03,69.97100067138672,70.50749969482422,66.5999984741211,67.06950378417969,66.52335357666016,48046000
2020-03-04,67.96150207519531,69.40450286865234,67.15550231933594,69.32599639892578,68.76148223876953,38266000
2020-03-05,67.51000213623047,67.94550323486328,65.25499725341797,65.9520034790039,65.41495513916016,51226000
2020-03-06,63.85300064086914,65.31099700927734,63.0525016784668,64.92050170898438,64.391845703125,53212000
2020-03-09,60.26499938964844,62.737998962402344,60.0,60.77799987792969,60.283077239990234,67308000
2020-03-10,63.0,64.05750274658203,60.938499450683594,64.01950073242188,63.49818420410156,52228000
2020-03-11,62.48500061035156,63.04800033569336,59.80350112915039,60.77050018310547,60.275638580322266,52170000
2020-03-12,56.29999923706055,59.69350051879883,55.665000915527344,55.74549865722656,55.291561126708984,84534000
2020-03-13,58.95000076293945,60.987998962402344,55.85715103149414,60.98649978637695,60.48988342285156,74002000
2020-03-16,54.79999923706055,57.61334991455078,53.72200012207031,54.21649932861328,53.77500915527344,85048000
2020-03-17,54.65549850463867,56.542999267578125,52.800498962402344,55.9900016784668,55.53407287597656,77230000
2020-03-18,52.82550048828125,55.32500076293945,51.86399841308594,54.84000015258789,54.3934326171875,84668000
2020-03-19,54.65250015258789,57.89849853515625,53.005401611328125,55.76449966430664,55.310401916503906,73022000
2020-03-20,56.7859992980957,57.199501037597656,53.27450180053711,53.61600112915039,53.17939758300781,72036000
2020-03-23,53.066001892089844,53.566001892089844,50.67679977416992,52.83100128173828,52.40080261230469,80882000
2020-03-24,55.188499450683594,56.75,54.53099822998047,56.722999572753906,56.261104583740234,66890000
2020-03-25,56.32350158691406,57.44499969482422,54.300498962402344,55.1245002746582,54.67561721801758,81630000
2020-03-26,55.59000015258789,58.49850082397461,54.67649841308594,58.087501525878906,57.6144905090332,71434000
2020-03-27,56.28350067138672,57.53350067138672,55.295501708984375,55.535499572753906,55.08326721191406,64170000
2020-03-30,56.25199890136719,57.58150100708008,54.82400131225586,57.340999603271484,56.87406921386719,51482000
2020-03-31,57.3650016784668,58.765499114990234,56.90700149536133,58.140499114990234,57.667057037353516,49728000
2020-04-01,56.099998474121094,56.484500885009766,54.872501373291016,55.28099822998047,54.830841064453125,46884000
2020-04-02,54.91299819946289,56.34299850463867,54.81999969482422,56.04199981689453,55.58564758300781,39298000
2020-04-03,55.950748443603516,56.176998138427734,53.990501403808594,54.89400100708008,54.446990966796875,46268000
2020-04-06,56.900001525878906,59.733001708984375,56.547000885009766,59.34600067138672,58.862735748291016,53294000
2020-04-07,61.04999923706055,61.25,59.11149978637695,59.32550048828125,58.8424072265625,47746000
2020-04-08,60.32500076293945,60.95349884033203,59.40800094604492,60.513999938964844,60.0212287902832,39502000
2020-04-09,61.20399856567383,61.278499603271484,59.83675003051758,60.5724983215332,60.07925033569336,43508000
2020-04-13,60.45899963378906,61.0255012512207,59.37990188598633,60.87799835205078,60.38226318359375,34796000
2020-04-14,62.25450134277344,64.10350036621094,61.846500396728516,63.46149826049805,62.94472885131836,49408000
2020-04-15,62.28049850463867,64.02300262451172,62.02000045776367,63.12350082397461,62.60948181152344,33434000
2020-04-16,63.70500183105469,63.95000076293945,62.13100051879883,63.173500061035156,62.65907287597656,50362000
2020-04-17,64.24250030517578,64.72149658203125,63.561500549316406,64.1624984741211,63.64002227783203,38980000
2020-04-20,63.54999923706055,64.08000183105469,63.06850051879883,63.330501556396484,62.81480026245117,33910000
2020-04-21,62.349998474121094,62.7135009765625,60.48550033569336,60.81700134277344,60.32176208496094,43060000
2020-04-22,62.277000427246094,64.28064727783203,62.099998474121094,63.160499572753906,62.64617919921875,41848000
2020-04-23,63.57749938964844,64.66549682617188,63.28350067138672,63.81549835205078,63.29584503173828,31324000
2020-04-24,63.05849838256836,64.0199966430664,62.47249984741211,63.96549987792969,63.444618225097656,32792000
2020-04-27,64.80000305175781,64.80750274658203,63.45000076293945,63.79399871826172,63.27451705932617,32012000
2020-04-28,64.39649963378906,64.40249633789062,61.61000061035156,61.68349838256836,61.18120193481445,59026000
2020-04-29,67.072998046875,67.99949645996094,66.26699829101562,67.0739974975586,66.5278091430664,75872000
2020-04-30,66.24400329589844,67.64099884033203,66.12449645996094,67.43299865722656,66.8838882446289,53378000
2020-05-01,66.42500305175781,67.60350036621094,65.55000305175781,66.03050231933594,65.4927978515625,41450000
2020-05-04,65.4114990234375,66.38300323486328,64.94999694824219,66.33999633789062,65.7997817993164,30080000
2020-05-05,66.89600372314453,68.6969985961914,66.87300109863281,67.55549621582031,67.00538635253906,33030000
2020-05-06,68.08450317382812,68.55599975585938,67.364501953125,67.36499786376953,66.81643676757812,24308000
2020-05-07,68.2969970703125,68.87999725341797,67.76349639892578,68.62799835205078,68.06915283203125,27952000
2020-05-08,69.15650177001953,69.93800354003906,68.77400207519531,69.41850280761719,68.85322570800781,27738000
2020-05-11,68.91400146484375,70.82649993896484,68.85759735107422,70.16300201416016,69.59165954589844,28242000
2020-05-12,70.35600280761719,70.75,68.7385025024414,68.78700256347656,68.22687530517578,27812000
2020-05-13,68.85250091552734,69.27410125732422,66.41999816894531,67.46649932861328,66.9171142578125,36252000
2020-05-14,66.7509994506836,67.87100219726562,66.19550323486328,67.80650329589844,67.25434875488281,32062000
2020-05-15,67.5,68.7239990234375,66.94999694824219,68.65950012207031,68.10041809082031,34154000
2020-05-18,68.0875015258789,69.61624908447266,67.7125015258789,69.1969985961914,68.63352966308594,36448000
2020-05-19,69.349853515625,69.5999984741211,68.67424774169922,68.67424774169922,68.11502075195312,25612000
2020-05-20,69.47899627685547,70.52100372314453,69.36250305175781,70.33599853515625,69.76325225830078,33108000
2020-05-21,70.4000015258789,70.77449798583984,69.67250061035156,70.13999938964844,69.56884765625,27700000
2020-05-22,69.83550262451172,70.63800048828125,69.59149932861328,70.52100372314453,69.94673919677734,26188000
2020-05-26,71.8635025024414,72.05000305175781,70.60649871826172,70.85099792480469,70.2740478515625,41212000
2020-05-27,70.86250305175781,71.08699798583984,69.56449890136719,70.89199829101562,70.3147201538086,33716000
2020-05-28,69.84300231933594,72.04199981689453,69.80000305175781,70.83650207519531,70.25965881347656,33844000
2020-05-29,70.84700012207031,71.62850189208984,70.6675033569336,71.44599914550781,70.86422729492188,36418000
2020-06-01,70.91950225830078,71.89800262451172,70.9000015258789,71.59100341796875,71.00802612304688,24342000
2020-06-02,71.52749633789062,71.98049926757812,70.94149780273438,71.96099853515625,71.37500762939453,25562000
2020-06-03,71.91500091552734,72.32759857177734,71.48885345458984,71.81900024414062,71.23416137695312,25124000
2020-06-04,71.5199966430664,71.947998046875,70.23650360107422,70.60900115966797,70.03402709960938,29686000
2020-06-05,70.65850067138672,72.25250244140625,70.30000305175781,71.91950225830078,71.33384704589844,34698000
2020-06-08,71.11699676513672,72.39949798583984,71.11699676513672,72.33049774169922,71.74150848388672,28084000
2020-06-09,72.26799774169922,73.4000015258789,72.1604995727539,72.80799865722656,72.21512603759766,28184000
2020-06-10,72.97699737548828,73.71295166015625,72.8134994506836,73.2925033569336,72.6956787109375,30504000
2020-06-11,72.1240005493164,72.72374725341797,70.0999984741211,70.19200134277344,69.62041473388672,39826000
2020-06-12,71.42449951171875,71.8499984741211,69.3010025024414,70.65899658203125,70.0836181640625,38928000
2020-06-15,69.54000091552734,71.23999786376953,69.39600372314453,70.99250030517578,70.41439819335938,30078000
2020-06-16,72.26100158691406,72.7509994506836,71.29499816894531,72.13600158691406,71.548583984375,34184000
2020-06-17,72.35800170898438,73.0,71.56900024414062,72.55599975585938,71.96516418457031,30992000
2020-06-18,72.45800018310547,72.57050323486328,71.35050201416016,71.7979965209961,71.21334075927734,31638000
2020-06-19,72.19999694824219,72.38999938964844,71.06749725341797,71.58599853515625,71.00308227539062,63158000
2020-06-22,71.44999694824219,72.63749694824219,71.1604995727539,72.59300231933594,72.00186920166016,30848000
2020-06-23,72.78199768066406,73.79705047607422,72.26200103759766,73.22049713134766,72.62425994873047,28596000
2020-06-24,73.07550048828125,73.77100372314453,71.48750305175781,71.59850311279297,71.01547241210938,35120000
2020-06-25,71.49500274658203,72.1449966430664,71.0,72.06649780273438,71.47965240478516,24610000
2020-06-26,71.56950378417969,71.67250061035156,67.59950256347656,67.99500274658203,67.44131469726562,85354000
2020-06-29,67.90899658203125,69.77999877929688,67.35050201416016,69.74849700927734,69.18052673339844,36204000
2020-06-30,69.52200317382812,70.93250274658203,69.197998046875,70.68049621582031,70.10494232177734,40848000
2020-07-01,70.55500030517578,72.1500015258789,70.49099731445312,71.9020004272461,71.31649780273438,35504000
2020-07-02,72.34700012207031,74.14749908447266,72.32099914550781,73.23500061035156,72.63864135742188,37182000
2020-07-06,74.00299835205078,75.32949829101562,73.64299774169922,74.78500366210938,74.17603302001953,31280000
2020-07-07,74.5,75.83999633789062,74.17749786376953,74.25900268554688,73.6543197631836,29164000
2020-07-08,74.71600341796875,75.29399871826172,74.28150177001953,74.80000305175781,74.19090270996094,24994000
2020-07-09,75.32250213623047,76.13600158691406,74.40425109863281,75.54949951171875,74.93428802490234,28466000
2020-07-10,75.30750274658203,77.19149780273438,74.8270034790039,77.08699798583984,76.45925903320312,37126000
2020-07-13,77.5,78.85659790039062,75.26215362548828,75.56700134277344,74.95165252685547,36928000
2020-07-14,74.5155029296875,76.14749908447266,74.17500305175781,76.02899932861328,75.4098892211914,31700000
2020-07-15,76.15650177001953,76.7665023803711,74.9000015258789,75.68199920654297,75.06572723388672,32214000
2020-07-16,75.0,75.93450164794922,74.31549835205078,75.9000015258789,75.28193664550781,30386000
2020-07-17,76.08100128173828,76.1719970703125,74.9209976196289,75.77749633789062,75.16044616699219,29134000
2020-07-20,75.76300048828125,78.5145034790039,75.18000030517578,78.28600311279297,77.64851379394531,31146000
2020-07-21,79.34950256347656,79.34950256347656,77.71399688720703,77.9209976196289,77.2864761352539,24324000
2020-07-22,78.0250015258789,78.5,77.30500030517578,78.42449951171875,77.78587341308594,18640000
2020-07-23,78.34850311279297,78.59349822998047,75.36959838867188,75.78399658203125,75.16688537597656,32552000
2020-07-24,74.94650268554688,75.88179779052734,74.41999816894531,75.59349822998047,74.97793579101562,30880000
2020-07-27,75.77999877929688,77.04850006103516,75.760498046875,76.51000213623047,75.88697052001953,24920000
2020-07-28,76.25900268554688,76.3239974975586,74.88300323486328,75.01699829101562,74.40612030029297,34044000
2020-07-29,75.31600189208984,76.5625991821289,75.06649780273438,76.10099792480469,75.48130798339844,22130000
2020-07-30,74.8499984741211,76.89350128173828,74.61100006103516,76.57250213623047,75.948974609375,33428000
2020-07-31,75.25050354003906,75.44750213623047,72.70149993896484,74.14800262451172,73.5442123413086,68798000
2020-08-03,74.33200073242188,74.52349853515625,73.28199768066406,73.72250366210938,73.12217712402344,46604000
2020-08-04,73.82849884033203,74.27799987792969,72.93250274658203,73.24849700927734,72.65201568603516,38070000
2020-08-05,73.46499633789062,74.12049865722656,73.1729965209961,73.68049621582031,73.08051300048828,39590000
2020-08-06,73.5875015258789,75.11949920654297,73.30000305175781,75.00499725341797,74.39422607421875,39908000
2020-08-07,75.0,75.84224700927734,74.08200073242188,74.72450256347656,74.11602020263672,31556000
2020-08-10,74.35900115966797,75.20375061035156,73.65399932861328,74.80500030517578,74.19585418701172,25786000
2020-08-11,74.62200164794922,75.5,73.9000015258789,74.01599884033203,73.41328430175781,29088000
2020-08-12,74.27899932861328,75.61930084228516,74.26249694824219,75.33100128173828,74.71757507324219,28740000
2020-08-13,75.51699829101562,76.86250305175781,75.40025329589844,75.92250061035156,75.30426788330078,29104000
2020-08-14,75.78299713134766,76.09500122070312,75.14399719238281,75.3864974975586,74.77262878417969,27096000
2020-08-17,75.7334976196289,76.28050231933594,75.39849853515625,75.89900207519531,75.28094482421875,27566000
2020-08-18,76.30899810791016,78.12349700927734,76.18550109863281,77.93000030517578,77.29541778564453,40542000
2020-08-19,77.66549682617188,78.68399810791016,77.19750213623047,77.37650299072266,76.74642181396484,33212000
2020-08-20,77.17250061035156,79.29350280761719,76.91000366210938,79.0875015258789,78.44348907470703,34138000
2020-08-21,78.85150146484375,79.88600158691406,78.40025329589844,79.02100372314453,78.37753295898438,28930000
2020-08-24,79.6989974975586,80.70850372314453,79.02850341796875,79.41000366210938,78.76336669921875,28198000
2020-08-25,79.10350036621094,80.58100128173828,79.10350036621094,80.41100311279297,79.75621032714844,44942000
2020-08-26,80.4000015258789,82.96099853515625,80.18000030517578,82.61900329589844,81.94622802734375,79868000
2020-08-27,82.68399810791016,82.75,81.2874984741211,81.71649932861328,81.05108642578125,37232000
2020-08-28,81.67449951171875,82.3584976196289,81.5374984741211,82.22049713134766,81.55096435546875,29980000
2020-08-31,82.39450073242188,82.39824676513672,81.5155029296875,81.70899963378906,81.04364013671875,36468000
2020-09-01,81.83149719238281,83.2864990234375,81.61100006103516,83.0354995727539,82.35934448242188,36506000
2020-09-02,83.68875122070312,86.65899658203125,83.31649780273438,86.41400146484375,85.71033477783203,50224000
2020-09-03,85.48570251464844,85.48570251464844,80.75299835205078,82.09200286865234,81.42352294921875,62156000
2020-09-04,81.21299743652344,82.25550079345703,77.38065338134766,79.552001953125,78.9041976928711,52172000
2020-09-08,76.67549896240234,78.19325256347656,76.40049743652344,76.61949920654297,75.99559020996094,52218000
2020-09-09,77.87650299072266,78.44999694824219,76.80255126953125,77.8479995727539,77.21408081054688,35494000
2020-09-10,78.03199768066406,79.20404815673828,76.29025268554688,76.60099792480469,75.97722625732422,32372000
2020-09-11,76.80000305175781,78.76000213623047,74.86799621582031,76.03600311279297,75.41683197021484,31942000
2020-09-14,76.95024871826172,78.19999694824219,75.78700256347656,75.96399688720703,75.34542846679688,33932000
2020-09-15,76.80000305175781,77.97850036621094,76.59175109863281,77.0719985961914,76.44438934326172,26622000
2020-09-16,77.7770004272461,78.0999984741211,75.99099731445312,76.04499816894531,75.42575073242188,26234000
2020-09-17,74.80000305175781,75.41490173339844,73.5,74.77649688720703,74.1675796508789,37596000
2020-09-18,74.90049743652344,75.150146484375,71.85649871826172,72.99949645996094,72.40504455566406,62078000
2020-09-21,72.00299835205078,72.41799926757812,70.32749938964844,71.55799865722656,70.97528839111328,57776000
2020-09-22,72.50450134277344,73.47599792480469,71.72650146484375,73.27300262451172,72.67632293701172,31664000
2020-09-23,72.93900299072266,73.0479965209961,70.38500213623047,70.760498046875,70.18428802490234,33148000
2020-09-24,70.55149841308594,72.1854476928711,70.49250030517578,71.41449737548828,70.83295440673828,29004000
2020-09-25,71.63150024414062,72.5,70.66699981689453,72.24800109863281,71.65968322753906,26460000
2020-09-28,73.71050262451172,73.83999633789062,72.46504974365234,73.22599792480469,72.62970733642578,40158000
2020-09-29,73.51950073242188,73.8331527709961,72.94024658203125,73.46649932861328,72.8682632446289,19564000
2020-09-30,73.33999633789062,74.48750305175781,72.99400329589844,73.4800033569336,72.88165283203125,34032000
2020-10-01,74.2135009765625,74.9520034790039,73.96050262451172,74.50450134277344,73.8978042602539,35590000
2020-10-02,73.10150146484375,74.16000366210938,72.5459976196289,72.9209976196289,72.32719421386719,25682000
2020-10-05,73.31050109863281,74.4104995727539,73.2135009765625,74.3010025024414,73.69596099853516,22266000
2020-10-06,73.77899932861328,74.33799743652344,72.42949676513672,72.6719970703125,72.08023071289062,24908000
2020-10-07,73.2145004272461,73.447998046875,71.80000305175781,73.0145034790039,72.4199447631836,34924000
2020-10-08,73.25450134277344,74.5,73.25450134277344,74.29650115966797,73.69149017333984,23756000
2020-10-09,74.73500061035156,75.82599639892578,74.47250366210938,75.76100158691406,75.14407348632812,28706000
2020-10-12,77.1500015258789,79.69300079345703,76.62850189208984,78.4574966430664,77.81861114501953,49652000
2020-10-13,79.1865005493164,79.5,78.16000366210938,78.58399963378906,77.94407653808594,32020000
2020-10-14,78.92949676513672,79.38420104980469,77.52649688720703,78.40399932861328,77.76553344726562,38586000
2020-10-15,77.35749816894531,78.7552490234375,77.25150299072266,77.95649719238281,77.32170104980469,30800000
2020-10-16,78.2925033569336,79.05650329589844,78.1500015258789,78.65049743652344,78.01004791259766,28694000
2020-10-19,79.02300262451172,79.40750122070312,76.4000015258789,76.73049926757812,76.10568237304688,32142000
2020-10-20,76.35250091552734,78.875,76.28350067138672,77.79650115966797,77.16300964355469,44834000
2020-10-21,78.66649627685547,80.9365005493164,78.58149719238281,79.66549682617188,79.01676940917969,51366000
2020-10-22,79.65249633789062,81.09950256347656,79.25,80.7665023803711,80.10881805419922,28672000
2020-10-23,81.30349731445312,82.11799621582031,81.02549743652344,82.05000305175781,81.3818588256836,27516000
2020-10-26,81.25050354003906,81.91200256347656,78.82499694824219,79.52249908447266,78.87493133544922,37066000
2020-10-27,79.78350067138672,80.34224700927734,79.13899993896484,80.21299743652344,79.55982971191406,24580000
2020-10-28,77.98699951171875,78.06749725341797,75.73100280761719,75.83100128173828,75.21350860595703,36680000
2020-10-29,76.11799621582031,79.68550109863281,76.11199951171875,78.36199951171875,77.72388458251953,40062000
2020-10-30,83.60549926757812,84.3499984741211,80.2229995727539,81.05049896240234,80.39049530029297,86582000
2020-11-02,81.40799713134766,83.03849792480469,80.80149841308594,81.30149841308594,80.63945770263672,50708000
2020-11-03,81.58899688720703,83.08499908447266,80.83100128173828,82.510498046875,81.8386001586914,33234000
2020-11-04,85.51399993896484,88.56825256347656,85.30149841308594,87.45649719238281,86.74432373046875,71418000
2020-11-05,89.05000305175781,89.68199920654297,87.52549743652344,88.16850280761719,87.4505386352539,41316000
2020-11-06,87.69750213623047,88.62149810791016,87.01750183105469,88.0875015258789,87.37018585205078,33218000
2020-11-09,89.54499816894531,90.90299987792969,88.0009994506836,88.1500015258789,87.43219757080078,45366000
2020-11-10,86.55449676513672,88.1500015258789,85.86499786376953,87.01950073242188,86.31088256835938,52722000
2020-11-11,87.5,88.21099853515625,87.36824798583984,87.635498046875,86.92188262939453,25280000
2020-11-12,87.38150024414062,88.41349792480469,87.27999877929688,87.49199676513672,86.77954864501953,24950000
2020-11-13,87.88150024414062,89.052001953125,87.22750091552734,88.85099792480469,88.12747955322266,29998000
2020-11-16,88.58499908447266,89.95349884033203,88.3844985961914,89.06900024414062,88.34369659423828,24936000
2020-11-17,88.84700012207031,89.25,88.3499984741211,88.50749969482422,87.78678894042969,22942000
2020-11-18,88.2614974975586,88.67350006103516,87.30699920654297,87.33899688720703,86.62779998779297,23470000
2020-11-19,86.91899871826172,88.47949981689453,86.85025024414062,88.19599914550781,87.4778060913086,24998000
2020-11-20,88.260498046875,88.69999694824219,87.09300231933594,87.1094970703125,86.40016174316406,46270000
2020-11-23,87.4800033569336,87.69499969482422,85.88600158691406,86.74299621582031,86.03665161132812,43232000
2020-11-24,86.5250015258789,88.58000183105469,86.3844985961914,88.44400024414062,87.72379302978516,31560000
2020-11-25,88.64450073242188,88.927001953125,87.8270034790039,88.57150268554688,87.85025787353516,20916000
2020-11-27,88.65450286865234,90.19999694824219,88.62200164794922,89.65950012207031,88.92939758300781,17698000
2020-11-30,89.05919647216797,89.40325164794922,87.75,88.03700256347656,87.32010650634766,36476000
2020-12-01,88.71849822998047,91.24150085449219,88.46849822998047,89.90499877929688,89.17289733886719,34738000
2020-12-02,89.90499877929688,91.78250122070312,89.47364807128906,91.39749908447266,90.65323638916016,24440000
2020-12-03,91.20050048828125,92.36000061035156,91.13249969482422,91.3385009765625,90.5947265625,24546000
2020-12-04,91.22599792480469,91.65799713134766,90.84950256347656,91.39949798583984,90.65522766113281,27564000
2020-12-07,90.94999694824219,91.61849975585938,90.28900146484375,90.9739990234375,90.23319244384766,26418000
2020-12-08,90.50499725341797,91.09500122070312,89.81024932861328,90.92749786376953,90.18706512451172,21926000
2020-12-09,90.60050201416016,91.7135009765625,88.3905029296875,89.20649719238281,88.48008728027344,30152000
2020-12-10,88.48999786376953,89.06549835205078,87.01599884033203,88.7665023803711,88.04367065429688,27256000
2020-12-11,88.15299987792969,89.22250366210938,88.0,89.0885009765625,88.363037109375,24414000
2020-12-14,88.75,89.86949920654297,87.86074829101562,88.00299835205078,87.286376953125,32004000
2020-12-15,88.22100067138672,88.57099914550781,87.49749755859375,88.38849639892578,87.66873931884766,29646000
2020-12-16,88.64399719238281,88.6500015258789,87.80400085449219,88.1500015258789,87.43219757080078,30270000
2020-12-17,88.42549896240234,88.58920288085938,86.93299865722656,87.3949966430664,86.6833267211914,32494000
2020-12-18,87.70899963378906,87.75550079345703,86.01100158691406,86.55049896240234,85.84571075439453,80328000
2020-12-21,85.67549896240234,87.0425033569336,84.94999694824219,86.96849822998047,86.26030731201172,36568000
2020-12-22,86.72149658203125,86.87024688720703,85.62875366210938,86.17500305175781,85.4732666015625,18734000
2020-12-23,86.40550231933594,87.39949798583984,86.25199890136719,86.61900329589844,85.91365814208984,20676000
2020-12-24,86.75,87.30000305175781,86.45549774169922,86.94249725341797,86.2345199584961,6936000
2020-12-28,87.58174896240234,89.5363998413086,87.3167495727539,88.80449676513672,88.08136749267578,27860000
2020-12-29,89.3895034790039,89.62200164794922,87.80449676513672,87.93599700927734,87.21992492675781,25988000
2020-12-30,88.10050201416016,88.25475311279297,86.27999877929688,86.97599792480469,86.26775360107422,26122000
2020-12-31,86.77100372314453,87.94650268554688,86.77100372314453,87.59400177001953,86.88072204589844,20238000
2021-01-04,87.87699890136719,88.03250122070312,85.39250183105469,86.41200256347656,85.70834350585938,38038000
2021-01-05,86.25,87.38349914550781,85.90074920654297,87.0459976196289,86.3371810913086,22906000
2021-01-06,85.13150024414062,87.4000015258789,84.94999694824219,86.7645034790039,86.05797576904297,52042000
2021-01-07,87.00299835205078,89.41999816894531,86.85250091552734,89.36250305175781,88.63481140136719,45300000
2021-01-08,89.39900207519531,90.49199676513672,88.67675018310547,90.3604965209961,89.62468719482422,41012000
2021-01-11,89.30349731445312,89.71575164794922,88.0260009765625,88.33599853515625,87.61666870117188,24194000
2021-01-12,87.69599914550781,88.9020004272461,86.2655029296875,87.32749938964844,86.61638641357422,27140000
2021-01-13,86.92900085449219,88.25174713134766,86.90049743652344,87.72000122070312,87.00569152832031,21882000
2021-01-14,87.68099975585938,88.75050354003906,86.66999816894531,87.00900268554688,86.30048370361328,23590000
2021-01-15,86.90950012207031,87.80000305175781,86.07749938964844,86.80950164794922,86.10260009765625,26844000
2021-01-19,87.61250305175781,90.46375274658203,87.072998046875,89.54299926757812,88.81383514404297,34692000
2021-01-20,91.572998046875,95.18550109863281,91.27649688720703,94.34500122070312,93.57673645019531,49806000
2021-01-21,94.9000015258789,96.74299621582031,94.35549926757812,94.5625,93.79247283935547,41278000
2021-01-22,94.78399658203125,95.54750061035156,94.08799743652344,95.05249786376953,94.27847290039062,25442000
2021-01-25,96.03350067138672,96.47899627685547,93.37650299072266,94.97000122070312,94.1966552734375,38546000
2021-01-26,94.44200134277344,96.25,94.21224975585938,95.86199951171875,95.08138275146484,26262000
2021-01-27,94.12650299072266,94.5,90.44999694824219,91.53949737548828,90.79408264160156,54966000
2021-01-28,92.1969985961914,94.94149780273438,92.13200378417969,93.15550231933594,92.39693450927734,35462000
2021-01-29,92.30850219726562,92.86399841308594,90.51000213623047,91.78700256347656,91.0395736694336,32252000
2021-02-01,92.67849731445312,96.11959838867188,92.54650115966797,95.06749725341797,94.29335021972656,32044000
2021-02-02,96.12799835205078,97.78800201416016,95.72450256347656,96.37550354003906,95.59070587158203,45474000
2021-02-03,103.6500015258789,105.82499694824219,100.91899871826172,103.50350189208984,102.6606674194336,82364000
2021-02-04,103.44450378417969,103.92749786376953,102.12950134277344,103.11849975585938,102.27880096435547,37046000
2021-02-05,103.5,105.12550354003906,102.96649932861328,104.9000015258789,104.0457992553711,30702000
2021-02-08,105.29550170898438,106.17735290527344,103.5999984741211,104.64550018310547,103.79335021972656,24838000
2021-02-09,103.927001953125,105.25650024414062,103.927001953125,104.17549896240234,103.32717895507812,17798000
2021-02-10,104.71050262451172,105.41850280761719,103.15450286865234,104.76899719238281,103.91585540771484,22710000
2021-02-11,104.97550201416016,105.10150146484375,103.86599731445312,104.79450225830078,103.9411392211914,18914000
2021-02-12,104.51249694824219,105.44100189208984,104.15650177001953,105.20549774169922,104.34879302978516,17114000
2021-02-16,105.21800231933594,107.63400268554688,105.21800231933594,106.09500122070312,105.23107147216797,22676000
2021-02-17,105.0,106.68299865722656,104.94599914550781,106.41549682617188,105.54895782470703,21418000
2021-02-18,105.51950073242188,106.63674926757812,105.18550109863281,105.86000061035156,104.99798583984375,22432000
2021-02-19,105.9635009765625,106.52649688720703,104.87049865722656,105.05699920654297,104.20149993896484,29148000
2021-02-22,103.3499984741211,104.57099914550781,103.10700225830078,103.24400329589844,102.40327453613281,27350000
2021-02-23,101.25050354003906,104.10050201416016,100.10099792480469,103.54299926757812,102.69984436035156,33348000
2021-02-24,102.09149932861328,105.03900146484375,101.90650177001953,104.75849914550781,103.90544891357422,24966000
2021-02-25,103.37249755859375,104.74400329589844,101.06449890136719,101.56800079345703,100.74092864990234,36568000
2021-02-26,102.5260009765625,103.55049896240234,100.8030014038086,101.84300231933594,101.0136947631836,41670000
2021-03-01,102.82599639892578,104.32599639892578,102.30500030517578,104.07550048828125,103.22799682617188,28090000
2021-03-02,103.80950164794922,105.21849822998047,103.56300354003906,103.79199981689453,102.94681549072266,22692000
2021-03-03,103.3604965209961,104.4259033203125,100.5,101.33550262451172,100.51031494140625,29684000
2021-03-04,101.16850280761719,104.46199798583984,101.01349639892578,102.45449829101562,101.62020874023438,42360000
2021-03-05,103.65599822998047,105.90550231933594,102.32074737548828,105.427001953125,104.56849670410156,43904000
2021-03-08,105.05650329589844,106.44049835205078,101.08049774169922,101.20850372314453,100.38436126708984,32948000
2021-03-09,103.5,103.9020004272461,102.3915023803711,102.63500213623047,101.79923248291016,33946000
2021-03-10,103.58799743652344,103.75,101.66850280761719,102.75150299072266,101.91478729248047,25372000
2021-03-11,103.7030029296875,106.28500366210938,103.61900329589844,105.7385025024414,104.87747192382812,24782000
2021-03-12,104.25,104.51300048828125,102.37750244140625,103.09600067138672,102.25648498535156,34516000
2021-03-15,103.11499786376953,103.35299682617188,102.17549896240234,103.32450103759766,102.48311614990234,25962000
2021-03-16,103.94950103759766,106.1780014038086,103.5,104.6259994506836,103.77401733398438,29832000
2021-03-17,103.80149841308594,105.48899841308594,102.69999694824219,104.55400085449219,103.70260620117188,25980000
2021-03-18,103.05000305175781,103.7750015258789,101.67749786376953,101.81099700927734,100.98194122314453,27228000
2021-03-19,102.10250091552734,102.65499877929688,100.88400268554688,102.16000366210938,101.32811737060547,46298000
2021-03-22,102.09200286865234,102.89949798583984,101.30349731445312,101.92949676513672,101.09947967529297,39096000
2021-03-23,102.58499908447266,103.61509704589844,101.96099853515625,102.64800262451172,101.81212615966797,27340000
2021-03-24,103.26850128173828,103.9104995727539,102.07775115966797,102.25299835205078,101.42034149169922,23080000
2021-03-25,102.2405014038086,102.94349670410156,100.5364990234375,102.21800231933594,101.38562774658203,28378000
2021-03-26,101.94300079345703,102.54949951171875,100.70099639892578,101.77749633789062,100.94872283935547,29870000
2021-03-29,101.39399719238281,102.92150115966797,100.78099822998047,102.79750061035156,101.96041107177734,24596000
2021-03-30,102.88150024414062,103.53900146484375,102.20149993896484,102.7770004272461,101.94007873535156,20732000
2021-03-31,102.95600128173828,104.66635131835938,102.83724975585938,103.43150329589844,102.58924865722656,29198000
2021-04-01,104.89749908447266,107.14700317382812,104.84449768066406,106.88749694824219,106.01709747314453,33980000
2021-04-05,107.64700317382812,111.8655014038086,107.58100128173828,111.27749633789062,110.37134552001953,43298000
2021-04-06,111.125,111.88300323486328,110.73999786376953,111.23750305175781,110.3316879272461,27060000
2021-04-07,111.30650329589844,112.75,111.2665023803711,112.48400115966797,111.56804656982422,25798000
2021-04-08,113.89800262451172,114.20024871826172,112.88400268554688,113.27200317382812,112.34962463378906,27166000
2021-04-09,112.83499908447266,114.4520034790039,112.68569946289062,114.29399871826172,113.36329650878906,20888000
2021-04-12,113.3125,113.76599884033203,111.92324829101562,112.739501953125,111.82145690917969,31318000
2021-04-13,113.07350158691406,113.8604965209961,112.80449676513672,113.3635025024414,112.44037628173828,23310000
2021-04-14,113.75800323486328,113.89949798583984,112.45950317382812,112.74199676513672,111.82392120361328,20220000
2021-04-15,113.8489990234375,115.32984924316406,113.30000305175781,114.83300018310547,113.89790344238281,27472000
2021-04-16,115.1500015258789,115.3219985961914,114.22250366210938,114.88800048828125,113.95244598388672,22596000
2021-04-19,114.5989990234375,115.92250061035156,114.39225006103516,115.12000274658203,114.18257904052734,24688000
2021-04-20,115.39450073242188,115.4800033569336,113.58550262451172,114.68150329589844,113.74764251708984,21774000
2021-04-21,114.26249694824219,114.76599884033203,112.92849731445312,114.66449737548828,113.73076629638672,23930000
2021-04-22,114.6614990234375,115.18810272216797,112.82250213623047,113.39600372314453,112.47259521484375,21096000
2021-04-23,114.17350006103516,116.29100036621094,113.9104995727539,115.76499938964844,114.82231140136719,28670000
2021-04-26,115.99649810791016,117.06300354003906,115.69200134277344,116.33699798583984,115.38965606689453,20834000
2021-04-27,116.80000305175781,116.87249755859375,115.2135009765625,115.35600280761719,114.41665649414062,31972000
2021-04-28,120.35724639892578,122.618896484375,118.74250030517578,118.99549865722656,118.02650451660156,59728000
2021-04-29,120.5165023803711,121.82599639892578,120.11399841308594,121.49449920654297,120.50515747070312,39554000
2021-04-30,120.22450256347656,121.35700225830078,120.10800170898438,120.50599670410156,119.52469635009766,39142000
2021-05-03,120.13600158691406,120.98500061035156,119.2249984741211,119.75849914550781,118.7833023071289,33788000
2021-05-04,118.48699951171875,118.96299743652344,115.58499908447266,117.7125015258789,116.75395202636719,35120000
2021-05-05,118.4209976196289,119.11000061035156,117.57050323486328,117.83699798583984,116.87744140625,21806000
2021-05-06,117.53199768066406,119.135498046875,117.11689758300781,119.06749725341797,118.0979232788086,20618000
2021-05-07,120.0,120.82050323486328,119.5,119.93450164794922,118.95787811279297,23272000
2021-05-10,118.74449920654297,118.9000015258789,116.73650360107422,117.08300018310547,116.12957763671875,26006000
2021-05-11,114.59300231933594,116.0999984741211,114.1500015258789,115.43800354003906,114.49799346923828,32110000
2021-05-12,113.08550262451172,114.26850128173828,111.50250244140625,111.9540023803711,111.0423583984375,34934000
2021-05-13,113.05449676513672,113.83004760742188,112.13600158691406,113.09850311279297,112.17752838134766,26670000
2021-05-14,114.59149932861328,116.05699920654297,114.16600036621094,115.80799865722656,114.86495971679688,26624000
2021-05-17,115.46600341796875,116.16699981689453,114.75,116.07050323486328,115.12533569335938,19842000
2021-05-18,116.84529876708984,117.15750122070312,115.15799713134766,115.17150115966797,114.233642578125,17302000
2021-05-19,113.22000122070312,115.83799743652344,113.1760025024414,115.43550109863281,114.4955062866211,19350000
2021-05-20,116.4020004272461,118.01699829101562,116.05449676513672,117.80449676513672,116.84520721435547,23832000
2021-05-21,118.29949951171875,118.44999694824219,117.11849975585938,117.25499725341797,116.30017852783203,22832000
2021-05-24,118.3499984741211,120.92400360107422,118.00550079345703,120.33350372314453,119.3536148071289,21244000
2021-05-25,121.0,121.64450073242188,120.14949798583984,120.45349884033203,119.47262573242188,18838000
2021-05-26,120.6417465209961,122.14720153808594,120.62574768066406,121.67649841308594,120.6856689453125,21856000
2021-05-27,121.84700012207031,122.0,120.0999984741211,120.12550354003906,119.1473159790039,38962000
2021-05-28,121.0979995727539,121.40699768066406,120.3844985961914,120.5780029296875,119.59613037109375,24108000
2021-06-01,121.0999984741211,121.89855194091797,120.24400329589844,121.4905014038086,120.50119018554688,19166000
2021-06-02,121.7655029296875,122.0999984741211,120.20999908447266,121.06400299072266,120.07817077636719,17158000
2021-06-03,119.7509994506836,120.48725128173828,119.1415023803711,120.23049926757812,119.25144958496094,18346000
2021-06-04,121.1259994506836,122.69294738769531,120.88849639892578,122.58799743652344,121.58975982666016,25948000
2021-06-07,122.56600189208984,123.4000015258789,122.05364990234375,123.30449676513672,122.30042266845703,23850000
2021-06-08,123.99500274658203,124.72474670410156,123.41200256347656,124.14250183105469,123.13159942626953,25060000
2021-06-09,124.9749984741211,125.25,124.36650085449219,124.56999969482422,123.55562591552734,20126000
2021-06-10,124.70050048828125,126.16300201416016,124.69999694824219,126.08000183105469,125.0533218383789,31234000
2021-06-11,126.24600219726562,126.34950256347656,124.91449737548828,125.69650268554688,124.67294311523438,25240000
2021-06-14,125.66950225830078,126.4114990234375,125.0469970703125,126.35199737548828,125.32311248779297,22550000
2021-06-15,126.52200317382812,126.86199951171875,125.64849853515625,126.03299713134766,125.0066909790039,22182000
2021-06-16,126.24749755859375,126.52349853515625,124.14994812011719,125.69650268554688,124.67294311523438,26316000
2021-06-17,125.52300262451172,127.19650268554688,125.51499938964844,126.37100219726562,125.3419418334961,25756000
2021-06-18,125.70549774169922,126.38899993896484,124.60299682617188,125.56749725341797,124.54498291015625,53306000
2021-06-21,125.73999786376953,127.03675079345703,125.13424682617188,126.45500183105469,125.4252700805664,26256000
2021-06-22,126.44999694824219,127.2699966430664,126.02649688720703,126.99949645996094,125.96533966064453,20984000
2021-06-23,126.55000305175781,127.7959976196289,126.25199890136719,126.46150207519531,125.43172454833984,19694000
2021-06-24,127.05349731445312,127.5354995727539,126.95999908447266,127.28199768066406,126.24552917480469,18934000
2021-06-25,126.95700073242188,127.50499725341797,126.44400024414062,126.99500274658203,125.96086883544922,33484000
2021-06-28,127.0,127.33699798583984,125.97380065917969,126.81950378417969,125.78680419921875,28110000
2021-06-29,126.77249908447266,127.0,125.43699645996094,126.01850128173828,124.9923095703125,20950000
2021-06-30,125.65354919433594,125.80000305175781,124.75749969482422,125.31600189208984,124.29554748535156,24006000
2021-07-01,124.84974670410156,126.4625015258789,124.84974670410156,126.36849975585938,125.33946990966797,17120000
2021-07-02,126.8395004272461,128.84800720214844,126.76899719238281,128.718994140625,127.6707992553711,21160000
2021-07-06,129.44949340820312,129.88450622558594,128.40899658203125,129.77099609375,128.71424865722656,21350000
2021-07-07,130.34100341796875,130.639892578125,129.75999450683594,130.07749938964844,129.01824951171875,16680000
2021-07-08,128.25,130.03250122070312,128.0399932861328,129.177001953125,128.1251220703125,19780000
2021-07-09,128.9445037841797,129.84950256347656,128.94349670410156,129.57449340820312,128.5193634033203,15106000
2021-07-12,129.83349609375,130.77000427246094,129.60000610351562,130.56399536132812,129.5008087158203,16944000
2021-07-13,130.88150024414062,132.04200744628906,130.63699340820312,130.9945068359375,129.9277801513672,16618000
2021-07-14,131.90150451660156,132.99600219726562,131.8979949951172,132.08250427246094,131.0069580078125,17912000
2021-07-15,132.5,132.59500122070312,130.59800720214844,131.26649475097656,130.19760131835938,16586000
2021-07-16,131.64100646972656,132.18299865722656,130.82150268554688,131.8455047607422,130.77186584472656,14856000
2021-07-19,131.15550231933594,131.2469940185547,128.53700256347656,129.25399780273438,128.20144653320312,25710000
2021-07-20,130.00399780273438,132.0013427734375,129.1884002685547,131.10150146484375,130.03392028808594,19084000
2021-07-21,130.78700256347656,132.61724853515625,130.60150146484375,132.60049438476562,131.52072143554688,14742000
2021-07-22,132.64999389648438,133.50450134277344,132.39999389648438,133.32850646972656,132.24278259277344,13608000
2021-07-23,135.25999450683594,138.80850219726562,134.70050048828125,137.8159942626953,136.69375610351562,26378000
2021-07-26,138.25,139.71299743652344,137.6510009765625,139.64450073242188,138.50738525390625,23052000
2021-07-27,140.01100158691406,140.01100158691406,135.10000610351562,136.79649353027344,135.6825408935547,42164000
2021-07-28,138.56199645996094,139.67599487304688,136.35000610351562,136.38150024414062,135.27093505859375,54688000
2021-07-29,136.38059997558594,137.15150451660156,136.13800048828125,136.54049682617188,135.42861938476562,19284000
2021-07-30,135.51100158691406,135.77134704589844,134.81419372558594,135.2209930419922,134.11985778808594,23954000
2021-08-02,135.4844970703125,136.02049255371094,134.66949462890625,135.989501953125,134.8821258544922,20140000
2021-08-03,136.0,136.3354949951172,134.18350219726562,136.27999877929688,135.17025756835938,19064000
2021-08-04,136.24949645996094,136.53799438476562,135.4149932861328,136.02850341796875,134.92079162597656,16528000
2021-08-05,136.02850341796875,136.9499969482422,135.60000610351562,136.94000244140625,135.8249053955078,11866000
2021-08-06,136.2949981689453,137.08004760742188,136.04649353027344,137.03599548339844,135.9201202392578,13560000
2021-08-09,136.94900512695312,138.32150268554688,136.4287567138672,138.0019989013672,136.8782196044922,12374000
2021-08-10,138.07949829101562,138.55149841308594,137.22650146484375,138.09649658203125,136.97195434570312,16034000
2021-08-11,138.2830047607422,138.84774780273438,137.35000610351562,137.6894989013672,136.5682830810547,15204000
2021-08-12,137.71299743652344,138.41799926757812,136.7790069580078,138.38949584960938,137.2625732421875,14646000
2021-08-13,138.3574981689453,138.6739959716797,138.0050048828125,138.406005859375,137.27896118164062,12580000
2021-08-16,138.0,138.99049377441406,136.16575622558594,138.91600036621094,137.78480529785156,18040000
2021-08-17,138.1909942626953,138.718505859375,136.78750610351562,137.30050659179688,136.1824493408203,21272000
2021-08-18,137.11549377441406,138.29400634765625,136.42100524902344,136.57000732421875,135.45791625976562,14934000
2021-08-19,135.46749877929688,137.45199584960938,135.3560028076172,136.9134979248047,135.79859924316406,18296000
2021-08-20,137.08299255371094,138.614501953125,136.4669952392578,138.43699645996094,137.30970764160156,15564000
2021-08-23,138.99850463867188,142.177001953125,138.74795532226562,141.09950256347656,139.9505157470703,21090000
2021-08-24,141.5435028076172,143.00750732421875,141.35350036621094,142.39849853515625,141.2389373779297,15126000
2021-08-25,142.88299560546875,143.31300354003906,142.4394989013672,142.9499969482422,141.78594970703125,12838000
2021-08-26,142.61849975585938,143.13479614257812,142.0915069580078,142.1230010986328,140.96568298339844,14922000
2021-08-27,142.1125030517578,145.01100158691406,142.02000427246094,144.55050659179688,143.37344360351562,24562000
2021-08-30,144.70449829101562,146.489501953125,144.60000610351562,145.46949768066406,144.28492736816406,16916000
2021-08-31,145.88450622558594,146.11199951171875,145.0,145.46200561523438,144.27748107910156,26756000
2021-09-01,145.64999389648438,146.82049560546875,145.614501953125,145.8419952392578,144.65438842773438,15824000
2021-09-02,145.94949340820312,146.3249969482422,144.10650634765625,144.218994140625,143.0446014404297,21844000
2021-09-03,144.14599609375,145.3769989013672,143.5050048828125,144.77499389648438,143.5960693359375,19104000
2021-09-07,144.74949645996094,145.82400512695312,144.54100036621094,145.5189971923828,144.3340301513672,15170000
2021-09-08,145.39349365234375,145.55099487304688,144.1999969482422,144.8834991455078,143.70370483398438,15486000
2021-09-09,144.8834991455078,145.66949462890625,144.4340057373047,144.9134979248047,143.73345947265625,14798000
2021-09-10,145.44349670410156,146.0189971923828,141.7415008544922,141.92100524902344,140.76535034179688,32896000
2021-09-13,143.2010040283203,144.1909942626953,142.28250122070312,143.46499633789062,142.29672241210938,20176000
2021-09-14,144.16099548339844,144.7274932861328,142.90550231933594,143.406005859375,142.23825073242188,18916000
2021-09-15,143.75900268554688,145.5814971923828,142.25599670410156,145.20599365234375,144.0235595703125,20648000
2021-09-16,145.12100219726562,145.1999969482422,143.41635131835938,144.37350463867188,143.1978759765625,20292000
2021-09-17,143.79849243164062,144.24949645996094,141.06149291992188,141.4635009765625,140.31153869628906,60040000
2021-09-20,139.0001983642578,139.3625030517578,137.05299377441406,139.01699829101562,137.8849639892578,34918000
2021-09-21,140.11700439453125,140.8115997314453,138.90550231933594,139.64649963378906,138.50933837890625,18130000
2021-09-22,140.05050659179688,141.58349609375,139.4717559814453,140.93850708007812,139.79083251953125,22068000
2021-09-23,141.6094970703125,142.25245666503906,141.09649658203125,141.82650756835938,140.67160034179688,17272000
2021-09-24,140.9459991455078,142.90350341796875,140.85049438476562,142.63299560546875,141.47152709960938,14950000
2021-09-27,141.5854949951172,142.5,140.5,141.50100708007812,140.3487548828125,18844000
2021-09-28,139.0885009765625,139.60650634765625,135.6999969482422,136.1840057373047,135.07505798339844,42190000
2021-09-29,137.1096954345703,137.39849853515625,134.25,134.52099609375,133.42555236816406,26338000
2021-09-30,134.3249969482422,135.58999633789062,133.0,133.2655029296875,132.18032836914062,35294000
2021-10-01,133.55450439453125,137.0709991455078,133.37750244140625,136.46249389648438,135.3512725830078,28388000
2021-10-04,135.69949340820312,135.6999969482422,131.16650390625,133.76499938964844,132.67576599121094,31530000
2021-10-05,134.0,137.36199951171875,134.0,136.177001953125,135.06809997558594,24126000
2021-10-06,134.62550354003906,137.8520050048828,134.4864959716797,137.35400390625,136.2355194091797,19764000
2021-10-07,138.86300659179688,140.15444946289062,138.56300354003906,139.1855010986328,138.05210876464844,18250000
2021-10-08,139.906005859375,140.31700134277344,139.42935180664062,140.05599975585938,138.91549682617188,18924000
2021-10-11,139.8000030517578,140.76365661621094,138.80650329589844,138.84750366210938,137.71685791015625,16584000
2021-10-12,139.6374969482422,139.69500732421875,136.25,136.71299743652344,135.5997314453125,22536000
2021-10-13,137.75,138.5500030517578,136.97650146484375,137.89999389648438,136.77706909179688,16380000
2021-10-14,139.95199584960938,141.65150451660156,139.33900451660156,141.41200256347656,140.26046752929688,21426000
2021-10-15,142.1999969482422,142.1999969482422,141.0644989013672,141.6750030517578,140.5213165283203,21250000
2021-10-18,141.2135009765625,142.99874877929688,141.2135009765625,142.9604949951172,141.79635620117188,16564000
2021-10-19,143.29150390625,144.10699462890625,143.0959930419922,143.82200622558594,142.65086364746094,15316000
2021-10-20,144.22250366210938,144.2477569580078,141.91200256347656,142.4149932861328,141.25527954101562,17940000
2021-10-21,142.19200134277344,142.84950256347656,141.63699340820312,142.78050231933594,141.61782836914062,14850000
2021-10-22,140.3509979248047,141.55850219726562,137.17050170898438,138.625,137.4961700439453,30182000
2021-10-25,138.8105010986328,139.20579528808594,136.74850463867188,138.7729949951172,137.64295959472656,21082000
2021-10-26,140.6060028076172,140.83949279785156,139.0054931640625,139.6719970703125,138.53463745117188,28258000
2021-10-27,139.90249633789062,149.1179962158203,139.90249633789062,146.42750549316406,145.23513793945312,51850000
2021-10-28,147.2989959716797,147.42449951171875,144.7635040283203,146.12899780273438,144.93905639648438,32418000
2021-10-29,145.52000427246094,148.61300659179688,145.16650390625,148.27049255371094,147.0631103515625,28954000
2021-11-01,148.1649932861328,148.39950561523438,143.57949829101562,143.7740020751953,142.6032257080078,32272000
2021-11-02,144.8094024658203,146.92050170898438,144.64100646972656,145.86300659179688,144.67520141601562,21150000
2021-11-03,146.27499389648438,146.91050720214844,145.05349731445312,146.7899932861328,145.59466552734375,17886000
2021-11-04,147.1999969482422,149.9499969482422,146.63499450683594,148.68299865722656,147.47225952148438,24700000
2021-11-05,149.35350036621094,150.5707550048828,148.65199279785156,149.24099731445312,148.02572631835938,20408000
2021-11-08,150.0,151.0345001220703,149.1199951171875,149.35150146484375,148.1352996826172,18388000
2021-11-09,149.74600219726562,150.3784942626953,147.5070037841797,149.24850463867188,148.03314208984375,16876000
2021-11-10,148.00975036621094,148.6999969482422,145.3249969482422,146.62600708007812,145.4320526123047,22708000
2021-11-11,147.10699462890625,148.5022430419922,146.6945037841797,146.7480010986328,145.55300903320312,12464000
2021-11-12,147.8314971923828,149.8594970703125,146.45399475097656,149.64549255371094,148.42691040039062,17048000
2021-11-15,150.0,150.4770050048828,148.65249633789062,149.38800048828125,148.1715087890625,16248000
2021-11-16,149.17050170898438,149.83250427246094,148.35000610351562,149.0760040283203,147.862060546875,17254000
2021-11-17,149.22900390625,149.62600708007812,148.56300354003906,149.06199645996094,147.84815979003906,15290000
2021-11-18,149.14599609375,151.61000061035156,148.99850463867188,150.70899963378906,149.48175048828125,26658000
2021-11-19,151.0,151.85000610351562,149.8874969482422,149.95249938964844,148.73143005371094,19766000
2021-11-22,150.14175415039062,150.7445068359375,147.0054931640625,147.07850646972656,145.88082885742188,24608000
2021-11-23,147.11300659179688,147.69400024414062,144.88949584960938,146.7570037841797,145.5619659423828,18126000
2021-11-24,146.35000610351562,147.0,145.19900512695312,146.71749877929688,145.52276611328125,16464000
2021-11-26,145.0155029296875,145.2969970703125,142.48550415039062,142.80599975585938,141.6431121826172,16992000
2021-11-29,144.29849243164062,146.86199951171875,144.29849243164062,146.11399841308594,144.92420959472656,26276000
2021-11-30,145.45025634765625,146.6284942626953,142.0659942626953,142.45199584960938,141.29197692871094,41590000
2021-12-01,144.21249389648438,146.4991455078125,141.5,141.6179962158203,140.4647979736328,28476000
2021-12-02,141.82400512695312,144.6750030517578,140.98199462890625,143.77650451660156,142.605712890625,21250000
2021-12-03,144.49549865722656,145.21299743652344,141.14999389648438,142.52049255371094,141.35992431640625,26688000
2021-12-06,143.57400512695312,144.35150146484375,140.64700317382812,143.79649353027344,142.62554931640625,22198000
2021-12-07,145.9499969482422,148.3000030517578,145.70249938964844,148.0364990234375,146.8310089111328,23258000
2021-12-08,148.3314971923828,149.156494140625,147.1999969482422,148.7205047607422,147.50946044921875,18964000
2021-12-09,148.17599487304688,149.60499572753906,147.5290069580078,148.1060028076172,146.89996337890625,18580000
2021-12-10,149.10000610351562,149.39999389648438,147.3574981689453,148.6750030517578,147.46432495117188,21634000
2021-12-13,148.44400024414062,148.5625,146.36000061035156,146.70449829101562,145.5098876953125,24104000
2021-12-14,144.77000427246094,145.44200134277344,142.24249267578125,144.9705047607422,143.7899932861328,24778000
2021-12-15,144.36599731445312,147.51724243164062,142.70550537109375,147.36849975585938,146.16845703125,27280000
2021-12-16,148.07699584960938,148.55149841308594,144.09249877929688,144.8385009765625,143.6590576171875,27400000
2021-12-17,142.71449279785156,144.46009826660156,141.78799438476562,142.80299377441406,141.64012145996094,43404000
2021-12-20,140.67959594726562,142.61050415039062,140.25,142.40150451660156,141.24192810058594,20264000
2021-12-21,143.14999389648438,144.69204711914062,141.73500061035156,144.2205047607422,143.04611206054688,19548000
2021-12-22,144.10000610351562,147.30299377441406,143.96299743652344,146.94900512695312,145.7523956298828,18438000
2021-12-23,147.08949279785156,148.57260131835938,146.9508514404297,147.1425018310547,145.94432067871094,13818000
2021-12-27,147.4635009765625,148.42649841308594,147.25,148.06399536132812,146.85830688476562,13256000
2021-12-28,148.37449645996094,148.37449645996094,145.9355010986328,146.447998046875,145.25547790527344,18624000
2021-12-29,146.42950439453125,147.18374633789062,145.50450134277344,146.50450134277344,145.31150817871094,17022000
2021-12-30,146.4499969482422,147.0625,145.7584991455078,146.00250244140625,144.81358337402344,12978000
2021-12-31,145.54400634765625,146.36500549316406,144.67750549316406,144.67950439453125,143.50137329101562,17298000
2022-01-03,144.47549438476562,145.5500030517578,143.50250244140625,145.07449340820312,143.89315795898438,25214000
2022-01-04,145.55050659179688,146.61000061035156,143.81614685058594,144.41650390625,143.2405242919922,22928000
2022-01-05,144.18099975585938,144.29800415039062,137.52349853515625,137.65350341796875,136.53257751464844,49642000
2022-01-06,137.49749755859375,139.68600463867188,136.7635040283203,137.55099487304688,136.430908203125,29050000
2022-01-07,137.90499877929688,138.25474548339844,135.78900146484375,137.00450134277344,135.8888702392578,19408000
2022-01-10,135.0989990234375,138.63999938964844,133.1405029296875,138.57400512695312,137.445556640625,34096000
2022-01-11,138.1804962158203,140.32949829101562,136.81350708007812,140.0175018310547,138.87733459472656,23502000
2022-01-12,141.55450439453125,142.8142547607422,141.11199951171875,141.6479949951172,140.49453735351562,23642000
2022-01-13,141.8404998779297,143.1855010986328,138.91400146484375,139.13099670410156,137.99806213378906,26566000
2022-01-14,137.5,141.20050048828125,137.5,139.7864990234375,138.64820861816406,23826000
2022-01-18,136.60000610351562,137.39149475097656,135.61700439453125,136.29049682617188,135.18067932128906,27382000
2022-01-19,136.93850708007812,138.39950561523438,135.5,135.65199279785156,134.54734802246094,20796000
2022-01-20,136.51400756835938,137.91200256347656,133.14450073242188,133.50650024414062,132.4193572998047,21930000
2022-01-21,133.01199340820312,134.760498046875,130.00100708007812,130.0919952392578,129.03265380859375,41920000
2022-01-24,126.02749633789062,130.77850341796875,124.64195251464844,130.3719940185547,129.31036376953125,55148000
2022-01-25,128.4355010986328,129.3385009765625,126.37799835205078,126.7354965209961,125.70348358154297,36008000
2022-01-26,130.59249877929688,132.8074951171875,127.15350341796875,129.24000549316406,128.1876220703125,39630000
2022-01-27,131.36099243164062,132.60995483398438,128.94500732421875,129.12100219726562,128.06954956054688,30248000
2022-01-28,130.0,133.37049865722656,128.6945037841797,133.2895050048828,132.20411682128906,30518000
2022-01-31,134.197998046875,135.843505859375,132.2740020751953,135.69850158691406,134.59349060058594,34056000
2022-02-01,137.8350067138672,138.1999969482422,134.56825256347656,137.8784942626953,136.7557373046875,51204000
2022-02-02,151.86349487304688,152.10000610351562,145.5574951171875,148.0364990234375,146.8310089111328,89750000
2022-02-03,145.2949981689453,149.11770629882812,142.2050018310547,142.65049743652344,141.4888916015625,56930000
2022-02-04,143.01699829101562,144.53524780273438,139.8175048828125,143.01600646972656,141.85140991210938,49224000
2022-02-07,143.70899963378906,143.84649658203125,138.69900512695312,138.93800354003906,137.80662536621094,44610000
2022-02-08,138.9912567138672,139.83709716796875,136.8730010986328,139.21299743652344,138.07937622070312,34256000
2022-02-09,140.84974670410156,142.17550659179688,140.3769989013672,141.4530029296875,140.3011474609375,28628000
2022-02-10,139.5,141.43099975585938,138.0500030517578,138.6024932861328,137.4738311767578,33018000
2022-02-11,138.75,139.2832489013672,133.2884979248047,134.1300048828125,133.0377655029297,38808000
2022-02-14,133.36549377441406,136.16650390625,133.302001953125,135.3000030517578,134.1982421875,26792000
2022-02-15,137.47149658203125,137.89999389648438,135.5395050048828,136.42550659179688,135.3145751953125,26578000
2022-02-16,136.4304962158203,137.9459991455078,134.8236541748047,137.4875030517578,136.367919921875,25610000
2022-02-17,136.14999389648438,136.83949279785156,132.20199584960938,132.30850219726562,131.23110961914062,30968000
2022-02-18,133.03750610351562,133.82400512695312,130.3070526123047,130.46749877929688,129.40505981445312,31858000
2022-02-22,129.98500061035156,131.9007568359375,127.74099731445312,129.40249633789062,128.34877014160156,38906000
2022-02-23,131.07850646972656,131.74899291992188,127.50350189208984,127.58499908447266,126.54606628417969,26432000
2022-02-24,125.0,133.03700256347656,124.7645034790039,132.67349243164062,131.59312438964844,43166000
2022-02-25,133.52549743652344,135.38900756835938,131.76499938964844,134.51950073242188,133.42405700683594,26236000
2022-02-28,133.2845001220703,135.6405029296875,132.82525634765625,134.89100646972656,133.7926025390625,29676000
2022-03-01,134.47999572753906,136.11099243164062,133.3784942626953,134.16799926757812,133.07546997070312,24640000
2022-03-02,134.60824584960938,135.61549377441406,133.4324951171875,134.75149536132812,133.65420532226562,23966000
2022-03-03,135.97850036621094,136.71380615234375,133.43099975585938,134.30799865722656,133.21432495117188,19780000
2022-03-04,133.38250732421875,134.19900512695312,130.4084930419922,132.1219940185547,131.046142578125,24446000
2022-03-07,131.9040069580078,131.9040069580078,126.41000366210938,126.4645004272461,125.43470001220703,39178000
2022-03-08,126.25050354003906,131.2465057373047,125.86074829101562,127.27850341796875,126.24205780029297,35250000
2022-03-09,131.39999389648438,134.19850158691406,130.08799743652344,133.86599731445312,132.7759246826172,32258000
2022-03-10,131.46249389648438,133.5384979248047,131.4010009765625,132.6820068359375,131.60157775878906,24266000
2022-03-11,133.99949645996094,134.1999969482422,130.29649353027344,130.47549438476562,129.4130401611328,26600000
2022-03-14,130.572998046875,131.0260009765625,126.41300201416016,126.74099731445312,125.70893096923828,30254000
2022-03-15,127.74150085449219,130.51724243164062,126.56800079345703,129.66050720214844,128.6046600341797,30292000
2022-03-16,131.0,133.77099609375,129.2010040283203,133.6905059814453,132.60186767578125,32058000
2022-03-17,133.3209991455078,134.739501953125,132.718994140625,134.60049438476562,133.50442504882812,23994000
2022-03-18,133.88400268554688,136.9134979248047,132.9320068359375,136.80149841308594,135.6875,45900000
2022-03-21,136.84750366210938,137.58250427246094,134.6114959716797,136.47850036621094,135.3671417236328,26632000
2022-03-22,136.5,141.5,136.5,140.27749633789062,139.13519287109375,29776000
2022-03-23,139.1385040283203,140.02499389648438,138.16650390625,138.5034942626953,137.3756561279297,25302000
2022-03-24,139.2725067138672,141.39649963378906,138.03939819335938,141.31199645996094,140.16128540039062,20544000
2022-03-25,141.75399780273438,141.95950317382812,139.69949340820312,141.52149963378906,140.36907958984375,19270000
2022-03-28,140.6844940185547,141.97650146484375,139.82815551757812,141.9499969482422,140.79409790039062,23774000
2022-03-29,143.16050720214844,144.16250610351562,142.48399353027344,143.25,142.08349609375,28678000
2022-03-30,142.8699951171875,143.48049926757812,142.16799926757812,142.64450073242188,141.48292541503906,21046000
2022-03-31,142.44850158691406,142.64450073242188,139.61900329589844,139.64950561523438,138.5123291015625,29516000
2022-04-01,140.00999450683594,140.9499969482422,138.7969970703125,140.6999969482422,139.5542755126953,23480000
2022-04-04,140.82449340820312,144.0437469482422,140.82449340820312,143.6425018310547,142.47280883789062,19076000
2022-04-05,143.39950561523438,143.58999633789062,140.94349670410156,141.06300354003906,139.914306640625,19256000
2022-04-06,139.1614990234375,139.84849548339844,136.41810607910156,137.17599487304688,136.05894470214844,23574000
2022-04-07,136.6179962158203,137.70150756835938,134.8572540283203,136.46499633789062,135.353759765625,19448000
2022-04-08,136.25,136.25,133.75250244140625,134.010498046875,132.91921997070312,16434000
2022-04-11,132.89999389648438,132.93919372558594,129.61749267578125,129.79649353027344,128.73953247070312,24188000
2022-04-12,132.42349243164062,132.42349243164062,127.57599639892578,128.37449645996094,127.32913970947266,23004000
2022-04-13,128.62649536132812,130.65574645996094,128.4385986328125,130.28599548339844,129.22508239746094,19542000
2022-04-14,130.64950561523438,130.7102508544922,127.11150360107422,127.25299835205078,126.21675872802734,23484000
2022-04-18,127.41000366210938,128.71200561523438,126.57845306396484,127.96099853515625,126.91899871826172,14918000
2022-04-19,128.07699584960938,130.90374755859375,127.45149993896484,130.531005859375,129.4680938720703,22720000
2022-04-20,131.28399658203125,131.92349243164062,127.89405059814453,128.24549865722656,127.20117950439453,22610000
2022-04-21,129.35000610351562,130.3074951171875,124.6500015258789,124.9375,123.92012023925781,30158000
2022-04-22,125.0,125.4520034790039,119.1405029296875,119.61399841308594,118.63997650146484,46410000
2022-04-25,119.42949676513672,123.27799987792969,118.76924896240234,123.25,122.24637603759766,34522000
2022-04-26,122.75,122.75,119.16184997558594,119.50599670410156,118.53285217285156,49394000
2022-04-27,114.37300109863281,117.5,113.12425231933594,115.02050018310547,114.08389282226562,62238000
2022-04-28,117.11499786376953,120.4384994506836,115.1438980102539,119.4114990234375,118.43913269042969,36790000
2022-04-29,117.5780029296875,118.95999908447266,114.69400024414062,114.96649932861328,114.03032684326172,33694000
2022-05-02,113.90650177001953,117.3395004272461,113.39949798583984,117.15699768066406,116.20297241210938,30280000
2022-05-03,116.76499938964844,119.30000305175781,116.62699890136719,118.12950134277344,117.16757202148438,21216000
2022-05-04,118.00350189208984,123.14299774169922,115.7385025024414,122.57499694824219,121.57685852050781,33232000
2022-05-05,120.22049713134766,121.2332534790039,115.18250274658203,116.74649810791016,115.79583740234375,43090000
2022-05-06,115.51899719238281,117.49849700927734,114.14299774169922,115.66000366210938,114.71817779541016,35310000
2022-05-09,113.30349731445312,115.56289672851562,112.55149841308594,113.08399963378906,112.16314697265625,34520000
2022-05-10,116.04049682617188,116.69100189208984,113.38330078125,114.58450317382812,113.65142822265625,31158000
2022-05-11,113.71050262451172,116.6709976196289,113.6500015258789,113.96099853515625,113.03301239013672,36502000
2022-05-12,111.93800354003906,114.85649871826172,110.1135025024414,113.16100311279297,112.2395248413086,41464000
2022-05-13,114.84549713134766,118.08499908447266,114.0,116.5155029296875,115.56671142578125,29738000
2022-05-16,115.38400268554688,116.60749816894531,114.33499908447266,114.7925033569336,113.85774230957031,23282000
2022-05-17,117.22750091552734,117.22750091552734,115.3375015258789,116.70149993896484,115.75118255615234,21576000
2022-05-18,115.23750305175781,115.69564819335938,112.14199829101562,112.4010009765625,111.48572540283203,27982000
2022-05-19,111.84100341796875,113.5875015258789,110.46800231933594,110.74549865722656,109.84368896484375,29192000
2022-05-20,112.08550262451172,112.55000305175781,106.37300109863281,109.31300354003906,108.42285919189453,37586000
2022-05-23,110.10399627685547,112.00550079345703,109.15425109863281,111.66649627685547,110.75719451904297,31558000
2022-05-24,106.37750244140625,106.3949966430664,102.20800018310547,105.9260025024414,105.06344604492188,60386000
2022-05-25,105.14199829101562,106.5447006225586,104.21125030517578,105.8395004272461,104.97764587402344,37900000
2022-05-26,106.05049896240234,108.95525360107422,105.48799896240234,108.2959976196289,107.41413879394531,30288000
2022-05-27,109.78849792480469,112.86799621582031,109.55000305175781,112.79900360107422,111.88047790527344,29924000
2022-05-31,113.0790023803711,116.43350219726562,112.57250213623047,114.03900146484375,113.1103744506836,51302000
2022-06-01,114.93150329589844,117.39900207519531,113.55049896240234,114.13700103759766,113.20756530761719,28630000
2022-06-02,114.18800354003906,117.89800262451172,113.30799865722656,117.74600219726562,116.78719329833984,27472000
2022-06-03,115.99250030517578,116.364501953125,113.66799926757812,114.56400299072266,113.63109588623047,25052000
2022-06-06,116.74250030517578,119.39849853515625,116.5282974243164,117.010498046875,116.05766296386719,23786000
2022-06-07,115.64800262451172,117.74864959716797,115.12550354003906,117.22949981689453,116.27488708496094,26414000
2022-06-08,116.87650299072266,118.64600372314453,116.69674682617188,117.23799896240234,116.28331756591797,22544000
2022-06-09,116.34149932861328,118.3499984741211,114.86699676513672,114.91799926757812,113.98221588134766,23142000
2022-06-10,112.78125,113.49700164794922,110.86100006103516,111.42749786376953,110.52013397216797,31324000
2022-06-13,107.44599914550781,109.21849822998047,106.58805084228516,106.87650299072266,106.0062026977539,36756000
2022-06-14,106.88999938964844,108.4574966430664,106.35199737548828,107.19400024414062,106.32111358642578,25480000
2022-06-15,108.89949798583984,112.06300354003906,108.1187515258789,110.3905029296875,109.49159240722656,33192000
2022-06-16,108.14949798583984,109.29049682617188,105.7925033569336,106.63600158691406,105.76766204833984,35314000
2022-06-17,106.53500366210938,109.24949645996094,105.62854766845703,107.8655014038086,106.98714447021484,43516000
2022-06-21,109.7020034790039,112.6729965209961,109.29350280761719,112.01499938964844,111.10285949707031,39010000
2022-06-22,111.16300201416016,113.76950073242188,110.72429656982422,112.03399658203125,111.12169647216797,23922000
2022-06-23,112.94999694824219,113.19650268554688,111.02899932861328,112.68450164794922,111.76691436767578,24710000
2022-06-24,113.60299682617188,118.63749694824219,113.60299682617188,118.53800201416016,117.57273864746094,39122000
2022-06-27,118.93499755859375,119.25,116.00074768066406,116.62249755859375,115.6728286743164,32840000
2022-06-28,116.35099792480469,117.85649871826172,112.44400024414062,112.57150268554688,111.65483093261719,28232000
2022-06-29,112.14849853515625,113.66449737548828,111.55400085449219,112.25650024414062,111.34239196777344,18628000
2022-06-30,110.49949645996094,111.32980346679688,107.30999755859375,109.37249755859375,108.48186492919922,38046000
2022-07-01,108.33699798583984,109.80635070800781,107.1050033569336,109.08100128173828,108.1927490234375,31028000
2022-07-05,107.5145034790039,114.05259704589844,106.24949645996094,113.88700103759766,112.95960998535156,36398000
2022-07-06,114.09200286865234,116.35199737548828,112.25050354003906,115.2135009765625,114.27530670166016,28852000
2022-07-07,116.00800323486328,119.86199951171875,115.53399658203125,119.30599975585938,118.33446502685547,32184000
2022-07-08,117.55000305175781,120.43499755859375,117.51399993896484,120.16850280761719,119.1899642944336,29082000
2022-07-11,118.6500015258789,118.79450225830078,116.2344970703125,116.52249908447266,115.57365417480469,26718000
2022-07-12,116.8385009765625,117.84950256347656,114.61499786376953,114.84950256347656,113.91426849365234,24970000
2022-07-13,112.63899993896484,115.15699768066406,111.822998046875,112.18699645996094,111.27345275878906,38958000
2022-07-14,110.82599639892578,111.98750305175781,109.32550048828125,111.44000244140625,110.53253173828125,32366000
2022-07-15,112.96299743652344,114.00050354003906,111.82250213623047,112.76699829101562,111.84872436523438,34330000
2022-07-18,113.44000244140625,114.80000305175781,109.30000305175781,109.91000366210938,109.01499938964844,33354000
2022-07-19,111.7300033569336,114.80999755859375,110.5,114.62000274658203,113.68663024902344,30992300
2022-07-20,114.05999755859375,116.33000183105469,113.26000213623047,114.69999694824219,113.76597595214844,26780100
2022-07-21,115.08999633789062,115.20999908447266,111.91000366210938,115.04000091552734,114.10323333740234,27267800
2022-07-22,111.80999755859375,113.18000030517578,107.5999984741211,108.36000061035156,107.47761535644531,44455300
2022-07-25,108.87999725341797,110.58000183105469,107.01000213623047,108.20999908447266,107.3288345336914,28289900
2022-07-26,107.43000030517578,107.73999786376953,104.76000213623047,105.44000244140625,104.58139038085938,36626600
2022-07-27,109.5999984741211,114.4000015258789,108.41999816894531,113.5999984741211,112.67494201660156,41474600
2022-07-28,112.80000305175781,114.69999694824219,111.85099792480469,114.58999633789062,113.6568832397461,23303800
2022-07-29,113.4000015258789,116.9000015258789,113.2300033569336,116.63999938964844,115.690185546875,31336200
2022-08-01,115.52999877929688,117.12000274658203,114.69000244140625,115.4800033569336,114.53963470458984,22856200
2022-08-02,114.43000030517578,117.08000183105469,114.26000213623047,115.9000015258789,114.95622253417969,17911000
2022-08-03,116.33999633789062,119.41999816894531,116.1500015258789,118.77999877929688,117.81275939941406,25302800
2022-08-04,118.30000305175781,119.5,117.70999908447266,118.87000274658203,117.90203094482422,15757700
2022-08-05,116.93000030517578,118.86000061035156,116.70999908447266,118.22000122070312,117.25732421875,15615700
2022-08-08,119.12000274658203,120.86000061035156,117.83000183105469,118.13999938964844,117.17797088623047,17061100
2022-08-09,117.98999786376953,118.19999694824219,116.55999755859375,117.5,116.5431900024414,15424300
2022-08-10,119.58999633789062,121.77999877929688,119.36000061035156,120.6500015258789,119.66754150390625,20497000
2022-08-11,122.08000183105469,122.33999633789062,119.55000305175781,119.81999969482422,118.84429168701172,16671600
2022-08-12,121.16000366210938,122.6500015258789,120.4000015258789,122.6500015258789,121.6512680053711,16121100
2022-08-15,122.20999908447266,123.26000213623047,121.56999969482422,122.87999725341797,121.87938690185547,15525000
2022-08-16,122.31999969482422,123.22799682617188,121.53500366210938,122.51000213623047,121.51239776611328,15626200
2022-08-17,120.93000030517578,122.1500015258789,120.19999694824219,120.31999969482422,119.34022521972656,17589200
2022-08-18,120.2300033569336,121.69000244140625,119.55000305175781,120.86000061035156,119.87583923339844,15652000
2022-08-19,119.87000274658203,120.0,117.66999816894531,118.12000274658203,117.15813446044922,20187000
2022-08-22,116.0999984741211,116.5,114.66999816894531,115.06999969482422,114.13297271728516,19316000
2022-08-23,114.31999969482422,115.93000030517578,114.30000305175781,114.7699966430664,113.83541870117188,14390700
2022-08-24,114.44999694824219,115.71700286865234,113.77999877929688,114.69999694824219,113.76597595214844,16051200
2022-08-25,115.1500015258789,117.77999877929688,115.05000305175781,117.69999694824219,116.74154663085938,14874700
2022-08-26,115.80999755859375,116.5999984741211,111.22000122070312,111.30000305175781,110.39366149902344,31698700
2022-08-29,110.77999877929688,111.95999908447266,109.80999755859375,110.33999633789062,109.44149017333984,20386100
2022-08-30,111.02999877929688,111.37000274658203,108.80000305175781,109.91000366210938,109.01499938964844,20548200
2022-08-31,111.62999725341797,111.7699966430664,109.05000305175781,109.1500015258789,108.26118469238281,25898000
2022-09-01,109.19999694824219,111.22000122070312,108.19000244140625,110.55000305175781,109.64978790283203,22784400
2022-09-02,111.33999633789062,111.67500305175781,108.12999725341797,108.68000030517578,107.79499816894531,20618100
2022-09-06,108.13500213623047,108.87999725341797,106.51000213623047,107.4800033569336,106.60478210449219,20565100
2022-09-07,107.76000213623047,110.98999786376953,107.61499786376953,110.4800033569336,109.58036041259766,22987200
2022-09-08,109.18000030517578,110.58000183105469,108.05999755859375,109.41999816894531,108.52897644042969,21660700
2022-09-09,110.05000305175781,112.0,110.0,111.77999877929688,110.86976623535156,21732900
2022-09-12,111.98999786376953,112.63999938964844,110.93000030517578,111.87000274658203,110.95904541015625,19732900
2022-09-13,108.88999938964844,109.37000274658203,105.0,105.30999755859375,104.45245361328125,33015000
2022-09-14,105.44000244140625,106.0999984741211,104.5,105.87000274658203,105.00789642333984,22115800
2022-09-15,105.01000213623047,106.20999908447266,103.30999755859375,103.9000015258789,103.05393981933594,26494900
2022-09-16,102.97000122070312,104.02999877929688,101.8550033569336,103.62999725341797,102.78612518310547,64540100
2022-09-19,102.54000091552734,104.0199966430664,102.37000274658203,103.8499984741211,103.00434112548828,19738600
2022-09-20,102.87999725341797,103.16999816894531,101.12000274658203,101.83000183105469,101.00080108642578,24001700
2022-09-21,102.23999786376953,103.48999786376953,99.98999786376953,100.01000213623047,99.19561004638672,26596800
2022-09-22,99.44999694824219,101.68000030517578,99.41000366210938,100.56999969482422,99.75105285644531,21272700
2022-09-23,100.05999755859375,100.11000061035156,98.01000213623047,99.16999816894531,98.3624496459961,25657000
2022-09-26,98.61000061035156,100.44000244140625,98.37999725341797,98.80999755859375,98.00537109375,22437900
2022-09-27,99.91000366210938,100.45999908447266,97.33999633789062,98.08999633789062,97.2912368774414,24225000
2022-09-28,98.0199966430664,101.4000015258789,97.80000305175781,100.73999786376953,99.91966247558594,24617000
2022-09-29,99.30000305175781,99.30000305175781,96.5199966430664,98.08999633789062,97.2912368774414,21921500
2022-09-30,97.7300033569336,99.49400329589844,96.02999877929688,96.1500015258789,95.36705017089844,26277800
2022-10-03,97.22000122070312,99.97000122070312,97.0199966430664,99.30000305175781,98.49138641357422,24840000
2022-10-04,101.04000091552734,102.72000122070312,101.04000091552734,102.41000366210938,101.57608032226562,22580900
2022-10-05,100.69000244140625,102.73999786376953,99.73999786376953,102.22000122070312,101.38761901855469,18475500
2022-10-06,101.5,103.7300033569336,101.5,102.23999786376953,101.4074478149414,17156200
2022-10-07,100.6500015258789,101.41999816894531,99.20999908447266,99.56999969482422,98.75919342041016,24249900
2022-10-10,99.8499984741211,99.98999786376953,97.87000274658203,98.70999908447266,97.90618133544922,16529900
2022-10-11,98.25,100.12000274658203,97.25,98.05000305175781,97.25157928466797,21617700
2022-10-12,98.2699966430664,99.64800262451172,97.66999816894531,98.30000305175781,97.4995346069336,17343400
2022-10-13,95.93000030517578,100.52999877929688,95.2699966430664,99.70999908447266,98.8980484008789,32812200
2022-10-14,100.625,101.29000091552734,97.02999877929688,97.18000030517578,96.3886489868164,22624800
2022-10-17,99.5199966430664,101.7699966430664,99.51000213623047,100.77999877929688,99.95933532714844,23311600
2022-10-18,103.94000244140625,104.22000122070312,100.6500015258789,101.38999938964844,100.56436920166016,21610500
2022-10-19,100.69999694824219,101.65899658203125,99.63500213623047,100.29000091552734,99.47332763671875,21573700
2022-10-20,100.81999969482422,103.0,99.97000122070312,100.52999877929688,99.71138763427734,25125100
2022-10-21,98.45999908447266,101.62000274658203,98.2300033569336,101.4800033569336,100.65365600585938,28988700
2022-10-24,102.08999633789062,103.0999984741211,100.30000305175781,102.97000122070312,102.13150024414062,24680800
2022-10-25,103.30000305175781,105.0999984741211,103.0199966430664,104.93000030517578,104.0755386352539,29910200
2022-10-26,96.76000213623047,98.54000091552734,94.56999969482422,94.81999969482422,94.0478744506836,71504300
2022-10-27,94.30999755859375,95.16999816894531,91.9000015258789,92.5999984741211,91.84595489501953,54036500
2022-10-28,92.52999877929688,96.86000061035156,92.322998046875,96.58000183105469,95.79353332519531,35696900
2022-10-31,95.77999877929688,96.3499984741211,94.37999725341797,94.66000366210938,93.88917541503906,29868700
2022-11-01,95.58999633789062,96.16500091552734,90.43000030517578,90.5,89.7630386352539,43220600
2022-11-02,90.91000366210938,91.30000305175781,87.01000213623047,87.06999969482422,86.36099243164062,43553600
2022-11-03,86.34500122070312,86.55000305175781,83.44999694824219,83.48999786376953,82.81012725830078,48510400
2022-11-04,85.51000213623047,86.7300033569336,83.87999725341797,86.69999694824219,85.99398040771484,40173300
2022-11-07,87.33999633789062,88.94000244140625,86.95999908447266,88.6500015258789,87.92811584472656,26899900
2022-11-08,89.16000366210938,90.40499877929688,87.6500015258789,88.91000366210938,88.18599700927734,30172000
2022-11-09,88.54499816894531,89.48999786376953,87.36000061035156,87.4000015258789,86.68830108642578,26743900
2022-11-10,92.33999633789062,94.55000305175781,91.6500015258789,94.16999816894531,93.40315246582031,42371200
2022-11-11,94.70999908447266,97.36000061035156,94.16000366210938,96.7300033569336,95.94233703613281,30569100
2022-11-14,95.5,97.18000030517578,95.11299896240234,96.02999877929688,95.24801635742188,24170100
2022-11-15,98.66999816894531,100.41999816894531,97.0199966430664,98.72000122070312,97.91612243652344,31831000
2022-11-16,98.0199966430664,99.8499984741211,97.9020004272461,98.98999786376953,98.18391418457031,24660200
2022-11-17,97.18000030517578,99.4800033569336,97.0999984741211,98.5,97.6978988647461,21818700
2022-11-18,99.01000213623047,99.16000366210938,96.73999786376953,97.80000305175781,97.00360870361328,24969900
2022-11-21,97.55999755859375,98.72000122070312,95.66999816894531,95.83000183105469,95.04965209960938,18696900
2022-11-22,96.16000366210938,97.5479965209961,94.41000366210938,97.33000183105469,96.53744506835938,18868900
2022-11-23,97.33999633789062,99.06900024414062,97.33999633789062,98.81999969482422,98.01530456542969,17568900
2022-11-25,98.46499633789062,98.94000244140625,97.52999877929688,97.5999984741211,96.80523681640625,8567800
2022-11-28,97.19999694824219,97.83000183105469,95.88999938964844,96.25,95.46623229980469,19974500
2022-11-29,96.0,96.38999938964844,94.38999938964844,95.44000244140625,94.66282653808594,20220000
2022-11-30,95.12000274658203,101.44999694824219,94.66999816894531,101.44999694824219,100.62388610839844,39888100
2022-12-01,101.4000015258789,102.58999633789062,100.66999816894531,101.27999877929688,100.45526123046875,21771500
2022-12-02,99.37000274658203,101.1500015258789,99.16999816894531,100.83000183105469,100.0089340209961,18821500
2022-12-05,99.81500244140625,101.75,99.3550033569336,99.87000274658203,99.05675506591797,19955500
2022-12-06,99.66999816894531,100.20999908447266,96.76000213623047,97.30999755859375,96.51759338378906,20877600
2022-12-07,96.7699966430664,97.30999755859375,95.0250015258789,95.1500015258789,94.37519836425781,26647900
2022-12-08,95.69000244140625,95.87000274658203,93.80000305175781,93.94999694824219,93.1849594116211,25593200
2022-12-09,93.9000015258789,94.48999786376953,93.0199966430664,93.06999969482422,92.31212615966797,21885300
2022-12-12,93.08999633789062,93.875,91.9000015258789,93.55999755859375,92.79813385009766,27380900
2022-12-13,98.06999969482422,99.80000305175781,95.37999725341797,95.8499984741211,95.06948852539062,34788500
2022-12-14,95.54000091552734,97.22000122070312,93.94000244140625,95.30999755859375,94.53387451171875,26452900
2022-12-15,93.54000091552734,94.02999877929688,90.43000030517578,91.19999694824219,90.45734405517578,28298800
2022-12-16,91.19999694824219,91.75,90.01000213623047,90.86000061035156,90.12012481689453,48485500
2022-12-19,90.87999725341797,91.19999694824219,88.92500305175781,89.1500015258789,88.4240493774414,23020500
2022-12-20,88.7300033569336,89.77999877929688,88.04000091552734,89.62999725341797,88.9001235961914,21976800
2022-12-21,89.7300033569336,90.91500091552734,88.91000366210938,90.25,89.51507568359375,20336400
2022-12-22,88.93000030517578,89.18000030517578,86.94000244140625,88.26000213623047,87.54129791259766,23656100
2022-12-23,87.62000274658203,90.0999984741211,87.62000274658203,89.80999755859375,89.07867431640625,17815000
2022-12-27,89.30999755859375,89.5,87.53500366210938,87.93000030517578,87.2139892578125,15470900
2022-12-28,87.5,88.5199966430664,86.37000274658203,86.45999908447266,85.75595092773438,17879600
2022-12-29,87.02999877929688,89.36499786376953,86.98999786376953,88.94999694824219,88.22566986083984,18280700
2022-12-30,87.36499786376953,88.83000183105469,87.02999877929688,88.7300033569336,88.00748443603516,19190300
2023-01-03,89.83000183105469,91.55000305175781,89.0199966430664,89.69999694824219,88.96955871582031,20738500
2023-01-04,91.01000213623047,91.23999786376953,87.80000305175781,88.70999908447266,87.98763275146484,27046500
2023-01-05,88.06999969482422,88.20999908447266,86.55999755859375,86.7699966430664,86.06341552734375,23136100
2023-01-06,87.36000061035156,88.47000122070312,85.56999969482422,88.16000366210938,87.4421157836914,26612600
2023-01-09,89.19499969482422,90.83000183105469,88.58000183105469,88.80000305175781,88.076904296875,22996700
2023-01-10,86.72000122070312,89.4749984741211,86.69999694824219,89.23999786376953,88.51331329345703,22855600
2023-01-11,90.05999755859375,92.44999694824219,89.73999786376953,92.26000213623047,91.50872802734375,25998800
2023-01-12,92.4000015258789,92.62000274658203,90.56999969482422,91.91000366210938,91.16156768798828,22754200
2023-01-13,91.52799987792969,92.9800033569336,90.93000030517578,92.80000305175781,92.04432678222656,18630700
2023-01-17,92.77999877929688,92.97000122070312,90.83999633789062,92.16000366210938,91.40953826904297,22935800
2023-01-18,92.94000244140625,93.58799743652344,91.4000015258789,91.77999877929688,91.0326156616211,19641600
2023-01-19,91.38999938964844,94.4000015258789,91.37999725341797,93.91000366210938,93.1452865600586,28707700
2023-01-20,95.94999694824219,99.41999816894531,95.91000366210938,99.27999877929688,98.4715576171875,53704800
2023-01-23,99.12999725341797,101.4000015258789,98.75,101.20999908447266,100.3858413696289,31791800
2023-01-24,99.55000305175781,101.08999633789062,98.69999694824219,99.20999908447266,98.40213012695312,27391400
2023-01-25,97.19999694824219,97.72000122070312,95.26200103759766,96.7300033569336,95.94233703613281,31000900
2023-01-26,98.27999877929688,99.20999908447266,96.81999969482422,99.16000366210938,98.3525390625,24542100
2023-01-27,99.05000305175781,101.58000183105469,98.97000122070312,100.70999908447266,99.88990783691406,29020400
2023-01-30,98.74500274658203,99.40899658203125,97.5199966430664,97.94999694824219,97.15238189697266,24365100
2023-01-31,97.86000061035156,99.91000366210938,97.79000091552734,99.87000274658203,99.05675506591797,22306800
2023-02-01,99.73999786376953,102.19000244140625,98.41999816894531,101.43000030517578,100.60404205322266,26392600
2023-02-02,106.79000091552734,108.81999969482422,106.54000091552734,108.80000305175781,107.91402435302734,46622600
2023-02-03,103.51000213623047,108.0199966430664,103.30000305175781,105.22000122070312,104.3631820678711,36823400
2023-02-06,102.68499755859375,104.69999694824219,102.20999908447266,103.47000122070312,102.62744140625,25573000
2023-02-07,103.62999725341797,108.66999816894531,103.5479965209961,108.04000091552734,107.16022491455078,33738800
2023-02-08,102.69000244140625,103.58000183105469,98.45500183105469,100.0,99.18569946289062,73546000
2023-02-09,100.54000091552734,100.61000061035156,93.86000061035156,95.45999908447266,94.68266296386719,97798600
2023-02-10,95.73999786376953,97.0199966430664,94.52999877929688,94.86000061035156,94.08755493164062,49325300
2023-02-13,95.01000213623047,95.3499984741211,94.05000305175781,95.0,94.22640228271484,43116600
2023-02-14,94.66000366210938,95.17500305175781,92.6500015258789,94.94999694824219,94.17681121826172,42513100
2023-02-15,94.73999786376953,97.33999633789062,94.36000061035156,97.0999984741211,96.30931091308594,36964500
2023-02-16,95.54000091552734,97.87999725341797,94.97000122070312,95.77999877929688,95.00005340576172,35642100
2023-02-17,95.06999969482422,95.75,93.44999694824219,94.58999633789062,93.81974792480469,31095100
2023-02-21,93.23999786376953,93.41500091552734,92.0,92.05000305175781,91.30043029785156,28367200
2023-02-22,91.93399810791016,92.36000061035156,90.87000274658203,91.80000305175781,91.05245971679688,29891100
2023-02-23,92.12999725341797,92.12999725341797,90.01000213623047,91.06999969482422,90.32842254638672,32423700
2023-02-24,89.62999725341797,90.12999725341797,88.86000061035156,89.3499984741211,88.6224136352539,31295600
2023-02-27,90.08999633789062,90.44999694824219,89.61000061035156,90.0999984741211,89.3663101196289,22724300
2023-02-28,89.54000091552734,91.44999694824219,89.5199966430664,90.30000305175781,89.56468963623047,30546900
2023-03-01,90.16000366210938,91.19999694824219,89.8499984741211,90.51000213623047,89.7729721069336,26323900
2023-03-02,89.86000061035156,92.4800033569336,89.7699966430664,92.30999755859375,91.55830383300781,23328600
2023-03-03,92.73999786376953,94.11000061035156,92.66000366210938,94.0199966430664,93.25437927246094,30242500
2023-03-06,94.36000061035156,96.30000305175781,94.30000305175781,95.58000183105469,94.80167388916016,28288200
2023-03-07,95.41999816894531,96.08999633789062,93.84400177001953,94.16999816894531,93.40315246582031,24101500
2023-03-08,94.40499877929688,96.23999786376953,94.40499877929688,94.6500015258789,93.87926483154297,25395200
2023-03-09,94.48999786376953,95.91999816894531,92.3550033569336,92.66000366210938,91.90547180175781,24438900
2023-03-10,92.5,93.18000030517578,90.80000305175781,91.01000213623047,90.26890563964844,32850100
2023-03-13,90.56500244140625,93.08000183105469,89.94000244140625,91.66000366210938,90.91361236572266,31508600
2023-03-14,93.06999969482422,94.83000183105469,92.77999877929688,94.25,93.48251342773438,32303900
2023-03-15,93.54000091552734,97.25,93.04000091552734,96.55000305175781,95.76378631591797,38367300
2023-03-16,96.56999969482422,101.97000122070312,95.87000274658203,101.06999969482422,100.2469711303711,54499500
2023-03-17,100.83999633789062,103.48999786376953,100.75,102.45999908447266,101.62565612792969,76140300
2023-03-20,101.05999755859375,102.58000183105469,100.79000091552734,101.93000030517578,101.09998321533203,26033900
2023-03-21,101.9800033569336,105.95999908447266,101.86000061035156,105.83999633789062,104.97811889648438,33122800
2023-03-22,105.13999938964844,107.51000213623047,104.20999908447266,104.22000122070312,103.37133026123047,32336900
2023-03-23,105.88999938964844,107.10099792480469,105.41000366210938,106.26000213623047,105.39472198486328,31385800
2023-03-24,105.73999786376953,106.16000366210938,104.73999786376953,106.05999755859375,105.19634246826172,25236200
2023-03-27,105.31999969482422,105.4000015258789,102.62999725341797,103.05999755859375,102.22077178955078,25393400
2023-03-28,103.0,103.0,100.27999877929688,101.36000061035156,100.53461456298828,24913500
2023-03-29,102.72000122070312,102.81999969482422,101.02999877929688,101.9000015258789,101.07020568847656,26148300
2023-03-30,101.44000244140625,101.61000061035156,100.29000091552734,101.31999969482422,100.49493408203125,25009800
2023-03-31,101.70999908447266,104.19000244140625,101.44000244140625,104.0,103.15311431884766,28108000
2023-04-03,102.66999816894531,104.94999694824219,102.37999725341797,104.91000366210938,104.05572509765625,20719900
2023-04-04,104.83999633789062,106.0999984741211,104.5999984741211,105.12000274658203,104.26400756835938,20377200
2023-04-05,106.12000274658203,106.54000091552734,104.10199737548828,104.94999694824219,104.09537506103516,21864200
2023-04-06,105.7699966430664,109.62999725341797,104.81500244140625,108.9000015258789,108.01322174072266,34684200
2023-04-10,107.38999938964844,107.97000122070312,105.5999984741211,106.94999694824219,106.07909393310547,19741500
2023-04-11,106.91999816894531,107.22000122070312,105.27999877929688,106.12000274658203,105.255859375,18721300
2023-04-12,107.38999938964844,107.58699798583984,104.97000122070312,105.22000122070312,104.3631820678711,22761600
2023-04-13,106.47000122070312,108.26499938964844,106.44000244140625,108.19000244140625,107.30899810791016,21650700
2023-04-14,107.69000244140625,109.58000183105469,107.58999633789062,109.45999908447266,108.56865692138672,20758700
2023-04-17,105.43000030517578,106.70999908447266,105.31999969482422,106.41999816894531,105.55340576171875,29043400
2023-04-18,107.0,107.05000305175781,104.77999877929688,105.12000274658203,104.26400756835938,17641400
2023-04-19,104.21499633789062,105.7249984741211,103.80000305175781,105.0199966430664,104.1648178100586,16732000
2023-04-20,104.6500015258789,106.88800048828125,104.63999938964844,105.9000015258789,105.03764343261719,22515300
2023-04-21,106.08999633789062,106.63999938964844,105.48500061035156,105.91000366210938,105.04757690429688,22379000
2023-04-24,106.05000305175781,107.31999969482422,105.36000061035156,106.77999877929688,105.91046905517578,21410900
2023-04-25,106.61000061035156,107.44000244140625,104.55999755859375,104.61000061035156,103.75816345214844,31408100
2023-04-26,105.55999755859375,107.0199966430664,103.2699966430664,104.44999694824219,103.59944915771484,37068200
2023-04-27,105.2300033569336,109.1500015258789,104.41999816894531,108.37000274658203,107.48753356933594,38235200
2023-04-28,107.80000305175781,108.29000091552734,106.04000091552734,108.22000122070312,107.3387680053711,23957900
2023-05-01,107.72000122070312,108.68000030517578,107.5,107.70999908447266,106.83290100097656,20926300
2023-05-02,107.66000366210938,107.7300033569336,104.5,105.9800033569336,105.11700439453125,20343100
2023-05-03,106.22000122070312,108.12999725341797,105.62000274658203,106.12000274658203,105.255859375,17116300
2023-05-04,106.16000366210938,106.30000305175781,104.69999694824219,105.20999908447266,104.35326385498047,19780600
2023-05-05,105.31999969482422,106.44000244140625,104.73899841308594,106.21499633789062,105.35008239746094,20710600
2023-05-08,105.79499816894531,108.41999816894531,105.79000091552734,108.23999786376953,107.35858917236328,17266000
2023-05-09,108.77999877929688,110.59500122070312,107.7249984741211,107.94000244140625,107.06103515625,24782400
2023-05-10,108.55000305175781,113.51000213623047,108.4800033569336,112.27999877929688,111.36570739746094,47533500
2023-05-11,115.86000061035156,118.44000244140625,114.93000030517578,116.9000015258789,115.94808197021484,57115100
2023-05-12,117.0,118.26000213623047,116.55000305175781,117.91999816894531,116.95977783203125,31293800
2023-05-15,116.48999786376953,118.79499816894531,116.4800033569336,116.95999908447266,116.00758361816406,22107900
2023-05-16,116.83000183105469,121.19999694824219,116.83000183105469,120.08999633789062,119.1120834350586,32370100
2023-05-17,120.18000030517578,122.27999877929688,119.45999908447266,121.4800033569336,120.49076843261719,26659600
2023-05-18,121.55999755859375,123.9000015258789,121.48999786376953,123.5199966430664,122.51416015625,27014500
2023-05-19,124.19999694824219,126.47899627685547,122.72000122070312,123.25,122.24637603759766,30268900
2023-05-22,123.51000213623047,127.05000305175781,123.44999694824219,125.87000274658203,124.84502410888672,29760200
2023-05-23,124.93000030517578,125.41999816894531,123.05000305175781,123.29000091552734,122.28604125976562,24477900
2023-05-24,121.87999725341797,122.75,120.75,121.63999938964844,120.64948272705078,23087900
2023-05-25,125.20999908447266,125.9800033569336,122.9000015258789,124.3499984741211,123.33740234375,33812700
2023-05-26,124.06500244140625,126.0,123.29000091552734,125.43000030517578,124.40860748291016,25154700
2023-05-30,126.29000091552734,126.37999725341797,122.88999938964844,124.63999938964844,123.62506103515625,27230700
2023-05-31,123.69999694824219,124.9000015258789,123.0999984741211,123.37000274658203,122.36539459228516,41548800
2023-06-01,123.5,125.04000091552734,123.30000305175781,124.37000274658203,123.35724639892578,25017700
2023-06-02,124.48999786376953,126.74500274658203,124.3499984741211,125.2300033569336,124.21025085449219,19367500
2023-06-05,124.61000061035156,127.98999786376953,124.37999725341797,126.62999725341797,125.59883880615234,22672500
2023-06-06,126.5999984741211,128.8800048828125,125.97000122070312,127.91000366210938,126.8684310913086,19450100
2023-06-07,127.57499694824219,129.5500030517578,122.62999725341797,122.94000244140625,121.93889617919922,34179300
2023-06-08,122.58499908447266,123.7300033569336,122.01000213623047,122.66999816894531,121.67108917236328,24815000
2023-06-09,122.55999755859375,124.28500366210938,122.41999816894531,122.87000274658203,121.86946105957031,20304500
2023-06-12,123.3949966430664,124.75,122.3499984741211,124.3499984741211,123.33740234375,22255700
2023-06-13,125.6500015258789,125.86000061035156,123.84500122070312,124.43000030517578,123.41675567626953,19287700
2023-06-14,123.80000305175781,124.79000091552734,122.16000366210938,124.37999725341797,123.36714935302734,24659600
2023-06-15,123.87999725341797,126.16000366210938,123.13999938964844,125.79000091552734,124.76567077636719,24517100
2023-06-16,126.69999694824219,126.69999694824219,123.79000091552734,124.05999755859375,123.04977416992188,56699200
2023-06-20,123.53500366210938,125.17500305175781,122.83000183105469,123.8499984741211,122.84147644042969,22698000
2023-06-21,123.23500061035156,123.41000366210938,120.86000061035156,121.26000213623047,120.27257537841797,22612000
2023-06-22,120.66000366210938,123.93499755859375,119.5999984741211,123.87000274658203,122.86132049560547,20781900
2023-06-23,122.04000091552734,123.44000244140625,121.86000061035156,123.0199966430664,122.01823425292969,29573100
2023-06-26,121.46600341796875,122.72000122070312,118.98999786376953,119.08999633789062,118.12022399902344,23185000
2023-06-27,117.83999633789062,119.8949966430664,116.91000366210938,119.01000213623047,118.04088592529297,27221700
2023-06-28,117.95999908447266,121.2699966430664,117.5999984741211,121.08000183105469,120.09403228759766,19753100
2023-06-29,120.08999633789062,120.91000366210938,119.20999908447266,120.01000213623047,119.03275299072266,18517500
2023-06-30,121.0999984741211,122.02999877929688,120.87999725341797,120.97000122070312,119.98493194580078,23871800
2023-07-03,120.31999969482422,121.0199966430664,119.70500183105469,120.55999755859375,119.57826232910156,13888300
2023-07-05,120.05999755859375,123.37000274658203,120.05999755859375,122.62999725341797,121.63141632080078,17830300
2023-07-06,120.63999938964844,121.1500015258789,119.25,120.93000030517578,119.94525909423828,17732500
2023-07-07,120.88999938964844,121.75,120.08999633789062,120.13999938964844,119.16168975830078,20997700
2023-07-10,119.06999969482422,119.06999969482422,116.63999938964844,116.87000274658203,115.9183120727539,32960100
2023-07-11,116.76000213623047,118.2249984741211,115.83000183105469,117.70999908447266,116.75148010253906,18286600
2023-07-12,119.30000305175781,120.95999908447266,119.0,119.62000274658203,118.64591979980469,22059600
2023-07-13,121.54000091552734,125.33499908447266,121.05999755859375,124.83000183105469,123.81349182128906,31535900
2023-07-14,125.12999725341797,127.08999633789062,124.9000015258789,125.69999694824219,124.6764144897461,20499800
2023-07-17,126.05999755859375,127.27999877929688,124.5,125.05999755859375,124.0416259765625,20675300
2023-07-18,124.90499877929688,124.98999786376953,123.30000305175781,124.08000183105469,123.06961059570312,21045800
2023-07-19,124.79000091552734,125.47000122070312,122.47000122070312,122.77999877929688,121.78018188476562,22313800
2023-07-20,122.12000274658203,124.69999694824219,118.68499755859375,119.52999877929688,118.55665588378906,27541700
2023-07-21,120.87000274658203,121.30000305175781,119.06999969482422,120.30999755859375,119.3302993774414,56514600
2023-07-24,121.9260025024414,123.3499984741211,121.37999725341797,121.87999725341797,120.88751983642578,22276100
2023-07-25,121.87999725341797,123.69000244140625,121.52999877929688,122.79000091552734,121.79011535644531,31820800
2023-07-26,130.36000061035156,131.3699951171875,128.7100067138672,129.66000366210938,128.60415649414062,46216900
2023-07-27,131.8000030517578,133.60000610351562,129.17999267578125,129.8699951171875,128.81246948242188,35931600
2023-07-28,130.97000122070312,134.07000732421875,130.9199981689453,133.00999450683594,131.92691040039062,26971000
2023-07-31,133.00999450683594,133.8300018310547,132.1300048828125,133.11000061035156,132.02606201171875,18381900
2023-08-01,130.85499572753906,132.9199981689453,130.75,131.88999938964844,130.81600952148438,22154300
2023-08-02,129.83999633789062,130.4199981689453,127.8499984741211,128.63999938964844,127.59247589111328,22705800
2023-08-03,128.3699951171875,129.77000427246094,127.7750015258789,128.77000427246094,127.72142028808594,15018100
2023-08-04,129.60000610351562,131.92999267578125,128.31500244140625,128.5399932861328,127.49327850341797,20521900
2023-08-07,129.50999450683594,132.05999755859375,129.42999267578125,131.94000244140625,130.8656005859375,17621000
2023-08-08,130.97999572753906,131.94000244140625,130.1300048828125,131.83999633789062,130.76641845703125,16836000
2023-08-09,132.19000244140625,132.47000122070312,129.5050048828125,130.14999389648438,129.09017944335938,17745200
2023-08-10,131.97000122070312,132.64700317382812,130.03500366210938,130.2100067138672,129.149658203125,17855700
2023-08-11,129.20199584960938,130.44000244140625,128.75,130.1699981689453,129.11000061035156,15205500
2023-08-14,129.85000610351562,131.91000366210938,129.58999633789062,131.8300018310547,130.75650024414062,17526200
2023-08-15,131.58999633789062,131.99000549316406,129.81900024414062,130.27000427246094,129.20921325683594,14769200
2023-08-16,129.27999877929688,130.8979949951172,128.4600067138672,129.11000061035156,128.05865478515625,17548400
2023-08-17,130.4499969482422,132.49099731445312,129.85000610351562,130.4600067138672,129.39767456054688,23665600
2023-08-18,129.05999755859375,129.8300018310547,127.0,128.11000061035156,127.0667953491211,23627200
2023-08-21,127.8499984741211,129.25999450683594,127.16000366210938,128.92999267578125,127.88011169433594,21851100
2023-08-22,129.1300048828125,130.9499969482422,128.9250030517578,129.69000244140625,128.63392639160156,15557900
2023-08-23,130.85000610351562,134.07000732421875,130.50999450683594,133.2100067138672,132.12527465820312,26497000
2023-08-24,134.7270050048828,134.97000122070312,130.3000030517578,130.4199981689453,129.3579864501953,18680400
2023-08-25,130.13999938964844,131.39999389648438,128.0399932861328,130.69000244140625,129.6257781982422,20678100
2023-08-28,132.0800018310547,133.24000549316406,130.85000610351562,131.7899932861328,130.71681213378906,16715500
2023-08-29,132.9980010986328,137.2949981689453,132.97999572753906,135.49000549316406,134.3866729736328,30803300
2023-08-30,135.57000732421875,137.25,135.02099609375,136.92999267578125,135.81495666503906,21773400
2023-08-31,137.0500030517578,138.39999389648438,136.82000732421875,137.35000610351562,136.2315216064453,28147900
2023-09-01,138.42999267578125,138.5800018310547,135.94000244140625,136.8000030517578,135.68601989746094,16671600
2023-09-05,136.44000244140625,137.3699951171875,135.55999755859375,136.7100067138672,135.59677124023438,17730200
2023-09-06,137.01499938964844,137.47999572753906,134.69000244140625,135.3699951171875,134.26766967773438,15814300
2023-09-07,134.60000610351562,136.5800018310547,133.9600067138672,136.1999969482422,135.09092712402344,16976000
2023-09-08,135.8699951171875,137.51499938964844,135.8699951171875,137.1999969482422,136.082763671875,17810700
2023-09-11,137.3800048828125,138.26400756835938,136.5500030517578,137.74000549316406,136.6183624267578,17180800
2023-09-12,137.1300048828125,137.63999938964844,135.92999267578125,136.07000732421875,134.9619903564453,15212900
2023-09-13,135.89999389648438,137.6999969482422,134.92999267578125,137.5,136.38031005859375,16394900
2023-09-14,138.38999938964844,139.5500030517578,137.05999755859375,138.99000549316406,137.8582000732422,19064600
2023-09-15,138.8000030517578,139.36000061035156,137.17999267578125,138.3000030517578,137.173828125,48958800
2023-09-18,137.6300048828125,139.92999267578125,137.6300048828125,138.9600067138672,137.82846069335938,16233600
2023-09-19,138.25,139.1750030517578,137.5,138.8300018310547,137.69947814941406,15479100
2023-09-20,138.8300018310547,138.83999633789062,134.52000427246094,134.58999633789062,133.49400329589844,21473500
2023-09-21,132.38999938964844,133.19000244140625,131.08999633789062,131.36000061035156,130.2903289794922,22058400
2023-09-22,131.67999267578125,133.00999450683594,130.50999450683594,131.25,130.18121337890625,17348700
2023-09-25,130.77000427246094,132.22000122070312,130.02999877929688,132.1699981689453,131.09373474121094,14650000
2023-09-26,130.91400146484375,131.40499877929688,128.19000244140625,129.4499969482422,128.39588928222656,20378800
2023-09-27,129.44000244140625,131.72000122070312,129.3800048828125,131.4600067138672,130.38949584960938,18764200
2023-09-28,130.69000244140625,134.17999267578125,130.69000244140625,133.1300048828125,132.04592895507812,18201400
2023-09-29,134.0800018310547,134.88999938964844,131.32000732421875,131.85000610351562,130.77633666992188,23237300
2023-10-02,132.15499877929688,135.36000061035156,132.06500244140625,135.1699981689453,134.0692901611328,19210400
2023-10-03,134.92999267578125,135.24000549316406,132.81500244140625,133.3000030517578,132.2145233154297,19628700
2023-10-04,133.66000366210938,136.57000732421875,133.42999267578125,136.27000427246094,135.1603546142578,22848000
2023-10-05,136.1300048828125,136.5,134.4550018310547,135.99000549316406,134.88262939453125,15922900
2023-10-06,134.94000244140625,139.18600463867188,134.94000244140625,138.72999572753906,137.60031127929688,20826700
2023-10-09,137.99000549316406,139.97000122070312,136.6999969482422,139.5,138.36404418945312,16599100
2023-10-10,139.50999450683594,140.74000549316406,138.42999267578125,139.1999969482422,138.06649780273438,19554900
2023-10-11,139.85000610351562,142.22000122070312,139.83999633789062,141.6999969482422,140.54611206054688,20146300
2023-10-12,142.16000366210938,142.3800048828125,139.4499969482422,140.2899932861328,139.1475830078125,18173100
2023-10-13,140.64999389648438,141.33999633789062,137.97000122070312,138.5800018310547,137.4515380859375,19438700
2023-10-16,139.72999572753906,140.90499877929688,139.32000732421875,140.49000549316406,139.3459930419922,17345600
2023-10-17,140.02999877929688,141.25,138.5290069580078,140.99000549316406,139.8419189453125,17424000
2023-10-18,140.75,141.99000549316406,138.7050018310547,139.27999877929688,138.1458282470703,18304900
2023-10-19,139.8000030517578,141.0050048828125,138.60000610351562,138.97999572753906,137.84828186035156,21831200
2023-10-20,138.58999633789062,139.0399932861328,136.2449951171875,136.74000549316406,135.62652587890625,24970300
2023-10-23,136.22999572753906,139.02000427246094,135.11000061035156,137.89999389648438,136.77706909179688,20780700
2023-10-24,139.16000366210938,140.7100067138672,138.75,140.1199951171875,138.97897338867188,26535200
2023-10-25,129.77000427246094,130.10000610351562,126.08999633789062,126.66999816894531,125.63851928710938,58796100
2023-10-26,124.47000122070312,125.45999908447266,122.31999969482422,123.44000244140625,122.434814453125,33907400
2023-10-27,124.02999877929688,124.44000244140625,121.45999908447266,123.4000015258789,122.39513397216797,37367700
2023-10-30,124.45999908447266,126.55000305175781,123.87999725341797,125.75,124.72600555419922,24165600
2023-10-31,126.2699966430664,126.55999755859375,123.92500305175781,125.30000305175781,124.27967834472656,21123400
2023-11-01,125.33999633789062,127.73999786376953,124.92500305175781,127.56999969482422,126.53118133544922,26536600
2023-11-02,129.55999755859375,130.08999633789062,128.11000061035156,128.5800018310547,127.53296661376953,24091700
2023-11-03,129.08999633789062,130.72999572753906,129.00999450683594,130.3699951171875,129.3083953857422,19529400
2023-11-06,130.22000122070312,131.55999755859375,129.92999267578125,131.4499969482422,130.37957763671875,15360400
2023-11-07,131.97999572753906,133.27999877929688,131.13999938964844,132.39999389648438,131.3218536376953,19223800
2023-11-08,132.36000061035156,133.5399932861328,132.16000366210938,133.25999450683594,132.17483520507812,15093600
2023-11-09,133.36000061035156,133.9600067138672,131.50999450683594,131.69000244140625,130.61764526367188,17976500
2023-11-10,131.52999877929688,134.27000427246094,130.8699951171875,134.05999755859375,132.96835327148438,20872900
2023-11-13,133.36000061035156,134.11000061035156,132.77000427246094,133.63999938964844,132.5517578125,16409900
2023-11-14,135.64999389648438,137.24000549316406,135.10000610351562,135.42999267578125,134.32717895507812,22317300
2023-11-15,136.63999938964844,136.83999633789062,135.3300018310547,136.3800048828125,135.2694549560547,15840900
2023-11-16,136.9600067138672,138.8800048828125,136.0800018310547,138.6999969482422,137.57054138183594,17615100
2023-11-17,137.82000732421875,138.0,135.47999572753906,136.94000244140625,135.8249053955078,25565300
2023-11-20,135.5,138.4250030517578,135.49000549316406,137.9199981689453,136.79690551757812,19569400
2023-11-21,137.94000244140625,138.96499633789062,137.7050018310547,138.6199951171875,137.49119567871094,17648100
2023-11-22,139.10000610351562,141.10000610351562,139.0,140.02000427246094,138.8798065185547,17306400
2023-11-24,139.5399932861328,139.677001953125,137.47000122070312,138.22000122070312,137.09446716308594,8828600
2023-11-27,137.57000732421875,139.6300048828125,137.5399932861328,138.0500030517578,136.9258270263672,17886400
2023-11-28,137.6300048828125,138.66000366210938,137.0399932861328,138.6199951171875,137.49119567871094,17046900
2023-11-29,138.98500061035156,139.6699981689453,136.2949981689453,136.39999389648438,135.28927612304688,21014700
2023-11-30,136.39999389648438,136.9600067138672,132.7899932861328,133.9199981689453,132.82948303222656,29913500
2023-12-01,133.32000732421875,133.5,132.15199279785156,133.32000732421875,132.23439025878906,24268000
2023-12-04,131.29400634765625,131.4499969482422,129.39999389648438,130.6300048828125,129.56626892089844,24117100
2023-12-05,130.3699951171875,133.5399932861328,129.72999572753906,132.38999938964844,131.31195068359375,19235100
2023-12-06,132.89999389648438,133.30999755859375,131.30999755859375,131.42999267578125,130.3597412109375,16360600
2023-12-07,136.60000610351562,140.0,136.22999572753906,138.4499969482422,137.32260131835938,38419400
2023-12-08,135.66000366210938,137.99000549316406,135.57000732421875,136.63999938964844,135.52731323242188,23016100
2023-12-11,133.82000732421875,134.7899932861328,132.88999938964844,134.6999969482422,133.60313415527344,24502900
2023-12-12,133.27000427246094,134.5399932861328,132.8300018310547,133.63999938964844,132.5517578125,26584000
2023-12-13,134.5449981689453,134.77999877929688,132.9499969482422,133.97000122070312,132.8790740966797,25414500
2023-12-14,134.77000427246094,135.03500366210938,131.05999755859375,133.1999969482422,132.11534118652344,29619100
2023-12-15,132.9199981689453,134.8300018310547,132.6300048828125,133.83999633789062,132.7501220703125,58594000
2023-12-18,133.86000061035156,138.3800048828125,133.77000427246094,137.19000244140625,136.07284545898438,25699800
