Date,Open,High,Low,Close,Adj Close,Volume
2020-02-20,137.1699981689453,138.36000061035156,136.52999877929688,137.49000549316406,116.1494140625,7422800
2020-02-21,136.5500030517578,136.9199981689453,134.9199981689453,135.80999755859375,114.73017883300781,9772800
2020-02-24,131.44000244140625,133.1999969482422,130.8000030517578,132.16000366210938,111.64669799804688,13618400
2020-02-25,131.0,132.22999572753906,125.58999633789062,126.26000213623047,106.66248321533203,20797200
2020-02-26,126.93000030517578,128.9499969482422,126.33999633789062,126.63999938964844,106.98351287841797,24825600
2020-02-27,122.91000366210938,125.62000274658203,121.30000305175781,121.37000274658203,102.53147888183594,23005500
2020-02-28,117.5199966430664,118.48999786376953,112.66000366210938,116.11000061035156,98.08792877197266,45931400
2020-03-02,116.62999725341797,121.58000183105469,114.45999908447266,121.5199966430664,102.65821075439453,27355400
2020-03-03,120.97000122070312,122.94999694824219,116.23999786376953,116.95999908447266,98.80597686767578,32547700
2020-03-04,118.33000183105469,120.19000244140625,114.69999694824219,119.8499984741211,101.2474136352539,25795900
2020-03-05,115.66999816894531,116.43000030517578,112.58000183105469,113.97000122070312,96.28008270263672,25025600
2020-03-06,106.26000213623047,110.31999969482422,105.0199966430664,108.08000183105469,91.30430603027344,38159400
2020-03-09,96.56999969482422,99.2300033569336,93.0,93.44000244140625,78.9366455078125,40352000
2020-03-10,99.0,101.27999877929688,94.58000183105469,100.69999694824219,85.06979370117188,31102700
2020-03-11,97.69999694824219,100.05000305175781,94.55000305175781,95.95999908447266,81.06550598144531,38127000
2020-03-12,89.58999633789062,96.95999908447266,86.31999969482422,88.05000305175781,74.38327026367188,49725200
2020-03-13,95.98999786376953,103.98999786376953,92.0,103.91000366210938,87.78155517578125,38543300
2020-03-16,85.19999694824219,93.9800033569336,84.55000305175781,88.36000061035156,74.64515686035156,38589700
2020-03-17,90.88999938964844,97.44000244140625,87.5,93.76000213623047,79.20699310302734,35239800
2020-03-18,87.66999816894531,90.79000091552734,80.36000061035156,83.88999938964844,70.86895751953125,41525600
2020-03-19,81.55999755859375,88.11000061035156,76.91000366210938,85.30000305175781,72.06011962890625,32175100
2020-03-20,86.30000305175781,89.45999908447266,82.4800033569336,83.5,70.53951263427734,30150800
2020-03-23,82.68000030517578,83.75,78.08999633789062,79.02999877929688,66.76332092285156,32536600
2020-03-24,84.9000015258789,90.0999984741211,82.9000015258789,88.43000030517578,74.70429992675781,34363200
2020-03-25,89.23999786376953,95.1500015258789,84.54000091552734,91.7300033569336,77.49209594726562,38111700
2020-03-26,94.08000183105469,98.56999969482422,93.54000091552734,98.12000274658203,82.89024353027344,29826300
2020-03-27,93.19000244140625,94.83999633789062,90.55000305175781,91.12999725341797,76.98519897460938,30041500
2020-03-30,90.6500015258789,94.08999633789062,89.30000305175781,93.5,78.98734283447266,21656900
2020-03-31,92.05000305175781,94.16999816894531,89.33999633789062,90.02999877929688,76.05593872070312,23379300
2020-04-01,85.0999984741211,86.55999755859375,83.25,84.36000061035156,71.26602172851562,28029600
2020-04-02,83.51000213623047,87.91000366210938,82.95999908447266,87.51000213623047,73.92707824707031,24018000
2020-04-03,86.0,87.4800033569336,82.7699966430664,84.05000305175781,71.7419662475586,21199400
2020-04-06,88.98999786376953,90.98999786376953,87.69999694824219,89.45999908447266,76.35974884033203,26820800
2020-04-07,94.44999694824219,94.5,90.37999725341797,90.63999938964844,77.36692810058594,22563800
2020-04-08,92.0999984741211,94.86000061035156,90.55000305175781,94.30000305175781,80.4909896850586,22903300
2020-04-09,96.91999816894531,104.38999938964844,96.88999938964844,102.76000213623047,87.7121353149414,42055900
2020-04-13,103.11000061035156,103.11000061035156,97.30000305175781,98.19000244140625,83.81134796142578,26911900
2020-04-14,101.0199966430664,102.0,93.63999938964844,95.5,81.51525115966797,46151300
2020-04-15,91.1500015258789,92.02999877929688,90.12999725341797,90.79000091552734,77.49495697021484,30118600
2020-04-16,90.2300033569336,90.56999969482422,87.05000305175781,87.33000183105469,74.54165649414062,32449600
2020-04-17,92.0,95.69999694824219,90.95999908447266,95.18000030517578,81.24214172363281,30191900
2020-04-20,92.47000122070312,94.70999908447266,90.45999908447266,91.70999908447266,78.2802734375,23679400
2020-04-21,88.62000274658203,91.37999725341797,88.33000183105469,89.05000305175781,76.00979614257812,23035000
2020-04-22,90.69000244140625,91.87000274658203,89.18000030517578,89.33999633789062,76.2573013305664,16662400
2020-04-23,89.73999786376953,91.27999877929688,89.26000213623047,89.38999938964844,76.29999542236328,16638800
2020-04-24,90.63999938964844,91.0999984741211,88.48999786376953,90.70999908447266,77.42668914794922,15809200
2020-04-27,91.94000244140625,95.62999725341797,91.54000091552734,94.62000274658203,80.76410675048828,22870200
2020-04-28,97.80999755859375,98.36000061035156,95.02999877929688,95.29000091552734,81.33602142333984,20238900
2020-04-29,99.08000183105469,99.44999694824219,97.2699966430664,97.86000061035156,83.52965545654297,20462600
2020-04-30,95.5999984741211,96.83999633789062,94.55000305175781,95.76000213623047,81.7371826171875,19127600
2020-05-01,93.5,93.73999786376953,91.83999633789062,93.25,79.59474182128906,18547700
2020-05-04,92.0199966430664,92.66999816894531,90.80000305175781,92.13999938964844,78.64730834960938,15725900
2020-05-05,93.6500015258789,94.20999908447266,91.9000015258789,92.0,78.52778625488281,18064100
2020-05-06,92.16000366210938,92.76000213623047,89.93000030517578,90.2699966430664,77.0511245727539,20978000
2020-05-07,91.33999633789062,92.91000366210938,90.58000183105469,91.20999908447266,77.85346984863281,16771900
2020-05-08,92.80000305175781,94.08000183105469,92.11000061035156,92.69999694824219,79.12528228759766,20487800
2020-05-11,91.11000061035156,91.11000061035156,89.33000183105469,89.97000122070312,76.79505920410156,31907600
2020-05-12,90.1500015258789,90.79000091552734,86.9000015258789,87.02999877929688,74.28558349609375,27962900
2020-05-13,86.37999725341797,86.86000061035156,83.4000015258789,84.02999877929688,71.72489166259766,35451600
2020-05-14,82.72000122070312,88.11000061035156,82.4000015258789,87.5199966430664,74.7038345336914,35152500
2020-05-15,86.8499984741211,87.27999877929688,85.30000305175781,85.9000015258789,73.3210678100586,26099000
2020-05-18,88.69000244140625,91.1500015258789,87.87999725341797,90.44999694824219,77.20475769042969,30504400
2020-05-19,90.05000305175781,91.19999694824219,88.58999633789062,88.66999816894531,75.68543243408203,19597300
2020-05-20,90.70999908447266,92.38999938964844,90.37000274658203,91.33000183105469,77.9559097290039,20552400
2020-05-21,90.2699966430664,91.76000213623047,89.66999816894531,90.16999816894531,76.96576690673828,14621400
2020-05-22,90.01000213623047,90.36000061035156,88.72000122070312,89.47000122070312,76.36827087402344,13557900
2020-05-26,92.88999938964844,97.5,92.61000061035156,95.81999969482422,81.78840637207031,41233900
2020-05-27,102.06999969482422,102.58000183105469,98.80000305175781,101.37000274658203,86.52568817138672,39402000
2020-05-28,102.94000244140625,102.94999694824219,99.4000015258789,99.86000061035156,85.23677825927734,24713900
2020-05-29,98.66000366210938,99.18000030517578,96.77999877929688,97.30999755859375,83.0602035522461,26526400
2020-06-01,97.75,99.51000213623047,97.37999725341797,98.5999984741211,84.16131591796875,15176800
2020-06-02,100.27999877929688,100.41999816894531,97.93000030517578,98.93000030517578,84.44298553466797,21195000
2020-06-03,101.58000183105469,104.91999816894531,101.05999755859375,104.2699966430664,89.00102233886719,25941100
2020-06-04,103.81999969482422,106.61000061035156,102.79000091552734,106.44000244140625,90.85323333740234,26784700
2020-06-05,114.93000030517578,115.7699966430664,109.52999877929688,111.2300033569336,94.94181060791016,42231000
2020-06-08,113.41000366210938,114.19000244140625,111.94000244140625,113.44999694824219,96.8366928100586,24881800
2020-06-09,110.6500015258789,111.62999725341797,109.01000213623047,110.54000091552734,94.35284423828125,17031100
2020-06-10,110.45999908447266,110.51000213623047,105.8499984741211,106.05999755859375,90.52888488769531,24913300
2020-06-11,100.02999877929688,101.58000183105469,96.54000091552734,97.20999908447266,82.97484588623047,36259200
2020-06-12,100.70999908447266,101.12999725341797,97.33000183105469,99.87000274658203,85.24533081054688,24856800
2020-06-15,96.41999816894531,101.43000030517578,95.87000274658203,101.25,86.42325592041016,22153600
2020-06-16,105.37000274658203,105.68000030517578,99.30999755859375,102.05999755859375,87.1146469116211,22193600
2020-06-17,102.52999877929688,102.54000091552734,99.20999908447266,99.4800033569336,84.91243743896484,15639800
2020-06-18,98.66999816894531,100.5199966430664,98.12999725341797,98.94000244140625,84.4515151977539,16591900
2020-06-19,100.52999877929688,100.5999984741211,96.7300033569336,97.80999755859375,83.48699188232422,40371200
2020-06-22,97.25,97.94999694824219,96.54000091552734,96.75,82.58221435546875,16216900
2020-06-23,98.97000122070312,99.97000122070312,97.8499984741211,97.93000030517578,83.58941650390625,15381400
2020-06-24,96.75,96.83999633789062,94.30999755859375,94.66000366210938,80.79827117919922,22919800
2020-06-25,94.3499984741211,98.20999908447266,94.26000213623047,97.95999908447266,83.61502838134766,25743600
2020-06-26,95.11000061035156,95.37000274658203,92.0,92.58999633789062,79.03138732910156,41896300
2020-06-29,93.4000015258789,94.48999786376953,92.18000030517578,93.0,79.38135528564453,18499700
2020-06-30,92.83000183105469,94.66000366210938,92.56999969482422,94.05999755859375,80.28614807128906,19137000
2020-07-01,94.88999938964844,95.70999908447266,93.02999877929688,93.26000213623047,79.603271484375,18755700
2020-07-02,94.73999786376953,94.95999908447266,91.93000030517578,92.66000366210938,79.86186218261719,27845600
2020-07-06,94.43000030517578,95.19999694824219,93.4800033569336,95.0,81.8786392211914,18625300
2020-07-07,93.81999969482422,94.0999984741211,92.0,92.31999969482422,79.56880187988281,25757200
2020-07-08,92.29000091552734,93.33999633789062,91.80000305175781,93.30000305175781,80.4134521484375,18762200
2020-07-09,93.5199966430664,94.12000274658203,90.77999877929688,91.27999877929688,78.67245483398438,25600800
2020-07-10,92.0,96.83999633789062,91.87000274658203,96.2699966430664,82.97322845458984,28954200
2020-07-13,98.7300033569336,99.2699966430664,96.2300033569336,97.6500015258789,84.16262817382812,32079200
2020-07-14,98.37000274658203,99.94999694824219,96.63999938964844,98.20999908447266,84.6452865600586,42731700
2020-07-15,100.88999938964844,101.29000091552734,98.6500015258789,99.7300033569336,85.95535278320312,22508400
2020-07-16,98.77999877929688,101.22000122070312,98.55000305175781,100.01000213623047,86.19666290283203,16886900
2020-07-17,100.0,100.08000183105469,98.13999938964844,98.16000366210938,84.60221099853516,16137700
2020-07-20,97.43000030517578,98.38999938964844,97.26000213623047,97.30000305175781,83.8609848022461,14458100
2020-07-21,97.70999908447266,100.05000305175781,97.63999938964844,99.41000366210938,85.67953491210938,17798100
2020-07-22,99.6500015258789,100.12999725341797,97.52999877929688,98.69000244140625,85.0589828491211,14271200
2020-07-23,98.5,99.3499984741211,97.97000122070312,98.9800033569336,85.30894470214844,12870200
2020-07-24,99.5999984741211,99.80000305175781,97.94000244140625,98.27999877929688,84.70562744140625,12744200
2020-07-27,97.51000213623047,97.62999725341797,96.16999816894531,96.9000015258789,83.51619720458984,11959100
2020-07-28,96.5,97.88999938964844,96.5,97.31999969482422,83.87820434570312,11754300
2020-07-29,97.06999969482422,99.70999908447266,97.0,99.68000030517578,85.91224670410156,12743500
2020-07-30,97.54000091552734,97.73999786376953,96.05000305175781,97.0199966430664,83.61963653564453,14834800
2020-07-31,96.4800033569336,96.93000030517578,95.25,96.63999938964844,83.29214477539062,14535000
2020-08-03,97.0199966430664,97.56999969482422,95.8499984741211,96.0999984741211,82.82669830322266,12962800
2020-08-04,95.91000366210938,95.94999694824219,95.02999877929688,95.55000305175781,82.35267639160156,13366200
2020-08-05,95.87000274658203,98.47000122070312,95.72000122070312,97.20999908447266,83.78340911865234,15260900
2020-08-06,97.58000183105469,98.0999984741211,96.54000091552734,97.23999786376953,83.80925750732422,10482100
2020-08-07,96.93000030517578,99.48999786376953,96.55999755859375,99.37999725341797,85.6536865234375,14743700
2020-08-10,100.11000061035156,102.04000091552734,100.02999877929688,100.63999938964844,86.7396469116211,14989900
2020-08-11,103.86000061035156,106.16000366210938,103.51000213623047,103.81999969482422,89.48043823242188,31518600
2020-08-12,106.16000366210938,106.43000030517578,101.70999908447266,102.94000244140625,88.72198486328125,19240800
2020-08-13,102.0,103.36000061035156,101.63999938964844,102.37000274658203,88.23070526123047,13598600
2020-08-14,101.5,103.30999755859375,101.41999816894531,102.41000366210938,88.26516723632812,12134400
2020-08-17,101.5,102.0,99.52999877929688,99.70999908447266,85.9381103515625,14988000
2020-08-18,99.91000366210938,99.91000366210938,98.12000274658203,98.31999969482422,84.74009704589844,13246500
2020-08-19,98.91999816894531,100.58999633789062,98.33999633789062,98.55000305175781,84.93832397460938,13533000
2020-08-20,97.26000213623047,98.02999877929688,96.80000305175781,97.37000274658203,83.92131805419922,13672600
2020-08-21,97.2699966430664,98.56999969482422,96.94000244140625,97.31999969482422,83.87820434570312,12228300
2020-08-24,98.44999694824219,100.20999908447266,97.41999816894531,100.05999755859375,86.23976135253906,17898300
2020-08-25,101.2699966430664,101.9800033569336,99.80000305175781,100.5,86.6189956665039,13648900
2020-08-26,99.94000244140625,100.2699966430664,99.05000305175781,99.08999633789062,85.40372467041016,12052400
2020-08-27,99.0,102.6500015258789,99.0,102.3499984741211,88.21345520019531,22163900
2020-08-28,103.13999938964844,103.25,101.80999755859375,102.7699966430664,88.57545471191406,13756700
2020-08-31,102.12000274658203,102.18000030517578,100.0199966430664,100.19000244140625,86.35179901123047,14219400
2020-09-01,99.55000305175781,100.87000274658203,99.04000091552734,100.13999938964844,86.30870819091797,11595600
2020-09-02,99.94999694824219,101.94000244140625,99.55999755859375,101.6500015258789,87.61013793945312,14475700
2020-09-03,103.31999969482422,104.98999786376953,100.63999938964844,101.33000183105469,87.3343505859375,23281200
2020-09-04,104.05000305175781,105.20999908447266,101.37000274658203,103.5199966430664,89.22186279296875,26325500
2020-09-08,102.9800033569336,103.56999969482422,99.4800033569336,99.91999816894531,86.11908721923828,22108600
2020-09-09,100.80000305175781,101.69000244140625,99.55999755859375,100.87000274658203,86.9378890991211,13434000
2020-09-10,101.4000015258789,102.41999816894531,99.63999938964844,99.83000183105469,86.04154205322266,15922800
2020-09-11,99.97000122070312,101.36000061035156,99.58999633789062,101.06999969482422,87.1102523803711,13784300
2020-09-14,101.51000213623047,103.45999908447266,101.37000274658203,102.47000122070312,88.31689453125,19017400
2020-09-15,102.7300033569336,102.8499984741211,99.13999938964844,99.27999877929688,85.5675048828125,23683000
2020-09-16,99.43000030517578,101.12999725341797,98.76000213623047,99.69999694824219,85.9294662475586,19270600
2020-09-17,98.69999694824219,99.33999633789062,97.70999908447266,98.55999755859375,84.94693756103516,18290100
2020-09-18,97.88999938964844,99.48999786376953,97.44000244140625,98.3499984741211,84.76594543457031,20121600
2020-09-21,95.19999694824219,96.05000305175781,93.81999969482422,95.30999755859375,82.14582061767578,28378800
2020-09-22,94.95999908447266,95.66000366210938,93.66999816894531,94.2699966430664,81.24947357177734,19257000
2020-09-23,94.77999877929688,95.3499984741211,92.66000366210938,92.73999786376953,79.9307861328125,19952700
2020-09-24,92.31999969482422,94.30000305175781,91.37999725341797,92.66000366210938,79.86186218261719,18366500
2020-09-25,92.05000305175781,93.72000122070312,91.87000274658203,93.47000122070312,80.55998229980469,13293100
2020-09-28,95.05999755859375,96.93000030517578,94.3499984741211,96.16000366210938,82.87843322753906,20894100
2020-09-29,96.02999877929688,96.02999877929688,94.33000183105469,95.3499984741211,82.18030548095703,12848200
2020-09-30,95.3499984741211,97.19999694824219,95.26000213623047,96.2699966430664,82.97322845458984,16400600
2020-10-01,97.12000274658203,97.7699966430664,96.02999877929688,96.97000122070312,83.57654571533203,15778700
2020-10-02,95.25,98.58999633789062,95.08999633789062,97.88999938964844,84.36946868896484,15149600
2020-10-05,98.31999969482422,99.25,97.52999877929688,99.04000091552734,86.15274047851562,13871900
2020-10-06,100.06999969482422,100.86000061035156,97.51000213623047,98.0199966430664,85.26546478271484,19220400
2020-10-07,98.95999908447266,100.3499984741211,98.66999816894531,99.7300033569336,86.75294494628906,16358500
2020-10-08,100.51000213623047,101.91999816894531,99.9000015258789,101.77999877929688,88.53619384765625,15659000
2020-10-09,102.0,102.11000061035156,100.11000061035156,101.19999694824219,88.03166198730469,13689100
2020-10-12,101.0999984741211,103.0,100.8499984741211,102.44000244140625,89.11031341552734,16058000
2020-10-13,103.0,103.22000122070312,100.26000213623047,100.77999877929688,87.66633605957031,21697300
2020-10-14,101.02999877929688,101.93000030517578,100.0999984741211,100.22000122070312,87.17919158935547,15204100
2020-10-15,99.0999984741211,101.77999877929688,99.04000091552734,101.72000122070312,88.48400115966797,17171200
2020-10-16,101.41000366210938,102.33000183105469,100.72000122070312,101.51000213623047,88.30133819580078,13275000
2020-10-19,101.5999984741211,101.87000274658203,99.55999755859375,99.80000305175781,86.81383514404297,11725700
2020-10-20,100.30999755859375,101.7699966430664,100.12000274658203,100.37000274658203,87.30967712402344,11257100
2020-10-21,100.36000061035156,100.98999786376953,99.33000183105469,99.37000274658203,86.43978118896484,10730500
2020-10-22,99.31999969482422,103.23999786376953,99.30999755859375,102.87999725341797,89.49308013916016,14837200
2020-10-23,103.5,104.44999694824219,102.93000030517578,103.80999755859375,90.30205535888672,15087600
2020-10-26,102.6500015258789,102.69999694824219,100.25,101.23999786376953,88.06644439697266,12410700
2020-10-27,100.51000213623047,100.91999816894531,99.16000366210938,99.33000183105469,86.40499114990234,10391700
2020-10-28,97.5,98.30000305175781,96.06999969482422,96.54000091552734,83.97801971435547,16389500
2020-10-29,96.12000274658203,97.9800033569336,95.23999786376953,97.16999816894531,84.52606964111328,14208800
2020-10-30,97.91000366210938,98.41999816894531,96.2300033569336,98.04000091552734,85.2828369140625,15194500
2020-11-02,99.38999938964844,100.87999725341797,97.86000061035156,100.25,87.20527648925781,15011600
2020-11-03,103.0199966430664,104.73999786376953,102.69000244140625,103.41000366210938,89.95409393310547,17482600
2020-11-04,101.0,102.06999969482422,98.93000030517578,100.25,87.20527648925781,18886500
2020-11-05,101.05999755859375,105.0999984741211,101.0,104.3499984741211,90.77178955078125,17837400
2020-11-06,105.02999877929688,105.0999984741211,102.38999938964844,102.95999908447266,89.56265258789062,12552800
2020-11-09,113.16000366210938,118.9000015258789,110.3499984741211,116.9000015258789,101.68875122070312,47792400
2020-11-10,117.3499984741211,117.44999694824219,114.69000244140625,116.5199966430664,101.35818481445312,20539300
2020-11-11,116.88999938964844,116.95999908447266,113.95999908447266,114.77999877929688,99.84461975097656,14443400
2020-11-12,112.52999877929688,113.95999908447266,112.05999755859375,113.37000274658203,98.61809539794922,22063000
2020-11-13,114.69999694824219,114.86000061035156,113.56999969482422,114.08000183105469,99.23568725585938,11847900
2020-11-16,117.79000091552734,118.61000061035156,115.7300033569336,117.30000305175781,102.03671264648438,19858600
2020-11-17,115.38999938964844,116.44000244140625,114.58000183105469,116.11000061035156,101.0015640258789,14553200
2020-11-18,117.33999633789062,118.61000061035156,115.19999694824219,115.25,100.25343322753906,12571200
2020-11-19,114.18000030517578,115.81999969482422,113.55999755859375,115.55999755859375,100.52310943603516,10202500
2020-11-20,114.43000030517578,115.6500015258789,114.08999633789062,114.56999969482422,99.66194915771484,12718900
2020-11-23,116.05000305175781,118.16999816894531,115.56999969482422,117.87000274658203,102.53253936767578,13209200
2020-11-24,120.06999969482422,123.5,119.70999908447266,123.31999969482422,107.27336883544922,20121600
2020-11-25,121.37000274658203,122.37999725341797,120.47000122070312,122.02999877929688,106.15122985839844,11715600
2020-11-27,122.0,122.3499984741211,121.08000183105469,121.22000122070312,105.44660186767578,5983600
2020-11-30,120.0,120.72000122070312,117.7699966430664,117.87999725341797,102.54122924804688,14411800
2020-12-01,120.33999633789062,121.58000183105469,119.62999725341797,119.73999786376953,104.15921020507812,12668900
2020-12-02,119.69999694824219,122.30999755859375,119.2699966430664,122.04000091552734,106.15994262695312,10811300
2020-12-03,121.8499984741211,121.88999938964844,120.36000061035156,121.23999786376953,105.46402740478516,12904400
2020-12-04,122.4800033569336,123.29000091552734,121.69000244140625,122.33999633789062,106.4208984375,13583700
2020-12-07,121.1500015258789,122.16999816894531,120.20999908447266,121.87999725341797,106.02074432373047,9724300
2020-12-08,121.04000091552734,122.33000183105469,120.76000213623047,122.0,106.12513732910156,9592100
2020-12-09,123.16999816894531,123.30000305175781,120.44000244140625,121.05000305175781,105.29874420166016,13073900
2020-12-10,119.98999786376953,120.77999877929688,119.55999755859375,120.2699966430664,104.6202392578125,13668400
2020-12-11,118.94000244140625,120.0199966430664,118.37000274658203,119.55999755859375,104.00263977050781,9981600
2020-12-14,121.33999633789062,121.41999816894531,118.11000061035156,118.30000305175781,102.90660095214844,12112400
2020-12-15,119.29000091552734,120.9000015258789,118.62000274658203,120.31999969482422,104.66372680664062,12590200
2020-12-16,120.30000305175781,121.08000183105469,119.86000061035156,120.66999816894531,104.96818542480469,11169400
2020-12-17,121.26000213623047,121.44999694824219,119.58000183105469,119.66999816894531,104.09832000732422,11618000
2020-12-18,119.13999938964844,119.87999725341797,118.2699966430664,119.08000183105469,103.58509826660156,28954800
2020-12-21,123.16999816894531,125.0,121.08999633789062,123.55000305175781,107.47346496582031,28323600
2020-12-22,123.38999938964844,123.5199966430664,121.61000061035156,121.66999816894531,105.83807373046875,11788200
2020-12-23,122.77999877929688,126.5199966430664,122.3499984741211,125.06999969482422,108.79566192626953,14973200
2020-12-24,125.08999633789062,125.55000305175781,123.56999969482422,124.5199966430664,108.3172378540039,4164900
2020-12-28,125.81999969482422,126.6500015258789,124.79000091552734,125.33999633789062,109.03052520751953,8072600
2020-12-29,126.19999694824219,126.27999877929688,124.88999938964844,125.01000213623047,108.74346160888672,8389200
2020-12-30,125.48999786376953,125.8499984741211,124.9000015258789,125.36000061035156,109.04792785644531,7398000
2020-12-31,125.08999633789062,127.33000183105469,124.81999969482422,127.06999969482422,110.53541564941406,8580200
2021-01-04,127.5,127.86000061035156,124.77999877929688,125.87000274658203,109.4915771484375,16819900
2021-01-05,124.98999786376953,126.30000305175781,123.7699966430664,125.6500015258789,110.08734893798828,13731200
2021-01-06,129.8800048828125,132.77000427246094,127.87999725341797,131.5500030517578,115.25659942626953,24909100
2021-01-07,135.69000244140625,138.19000244140625,134.9199981689453,135.8699951171875,119.04149627685547,21940400
2021-01-08,135.97000122070312,136.35000610351562,134.1199951171875,136.02000427246094,119.1729507446289,12035100
2021-01-11,134.5800018310547,138.1999969482422,134.11000061035156,138.0500030517578,120.95154571533203,15937900
2021-01-12,139.44000244140625,141.66000366210938,138.8300018310547,140.22000122070312,122.85273742675781,18033500
2021-01-13,138.58999633789062,140.7899932861328,138.10000610351562,140.35000610351562,122.96662902832031,14816800
2021-01-14,140.49000549316406,142.75,140.0,141.1699981689453,123.68505859375,18565600
2021-01-15,137.42999267578125,141.64999389648438,137.00999450683594,138.63999938964844,121.46843719482422,27881000
2021-01-19,139.86000061035156,140.6999969482422,137.82000732421875,138.0399932861328,120.94271087646484,19843800
2021-01-20,137.82000732421875,138.1699981689453,135.44000244140625,135.97000122070312,119.12911987304688,16028800
2021-01-21,135.69000244140625,136.16000366210938,134.32000732421875,134.8300018310547,118.1303482055664,13411700
2021-01-22,132.69000244140625,134.39999389648438,132.1999969482422,133.7899932861328,117.2191390991211,12933200
2021-01-25,132.13999938964844,133.1699981689453,130.05999755859375,132.1199951171875,115.75598907470703,14212800
2021-01-26,132.75,133.1699981689453,131.33999633789062,131.5800018310547,115.28285217285156,11307800
2021-01-27,129.58999633789062,129.85000610351562,127.3499984741211,127.86000061035156,112.02362823486328,17603900
2021-01-28,129.89999389648438,132.1699981689453,128.99000549316406,130.11000061035156,113.99494934082031,13761800
2021-01-29,131.19000244140625,131.72000122070312,128.19000244140625,128.6699981689453,112.7332763671875,14808100
2021-02-01,129.39999389648438,130.07000732421875,128.47999572753906,129.6199951171875,113.56564331054688,11080700
2021-02-02,131.94000244140625,134.38999938964844,131.22000122070312,133.61000061035156,117.06143951416016,12253600
2021-02-03,133.64999389648438,135.75999450683594,133.50999450683594,135.13999938964844,118.40193176269531,10600800
2021-02-04,135.47000122070312,138.66000366210938,135.47000122070312,138.25,121.126708984375,12419500
2021-02-05,139.38999938964844,139.49000549316406,137.3800048828125,137.97999572753906,120.89019775390625,10051300
2021-02-08,138.1999969482422,140.3000030517578,138.17999267578125,140.13999938964844,122.78264617919922,10136400
2021-02-09,139.42999267578125,139.97999572753906,138.5399932861328,139.5800018310547,122.2920150756836,8614800
2021-02-10,140.0,140.8699951171875,139.0399932861328,139.66000366210938,122.36211395263672,10323200
2021-02-11,139.66000366210938,140.5500030517578,138.22000122070312,139.27000427246094,122.02037811279297,9201000
2021-02-12,139.0500030517578,141.61000061035156,139.0,141.25,123.75516510009766,8324600
2021-02-16,143.5500030517578,145.32000732421875,142.39999389648438,144.64999389648438,126.73406219482422,12130600
2021-02-17,143.9499969482422,145.3800048828125,143.1199951171875,145.10000610351562,127.1283187866211,10810100
2021-02-18,144.0,145.7899932861328,143.39999389648438,145.58999633789062,127.55763244628906,10587800
2021-02-19,145.86000061035156,148.83999633789062,145.86000061035156,148.02000427246094,129.68667602539062,11969800
2021-02-22,146.8699951171875,150.19000244140625,146.7899932861328,149.41000366210938,130.9044952392578,11488400
2021-02-23,151.50999450683594,152.30999755859375,149.58999633789062,150.61000061035156,131.95584106445312,16234400
2021-02-24,150.11000061035156,153.75999450683594,150.11000061035156,153.25999450683594,134.27757263183594,15061400
2021-02-25,154.27000427246094,154.89999389648438,150.58999633789062,151.17999267578125,132.45523071289062,18127700
2021-02-26,150.3000030517578,150.8699951171875,146.50999450683594,147.1699981689453,128.94190979003906,19829200
2021-03-01,149.52000427246094,151.3800048828125,148.47999572753906,150.5,131.8594970703125,14845500
2021-03-02,150.0800018310547,151.77999877929688,149.83999633789062,150.00999450683594,131.43019104003906,14221700
2021-03-03,151.22999572753906,154.97999572753906,150.82000732421875,152.91000366210938,133.97100830078125,14324100
2021-03-04,152.61000061035156,154.3800048828125,148.6199951171875,150.55999755859375,131.9120635986328,20093900
2021-03-05,153.22000122070312,153.49000549316406,147.97000122070312,150.91000366210938,132.21871948242188,18465100
2021-03-08,152.47000122070312,155.4600067138672,150.75,152.91000366210938,133.97100830078125,17133300
2021-03-09,151.5,154.25,149.82000732421875,151.8300018310547,133.0247344970703,16238800
2021-03-10,151.91000366210938,156.16000366210938,151.50999450683594,155.1300048828125,135.91604614257812,14342200
2021-03-11,154.11000061035156,156.14999389648438,153.36000061035156,154.32000732421875,135.20635986328125,11771500
2021-03-12,156.86000061035156,157.6300048828125,155.07000732421875,156.14999389648438,136.8096923828125,12849500
2021-03-15,156.35000610351562,156.9199981689453,153.9600067138672,155.3699951171875,136.1262969970703,12101100
2021-03-16,154.08999633789062,154.60000610351562,152.19000244140625,153.50999450683594,134.49664306640625,12805600
2021-03-17,155.33999633789062,156.8800048828125,153.0500030517578,155.08999633789062,135.88095092773438,13952400
2021-03-18,157.60000610351562,161.69000244140625,157.11000061035156,157.64999389648438,138.1239013671875,21898500
2021-03-19,155.50999450683594,155.94000244140625,151.19000244140625,155.13999938964844,135.92477416992188,54418800
2021-03-22,152.8000030517578,153.97000122070312,150.61000061035156,150.97000122070312,132.2712860107422,19944800
2021-03-23,150.3300018310547,152.1199951171875,148.9600067138672,149.4600067138672,130.9483184814453,17076300
2021-03-24,150.0,153.17999267578125,149.86000061035156,150.6199951171875,131.96461486816406,13079800
2021-03-25,150.0,152.97000122070312,149.3300018310547,152.5500030517578,133.6555938720703,15608300
2021-03-26,154.3000030517578,155.4499969482422,152.5500030517578,155.08999633789062,135.88095092773438,16754400
2021-03-29,152.1199951171875,153.72999572753906,151.0399932861328,152.67999267578125,133.7694854736328,17570300
2021-03-30,154.4600067138672,155.8699951171875,153.8800048828125,154.47999572753906,135.34652709960938,13184300
2021-03-31,153.27999877929688,154.49000549316406,152.1199951171875,152.22999572753906,133.3751983642578,16736700
2021-04-01,151.89999389648438,153.7899932861328,151.5500030517578,153.7100067138672,134.6719512939453,16561500
2021-04-05,154.39999389648438,154.94000244140625,152.60000610351562,153.6199951171875,135.3857421875,13508000
2021-04-06,152.7899932861328,154.27999877929688,151.86000061035156,152.5399932861328,134.43397521972656,13071600
2021-04-07,153.10000610351562,155.22999572753906,152.64999389648438,154.92999267578125,136.54025268554688,16903500
2021-04-08,154.0,155.50999450683594,152.30999755859375,155.1199951171875,136.70773315429688,12335500
2021-04-09,155.80999755859375,157.0399932861328,154.97000122070312,156.27999877929688,137.72999572753906,12122400
2021-04-12,155.5800018310547,157.25,155.57000732421875,155.9499969482422,137.439208984375,12273400
2021-04-13,154.75,155.1999969482422,152.42999267578125,154.08999633789062,135.79998779296875,16113600
2021-04-14,151.47000122070312,153.8300018310547,150.92999267578125,151.2100067138672,133.26182556152344,19939600
2021-04-15,151.25,152.1999969482422,149.32000732421875,152.1699981689453,134.10789489746094,17694100
2021-04-16,153.8699951171875,154.50999450683594,152.69000244140625,153.3000030517578,135.1037139892578,13773400
2021-04-19,153.4199981689453,153.8800048828125,152.22000122070312,152.64999389648438,134.53089904785156,11900200
2021-04-20,151.74000549316406,151.75,148.64999389648438,149.27000427246094,131.55209350585938,13716700
2021-04-21,147.7899932861328,150.61000061035156,146.7899932861328,150.5399932861328,132.67135620117188,12236700
2021-04-22,150.22999572753906,150.3000030517578,147.25999450683594,147.3699951171875,129.87759399414062,15256100
2021-04-23,147.17999267578125,151.1300048828125,146.69000244140625,150.19000244140625,132.36289978027344,14041900
2021-04-26,150.77999877929688,152.4600067138672,150.3800048828125,150.55999755859375,132.68894958496094,10799100
2021-04-27,150.5,151.57000732421875,150.11000061035156,151.25,133.29708862304688,12821200
2021-04-28,152.42999267578125,152.88999938964844,151.39999389648438,152.22999572753906,134.1607208251953,8943700
2021-04-29,153.5399932861328,155.27999877929688,153.1999969482422,155.19000244140625,136.76943969726562,12976900
2021-04-30,154.10000610351562,154.49000549316406,153.00999450683594,153.80999755859375,135.55319213867188,11705100
2021-05-03,154.85000610351562,155.47999572753906,153.1300048828125,153.36000061035156,135.1566162109375,11801100
2021-05-04,152.8699951171875,155.63999938964844,152.13999938964844,155.47999572753906,137.02499389648438,12977700
2021-05-05,156.0,158.27999877929688,154.6300048828125,157.52000427246094,138.8228302001953,10506700
2021-05-06,158.07000732421875,160.82000732421875,157.16000366210938,160.69000244140625,141.61654663085938,13542400
2021-05-07,157.22000122070312,161.5,157.02000427246094,161.24000549316406,142.10134887695312,14257800
2021-05-10,161.5,163.72999572753906,161.1199951171875,161.22000122070312,142.0836639404297,14014300
2021-05-11,161.0800018310547,162.38999938964844,158.0399932861328,158.5399932861328,139.72178649902344,15451700
2021-05-12,159.61000061035156,160.77999877929688,157.02999877929688,157.4499969482422,138.76112365722656,14381700
2021-05-13,158.17999267578125,162.4499969482422,157.67999267578125,161.5,142.3303985595703,15395000
2021-05-14,162.38999938964844,164.4499969482422,161.99000549316406,164.00999450683594,144.54251098632812,10584000
2021-05-17,163.3699951171875,164.85000610351562,163.02999877929688,164.6699981689453,145.1241455078125,9886800
2021-05-18,164.67999267578125,165.5,162.24000549316406,162.35000610351562,143.0795440673828,11098100
2021-05-19,161.0,161.17999267578125,158.63999938964844,161.11000061035156,141.98672485351562,13278900
2021-05-20,160.8300018310547,161.86000061035156,159.52000427246094,160.8300018310547,141.7399444580078,10426000
2021-05-21,161.33999633789062,163.22000122070312,160.94000244140625,162.66000366210938,143.3527374267578,10249000
2021-05-24,163.36000061035156,164.22999572753906,162.1199951171875,163.5399932861328,144.12828063964844,9440300
2021-05-25,163.85000610351562,165.6999969482422,161.55999755859375,161.85000610351562,142.638916015625,12609100
2021-05-26,163.57000732421875,163.74000549316406,161.30999755859375,161.8300018310547,142.6212615966797,13058300
2021-05-27,163.9499969482422,164.75,162.57000732421875,164.35000610351562,144.84213256835938,15707500
2021-05-28,164.67999267578125,164.94000244140625,163.25999450683594,164.24000549316406,144.7451934814453,10291300
2021-06-01,165.8699951171875,166.91000366210938,165.47999572753906,166.0500030517578,146.34036254882812,9445400
2021-06-02,167.25999450683594,167.44000244140625,165.52999877929688,166.05999755859375,146.3491668701172,10498600
2021-06-03,165.41000366210938,167.25,164.66000366210938,166.1699981689453,146.44610595703125,13354400
2021-06-04,166.2100067138672,166.6699981689453,165.02999877929688,166.44000244140625,146.68411254882812,8510800
2021-06-07,167.0,167.10000610351562,165.13999938964844,165.66000366210938,145.9966278076172,7267200
2021-06-08,164.49000549316406,165.75999450683594,163.16000366210938,165.0,145.41497802734375,10370700
2021-06-09,164.13999938964844,164.22000122070312,162.27999877929688,162.94000244140625,143.59951782226562,12377400
2021-06-10,164.36000061035156,165.24000549316406,160.30999755859375,160.39999389648438,141.3609619140625,12119400
2021-06-11,160.42999267578125,161.1999969482422,159.05999755859375,160.2899932861328,141.26405334472656,13683800
2021-06-14,160.14999389648438,160.3300018310547,156.66000366210938,157.57000732421875,138.866943359375,19917900
2021-06-15,156.6999969482422,156.9199981689453,154.1300048828125,155.17999267578125,136.7605438232422,24485500
2021-06-16,154.72999572753906,157.6199951171875,153.11000061035156,156.27000427246094,137.7212371826172,25321200
2021-06-17,157.10000610351562,157.4600067138672,151.25,151.75999450683594,133.7465362548828,29722400
2021-06-18,149.3000030517578,149.6999969482422,147.55999755859375,147.9199981689453,130.36233520507812,43595700
2021-06-21,149.0800018310547,151.1999969482422,149.02000427246094,150.42999267578125,132.5744171142578,18664800
2021-06-22,150.60000610351562,150.97000122070312,148.66000366210938,150.2100067138672,132.38055419921875,14251200
2021-06-23,150.1999969482422,152.0399932861328,150.08999633789062,151.1199951171875,133.1824951171875,12733300
2021-06-24,151.9199981689453,153.1199951171875,151.22000122070312,152.50999450683594,134.40748596191406,13733200
2021-06-25,152.58999633789062,154.5,151.6699981689453,154.0500030517578,135.76470947265625,15484900
2021-06-28,153.6999969482422,154.47999572753906,152.1199951171875,154.3300018310547,136.011474609375,14125800
2021-06-29,155.0,156.30999755859375,153.61000061035156,154.13999938964844,135.84402465820312,14528700
2021-06-30,153.75,156.0800018310547,153.7100067138672,155.5399932861328,137.077880859375,12531000
2021-07-01,156.25999450683594,157.13999938964844,155.4199981689453,157.0800018310547,138.43505859375,10479400
2021-07-02,155.9499969482422,156.32000732421875,155.1199951171875,156.02999877929688,138.3020782470703,11424000
2021-07-06,155.77999877929688,155.77999877929688,152.35000610351562,153.41000366210938,135.9798126220703,15083400
2021-07-07,152.00999450683594,154.27999877929688,151.5500030517578,153.58999633789062,136.13934326171875,12271800
2021-07-08,151.61000061035156,152.52999877929688,150.0399932861328,150.94000244140625,133.79043579101562,17834600
2021-07-09,153.0500030517578,156.14999389648438,152.5800018310547,155.77000427246094,138.07168579101562,13694500
2021-07-12,154.35000610351562,159.16000366210938,153.94000244140625,158.0,140.04827880859375,19940400
2021-07-13,156.0500030517578,157.38999938964844,153.5,155.64999389648438,137.96530151367188,22671700
2021-07-14,155.9499969482422,157.27999877929688,152.9499969482422,155.1199951171875,137.49551391601562,14622800
2021-07-15,153.89999389648438,156.52999877929688,153.6999969482422,155.4600067138672,137.796875,11539300
2021-07-16,155.9600067138672,156.27999877929688,151.02000427246094,151.91000366210938,134.6502227783203,14002700
2021-07-19,148.5500030517578,149.82000732421875,145.7100067138672,146.97000122070312,130.2715301513672,22172900
2021-07-20,146.52000427246094,151.1199951171875,146.3300018310547,149.7100067138672,132.70018005371094,15385200
2021-07-21,152.0500030517578,153.64999389648438,151.36000061035156,152.86000061035156,135.49227905273438,12356700
2021-07-22,152.8800048828125,153.44000244140625,149.97000122070312,150.92999267578125,133.78152465820312,9913300
2021-07-23,151.47999572753906,152.83999633789062,150.25,150.63999938964844,133.52450561523438,9666100
2021-07-26,150.19000244140625,151.9600067138672,150.1699981689453,151.64999389648438,134.41976928710938,8208000
2021-07-27,150.39999389648438,152.49000549316406,149.8000030517578,151.4499969482422,134.24249267578125,11218700
2021-07-28,152.2899932861328,152.77000427246094,150.8800048828125,151.6999969482422,134.4640655517578,9217300
2021-07-29,153.13999938964844,153.8699951171875,151.91000366210938,153.0,135.61636352539062,9063500
2021-07-30,152.5800018310547,153.6699981689453,151.1999969482422,151.77999877929688,134.5349578857422,9805200
2021-08-02,152.02999877929688,154.4499969482422,151.07000732421875,151.1699981689453,133.99432373046875,10203200
2021-08-03,151.9499969482422,153.32000732421875,149.52000427246094,152.88999938964844,135.51885986328125,10394800
2021-08-04,151.25,153.3699951171875,150.91000366210938,151.24000549316406,134.0563201904297,10155000
2021-08-05,152.27999877929688,153.69000244140625,152.00999450683594,153.14999389648438,135.7493133544922,9151500
2021-08-06,155.19000244140625,157.82000732421875,155.11000061035156,157.5,139.60513305664062,13328800
2021-08-09,157.52000427246094,158.5500030517578,155.89999389648438,157.3300018310547,139.45443725585938,9516900
2021-08-10,156.74000549316406,159.97999572753906,156.30999755859375,159.25999450683594,141.1651153564453,8667000
2021-08-11,160.0,161.5,159.0800018310547,161.16000366210938,142.84925842285156,9156500
2021-08-12,161.8800048828125,162.3699951171875,160.5500030517578,161.7899932861328,143.40765380859375,8844200
2021-08-13,161.7899932861328,162.16000366210938,159.57000732421875,159.97999572753906,141.80331420898438,8980900
2021-08-16,158.94000244140625,159.02999877929688,156.77999877929688,158.92999267578125,140.8726043701172,8755800
2021-08-17,157.57000732421875,158.86000061035156,155.27000427246094,157.00999450683594,139.17080688476562,9347200
2021-08-18,156.30999755859375,158.00999450683594,155.33999633789062,155.5800018310547,137.90325927734375,8065500
2021-08-19,153.16000366210938,155.55999755859375,153.00999450683594,154.27999877929688,136.75094604492188,9517700
2021-08-20,154.35000610351562,154.89999389648438,153.16000366210938,154.72000122070312,137.1409454345703,6974100
2021-08-23,155.3300018310547,157.08999633789062,155.24000549316406,156.6999969482422,138.89599609375,7934600
2021-08-24,157.0,158.5500030517578,156.8699951171875,157.6699981689453,139.75575256347656,7670900
2021-08-25,158.50999450683594,161.77999877929688,157.8000030517578,160.9199981689453,142.6365203857422,11335000
2021-08-26,162.25999450683594,163.8300018310547,161.14999389648438,161.75,143.37225341796875,11027500
2021-08-27,161.75,163.16000366210938,161.25999450683594,163.0500030517578,144.52450561523438,8780200
2021-08-30,163.2100067138672,163.49000549316406,159.8800048828125,160.44000244140625,142.21104431152344,7937600
2021-08-31,160.44000244140625,161.3699951171875,159.35000610351562,159.9499969482422,141.77671813964844,12340800
2021-09-01,160.22000122070312,160.75999450683594,158.97000122070312,159.72000122070312,141.5728759765625,8729900
2021-09-02,160.02000427246094,161.61000061035156,159.42999267578125,160.4600067138672,142.2288055419922,8813300
2021-09-03,160.38999938964844,160.88999938964844,159.14999389648438,159.49000549316406,141.36900329589844,7959700
2021-09-07,159.99000549316406,161.3800048828125,158.9600067138672,159.2100067138672,141.12078857421875,9285600
2021-09-08,158.88999938964844,159.5800018310547,158.0399932861328,158.5,140.49148559570312,7852700
2021-09-09,158.27000427246094,160.8300018310547,158.0800018310547,159.19000244140625,141.10308837890625,7904300
2021-09-10,160.55999755859375,160.72000122070312,157.22000122070312,157.36000061035156,139.48098754882812,8311600
2021-09-13,158.52999877929688,160.0500030517578,158.07000732421875,159.86000061035156,141.69699096679688,10052800
2021-09-14,160.4499969482422,161.33999633789062,156.25999450683594,157.07000732421875,139.2239532470703,11685600
2021-09-15,156.72000122070312,158.69000244140625,156.47000122070312,158.16000366210938,140.1901092529297,11691500
2021-09-16,159.41000366210938,160.85000610351562,157.22000122070312,158.08999633789062,140.12806701660156,10880900
2021-09-17,157.3800048828125,159.00999450683594,157.0,157.67999267578125,139.7646484375,25581600
2021-09-20,153.88999938964844,154.55999755859375,150.49000549316406,152.9600067138672,135.58091735839844,15819900
2021-09-21,153.52999877929688,154.5500030517578,152.5800018310547,152.97999572753906,135.59866333007812,8999900
2021-09-22,155.1999969482422,157.25,155.10000610351562,155.91000366210938,138.19577026367188,11236200
2021-09-23,158.0,161.7100067138672,157.6699981689453,161.17999267578125,142.86697387695312,12336100
2021-09-24,161.44000244140625,163.58999633789062,160.82000732421875,163.0399932861328,144.515625,10102400
2021-09-27,165.0,167.39999389648438,164.61000061035156,166.97999572753906,148.00796508789062,13220900
2021-09-28,167.6999969482422,169.3000030517578,165.66000366210938,166.0800018310547,147.21026611328125,13387900
2021-09-29,166.2100067138672,166.89999389648438,165.0399932861328,165.9499969482422,147.09498596191406,7777100
2021-09-30,166.9199981689453,166.99000549316406,162.7899932861328,163.69000244140625,145.091796875,13161200
2021-10-01,164.0,168.3000030517578,163.60000610351562,167.1300048828125,148.1409454345703,11285000
2021-10-04,166.97000122070312,170.44000244140625,165.72999572753906,166.9499969482422,147.98138427734375,14120000
2021-10-05,167.2100067138672,170.13999938964844,166.6699981689453,168.66000366210938,150.39797973632812,12292900
2021-10-06,167.99000549316406,169.10000610351562,166.0,169.02000427246094,150.718994140625,8692600
2021-10-07,171.1999969482422,171.50999450683594,169.5399932861328,170.08999633789062,151.67312622070312,10195400
2021-10-08,170.02000427246094,171.33999633789062,169.3000030517578,170.22000122070312,151.7890625,8190100
2021-10-11,170.8000030517578,171.2899932861328,166.4600067138672,166.63999938964844,148.59664916992188,12154700
2021-10-12,165.75,166.69000244140625,164.77000427246094,165.36000061035156,147.4552764892578,13032600
2021-10-13,164.07000732421875,165.41000366210938,160.60000610351562,161.0,143.56735229492188,22753500
2021-10-14,161.75,164.00999450683594,160.05999755859375,163.47000122070312,145.76992797851562,15176800
2021-10-15,165.35000610351562,167.1699981689453,164.13999938964844,166.61000061035156,148.5699462890625,14267400
2021-10-18,166.47999572753906,168.61000061035156,165.91000366210938,166.5500030517578,148.5164337158203,12672900
2021-10-19,167.39999389648438,168.64999389648438,166.5800018310547,168.57000732421875,150.31771850585938,8053900
2021-10-20,168.3000030517578,170.8699951171875,167.4600067138672,170.83999633789062,152.34190368652344,8185600
2021-10-21,170.75999450683594,171.3300018310547,168.67999267578125,169.5,151.14698791503906,8415200
2021-10-22,170.02999877929688,172.08999633789062,169.6999969482422,171.77999877929688,153.18011474609375,8817900
2021-10-25,172.7100067138672,172.9600067138672,170.47999572753906,170.94000244140625,152.4310760498047,10159200
2021-10-26,171.0,172.49000549316406,170.5399932861328,171.39999389648438,152.84130859375,8015100
2021-10-27,170.32000732421875,170.6999969482422,167.33999633789062,167.8300018310547,149.65785217285156,9847000
2021-10-28,168.3000030517578,170.50999450683594,167.9600067138672,170.36000061035156,151.9138946533203,7212900
2021-10-29,171.17999267578125,172.24000549316406,169.38999938964844,169.88999938964844,151.49478149414062,8140100
2021-11-01,172.0399932861328,172.3300018310547,169.00999450683594,169.8000030517578,151.41452026367188,7435500
2021-11-02,169.8000030517578,171.69000244140625,168.9199981689453,170.47000122070312,152.01199340820312,7173800
2021-11-03,170.1300048828125,171.1300048828125,169.14999389648438,170.52999877929688,152.06552124023438,8402700
2021-11-04,170.0,170.1999969482422,166.49000549316406,168.2899932861328,150.06802368164062,9574200
2021-11-05,168.89999389648438,170.08999633789062,167.41000366210938,168.0500030517578,149.85401916503906,7975600
2021-11-08,169.0500030517578,170.9199981689453,168.74000549316406,169.05999755859375,150.75465393066406,6413700
2021-11-09,167.35000610351562,168.47000122070312,166.60000610351562,167.77999877929688,149.61325073242188,7990300
2021-11-10,167.4499969482422,168.9499969482422,167.08999633789062,167.6199951171875,149.47059631347656,6999200
2021-11-11,167.52000427246094,168.67999267578125,166.89999389648438,167.61000061035156,149.46165466308594,5815300
2021-11-12,167.64999389648438,167.74000549316406,165.72000122070312,166.86000061035156,148.79286193847656,8113400
2021-11-15,167.2100067138672,167.7899932861328,166.0,166.55999755859375,148.52532958984375,6492500
2021-11-16,167.05999755859375,167.07000732421875,165.1199951171875,165.36000061035156,147.4552764892578,9706100
2021-11-17,165.2100067138672,165.55999755859375,163.38999938964844,164.47000122070312,146.66168212890625,9909600
2021-11-18,164.38999938964844,164.85000610351562,162.55999755859375,163.0500030517578,145.39540100097656,8122500
2021-11-19,161.3000030517578,162.11000061035156,159.4499969482422,160.9199981689453,143.4960174560547,12193600
2021-11-22,164.16000366210938,165.97999572753906,162.99000549316406,164.35000610351562,146.55465698242188,14549900
2021-11-23,165.5,168.55999755859375,165.3699951171875,168.27999877929688,150.0591278076172,12354400
2021-11-24,168.4600067138672,169.44000244140625,166.44000244140625,166.9600067138672,148.88201904296875,9629800
2021-11-26,162.13999938964844,162.64999389648438,158.82000732421875,161.92999267578125,144.3966522216797,13619300
2021-11-29,163.30999755859375,164.77999877929688,159.82000732421875,161.22999572753906,143.7724609375,12104400
2021-11-30,159.16000366210938,160.6300048828125,158.2899932861328,158.8300018310547,141.63232421875,18922600
2021-12-01,161.0,163.27000427246094,157.8000030517578,157.88999938964844,140.79408264160156,12253400
2021-12-02,159.8300018310547,163.25,158.8000030517578,161.2100067138672,143.75462341308594,12969900
2021-12-03,161.5,161.8300018310547,157.19000244140625,158.2899932861328,141.1508026123047,12681800
2021-12-06,161.00999450683594,162.61000061035156,159.4600067138672,160.16000366210938,142.8183135986328,11186500
2021-12-07,161.8800048828125,163.38999938964844,161.16000366210938,162.57000732421875,144.96737670898438,9851600
2021-12-08,162.66000366210938,163.27000427246094,160.1699981689453,160.7100067138672,143.30877685546875,11705700
2021-12-09,159.64999389648438,160.92999267578125,158.64999389648438,160.4600067138672,143.08584594726562,11189600
2021-12-10,161.32000732421875,161.6999969482422,159.1300048828125,159.82000732421875,142.51513671875,10405400
2021-12-13,159.5,159.7899932861328,157.27999877929688,157.9199981689453,140.8208465576172,12069000
2021-12-14,157.4499969482422,160.88999938964844,157.3000030517578,159.1300048828125,141.8998565673828,12563600
2021-12-15,159.85000610351562,159.85000610351562,157.35000610351562,157.94000244140625,140.8386993408203,14014200
2021-12-16,160.38999938964844,161.82000732421875,158.6999969482422,160.41000366210938,143.041259765625,19542800
2021-12-17,159.32000732421875,159.3800048828125,155.17999267578125,156.75999450683594,139.7864532470703,28082000
2021-12-20,154.50999450683594,154.6999969482422,151.83999633789062,153.94000244140625,137.27182006835938,15148000
2021-12-21,155.41000366210938,157.17999267578125,155.08999633789062,156.08999633789062,139.18899536132812,11291300
2021-12-22,155.75,157.05999755859375,155.24000549316406,156.6999969482422,139.7329559326172,7273000
2021-12-23,157.61000061035156,159.1199951171875,157.2100067138672,157.25999450683594,140.2322998046875,8055200
2021-12-27,157.60000610351562,158.1999969482422,156.33999633789062,158.16000366210938,141.0348663330078,6188100
2021-12-28,158.1999969482422,160.14999389648438,158.0800018310547,158.63999938964844,141.46290588378906,6342300
2021-12-29,158.85000610351562,159.6300048828125,158.14999389648438,158.55999755859375,141.39158630371094,6398900
2021-12-30,159.11000061035156,160.24000549316406,158.3699951171875,158.47999572753906,141.3202362060547,6948200
2021-12-31,158.4499969482422,159.2899932861328,157.9600067138672,158.35000610351562,141.204345703125,5805900
2022-01-03,159.86000061035156,162.63999938964844,159.50999450683594,161.6999969482422,144.19155883789062,13120900
2022-01-04,164.30999755859375,168.5800018310547,164.22999572753906,167.8300018310547,149.65785217285156,20195800
2022-01-05,167.82000732421875,168.36000061035156,163.72999572753906,163.77999877929688,146.92178344726562,17539400
2022-01-06,166.91000366210938,167.3699951171875,163.8699951171875,165.52000427246094,148.482666015625,14047500
2022-01-07,165.6699981689453,167.52999877929688,165.05999755859375,167.16000366210938,149.9539031982422,13913300
2022-01-10,169.07000732421875,169.30999755859375,165.52999877929688,167.32000732421875,150.09739685058594,12922500
2022-01-11,168.25999450683594,168.52000427246094,166.30999755859375,167.49000549316406,150.24989318847656,11854100
2022-01-12,168.4600067138672,169.58999633789062,167.17999267578125,168.44000244140625,151.10214233398438,12568000
2022-01-13,168.33999633789062,169.80999755859375,167.88999938964844,168.22999572753906,150.9137420654297,13623400
2022-01-14,160.75999450683594,161.02999877929688,156.89999389648438,157.88999938964844,141.63803100585938,40158400
2022-01-18,155.77999877929688,155.77999877929688,150.5399932861328,151.27000427246094,135.69949340820312,32324800
2022-01-19,151.57000732421875,152.22999572753906,148.5500030517578,148.92999267578125,133.600341796875,22380000
2022-01-20,148.99000549316406,150.61000061035156,147.36000061035156,147.66000366210938,132.4610137939453,14860800
2022-01-21,147.5,147.50999450683594,144.27000427246094,145.0800018310547,130.1466064453125,20705400
2022-01-24,142.27999877929688,145.47999572753906,139.57000732421875,144.9499969482422,130.02999877929688,28471400
2022-01-25,143.64999389648438,146.85000610351562,140.7899932861328,146.52999877929688,131.44735717773438,18915900
2022-01-26,148.72000122070312,150.57000732421875,145.9600067138672,147.9199981689453,132.6942901611328,20709100
2022-01-27,149.4199981689453,150.3800048828125,144.1300048828125,145.30999755859375,130.35292053222656,17536800
2022-01-28,144.19000244140625,146.75999450683594,142.1699981689453,146.61000061035156,131.5191192626953,14117000
2022-01-31,145.63999938964844,148.7899932861328,144.6699981689453,148.60000610351562,133.30430603027344,13985700
2022-02-01,148.69000244140625,151.47000122070312,148.3000030517578,151.14999389648438,135.591796875,14584900
2022-02-02,150.5,150.94000244140625,148.07000732421875,149.94000244140625,134.50634765625,12441100
2022-02-03,150.0,151.64999389648438,148.2899932861328,148.6999969482422,133.39398193359375,12474900
2022-02-04,149.10000610351562,153.5,148.77000427246094,152.55999755859375,136.85670471191406,16654400
2022-02-07,153.27000427246094,153.6199951171875,150.85000610351562,153.07000732421875,137.314208984375,12572300
2022-02-08,155.0,158.47999572753906,154.8000030517578,155.9499969482422,139.8977508544922,20411400
2022-02-09,156.58999633789062,157.42999267578125,155.82000732421875,156.60000610351562,140.48081970214844,9131100
2022-02-10,156.66000366210938,159.02999877929688,155.22000122070312,155.9499969482422,139.8977508544922,16455600
2022-02-11,155.61000061035156,158.19000244140625,152.97000122070312,153.9199981689453,138.07669067382812,16830000
2022-02-14,152.72999572753906,153.67999267578125,150.32000732421875,152.49000549316406,136.7938995361328,17026500
2022-02-15,154.50999450683594,155.94000244140625,153.85000610351562,154.72000122070312,138.79434204101562,9500000
2022-02-16,153.74000549316406,156.10000610351562,153.74000549316406,155.0,139.04551696777344,9076500
2022-02-17,153.0,153.72999572753906,150.6699981689453,151.42999267578125,135.8429718017578,11367500
2022-02-18,152.1300048828125,154.13999938964844,151.1300048828125,152.13999938964844,136.47991943359375,11733300
2022-02-22,150.60000610351562,153.24000549316406,150.41000366210938,151.8699951171875,136.23770141601562,11333500
2022-02-23,153.1199951171875,153.3000030517578,147.97000122070312,148.69000244140625,133.3850555419922,11799000
2022-02-24,142.94000244140625,144.99000549316406,139.77999877929688,144.5500030517578,129.67117309570312,25655100
2022-02-25,145.25,150.1300048828125,144.91000366210938,147.97000122070312,132.73912048339844,18367700
2022-02-28,143.5500030517578,145.05999755859375,140.8800048828125,141.8000030517578,127.20423126220703,31315300
2022-03-01,140.0399932861328,140.47999572753906,133.5800018310547,136.4499969482422,122.4049072265625,36840400
2022-03-02,137.2899932861328,140.0399932861328,136.61000061035156,139.27999877929688,124.94364929199219,19405600
2022-03-03,139.83999633789062,140.97999572753906,137.05999755859375,138.2899932861328,124.05553436279297,16640800
2022-03-04,134.94000244140625,135.4199981689453,132.39999389648438,134.39999389648438,120.56592559814453,21016000
2022-03-07,132.1699981689453,132.69000244140625,128.9499969482422,129.2100067138672,115.91015625,27560100
2022-03-08,129.63999938964844,131.7899932861328,127.2699966430664,128.3000030517578,115.09380340576172,19207800
2022-03-09,132.89999389648438,135.24000549316406,132.44000244140625,133.44000244140625,119.70475769042969,17536200
2022-03-10,131.86000061035156,133.4499969482422,130.32000732421875,131.86000061035156,118.2873764038086,15604200
2022-03-11,132.49000549316406,134.0800018310547,128.4199981689453,128.88999938964844,115.62307739257812,20061800
2022-03-14,129.4600067138672,132.9199981689453,129.22999572753906,130.1699981689453,116.77133178710938,15786900
2022-03-15,131.8000030517578,133.5500030517578,131.1300048828125,132.47999572753906,118.84354400634766,15096600
2022-03-16,134.8699951171875,138.49000549316406,134.42999267578125,138.39999389648438,124.15418243408203,20354900
2022-03-17,136.86000061035156,140.19000244140625,135.9199981689453,140.14999389648438,125.72409057617188,17050500
2022-03-18,140.19000244140625,140.85000610351562,138.4600067138672,140.10000610351562,125.67920684814453,23656500
2022-03-21,140.35000610351562,140.75999450683594,138.72999572753906,139.64999389648438,125.27552795410156,12676100
2022-03-22,142.27000427246094,143.92999267578125,141.72000122070312,142.6199951171875,127.93983459472656,13548600
2022-03-23,140.97999572753906,141.58999633789062,139.1999969482422,139.77999877929688,125.39214324951172,12093200
2022-03-24,140.3000030517578,140.7100067138672,139.11000061035156,140.69000244140625,126.20851135253906,10017600
2022-03-25,141.08999633789062,143.17999267578125,140.8000030517578,141.9199981689453,127.31185913085938,8383500
2022-03-28,140.0,140.97000122070312,137.89999389648438,140.8699951171875,126.36994934082031,10818100
2022-03-29,143.35000610351562,143.60000610351562,140.24000549316406,141.17999267578125,126.64801788330078,11316500
2022-03-30,141.89999389648438,142.1199951171875,139.91000366210938,140.5399932861328,126.07393646240234,8771000
2022-03-31,139.8300018310547,140.35000610351562,136.25999450683594,136.32000732421875,122.28831481933594,17353900
2022-04-01,137.39999389648438,137.41000366210938,133.8000030517578,135.30999755859375,121.38224029541016,15721300
2022-04-04,134.1199951171875,136.94000244140625,132.88999938964844,135.91000366210938,121.92049407958984,17416400
2022-04-05,134.07000732421875,135.39999389648438,133.00999450683594,133.33999633789062,120.50167083740234,12110300
2022-04-06,131.5800018310547,132.55999755859375,130.9600067138672,131.49000549316406,118.8298110961914,12914700
2022-04-07,130.9499969482422,131.9199981689453,128.72999572753906,131.08999633789062,118.4682846069336,12994200
2022-04-08,131.6699981689453,133.89999389648438,131.49000549316406,133.49000549316406,120.63720703125,13126900
2022-04-11,133.0,134.89999389648438,132.57000732421875,133.0,120.19438934326172,10466400
2022-04-12,132.13999938964844,134.5800018310547,130.6999969482422,131.5399932861328,118.87496185302734,12989900
2022-04-13,126.94000244140625,129.25,126.01000213623047,127.30000305175781,115.043212890625,30838000
2022-04-14,126.5,128.3000030517578,125.0199966430664,126.12000274658203,113.9768295288086,18835200
2022-04-18,125.66999816894531,129.24000549316406,125.54000091552734,128.4600067138672,116.09151458740234,11834400
2022-04-19,128.4499969482422,131.32000732421875,128.22999572753906,131.1199951171875,118.49541473388672,15015400
2022-04-20,132.52000427246094,133.50999450683594,131.33999633789062,131.5800018310547,118.91111755371094,13430200
2022-04-21,132.22000122070312,132.80999755859375,129.9600067138672,130.55999755859375,117.98933410644531,12174200
2022-04-22,130.27999877929688,130.52000427246094,126.69000244140625,126.80999755859375,114.60037231445312,14318800
2022-04-25,126.01000213623047,127.12000274658203,123.11000061035156,126.7699966430664,114.56424713134766,17149000
2022-04-26,124.63999938964844,126.41000366210938,122.87000274658203,123.0199966430664,111.17529296875,17209500
2022-04-27,122.33000183105469,123.55999755859375,121.22000122070312,121.41999816894531,109.7293472290039,17215200
2022-04-28,122.80999755859375,123.6500015258789,121.13999938964844,123.33999633789062,111.46448516845703,13015600
2022-04-29,123.05000305175781,123.61000061035156,118.9000015258789,119.36000061035156,107.86769104003906,14874800
2022-05-02,119.87999725341797,120.70999908447266,118.22000122070312,120.44999694824219,108.85274505615234,18545000
2022-05-03,121.52999877929688,124.16999816894531,120.77999877929688,123.02999877929688,111.18435668945312,15720900
2022-05-04,122.80000305175781,127.4000015258789,122.73999786376953,127.0999984741211,114.86246490478516,17128500
2022-05-05,125.25,126.0999984741211,122.16000366210938,123.91999816894531,111.9886474609375,15055400
2022-05-06,123.80000305175781,124.29000091552734,121.18000030517578,123.72000122070312,111.80792236328125,14417900
2022-05-09,122.11000061035156,123.33000183105469,120.5,121.86000061035156,110.12699890136719,14312300
2022-05-10,123.11000061035156,123.77999877929688,117.55999755859375,118.88999938964844,107.44295501708984,16382400
2022-05-11,119.30000305175781,122.88999938964844,117.94000244140625,118.13999938964844,106.76517486572266,14630300
2022-05-12,117.0,118.31999969482422,115.37000274658203,118.04000091552734,106.67479705810547,16318800
2022-05-13,119.41000366210938,120.25,117.95999908447266,119.08999633789062,107.62368774414062,10443200
2022-05-16,118.54000091552734,119.45999908447266,117.2300033569336,118.26000213623047,106.87360382080078,10269000
2022-05-17,121.04000091552734,122.97000122070312,120.80999755859375,122.18000030517578,110.41617584228516,11160200
2022-05-18,121.30000305175781,121.97000122070312,119.52999877929688,120.08999633789062,108.52741241455078,12664900
2022-05-19,118.19000244140625,119.6500015258789,117.62999725341797,118.30999755859375,106.91880798339844,12765800
2022-05-20,119.45999908447266,119.66999816894531,115.0199966430664,117.33999633789062,106.04218292236328,13150100
2022-05-23,120.45999908447266,126.56999969482422,120.44999694824219,124.5999984741211,112.6031723022461,24376700
2022-05-24,124.36000061035156,127.48999786376953,123.11000061035156,126.36000061035156,114.1937255859375,19324900
2022-05-25,126.27999877929688,127.86000061035156,125.16999816894531,127.23999786376953,114.98897552490234,12780400
2022-05-26,128.3699951171875,130.19000244140625,128.2100067138672,129.44000244140625,116.97718048095703,15990900
2022-05-27,130.16000366210938,131.27000427246094,129.13999938964844,131.27000427246094,118.63098907470703,11177800
2022-05-31,130.17999267578125,133.14999389648438,129.7100067138672,132.22999572753906,119.49854278564453,17015000
2022-06-01,132.8699951171875,132.8699951171875,128.6699981689453,129.91000366210938,117.40191650390625,10768000
2022-06-02,129.89999389648438,132.00999450683594,128.6699981689453,132.0,119.2906723022461,8374800
2022-06-03,131.2100067138672,131.77000427246094,129.99000549316406,130.16000366210938,117.62784576416016,8596000
2022-06-06,131.08999633789062,132.38999938964844,129.4600067138672,129.72999572753906,117.23925018310547,11323500
2022-06-07,128.8300018310547,130.32000732421875,128.6199951171875,130.07000732421875,117.5465316772461,6722200
2022-06-08,129.0,129.4499969482422,126.9000015258789,128.0,115.67581939697266,8422100
2022-06-09,127.37000274658203,128.10000610351562,125.2699966430664,125.30999755859375,113.24481201171875,13560100
2022-06-10,122.58999633789062,123.4000015258789,119.31999969482422,119.55000305175781,108.0394058227539,12945200
2022-06-13,116.86000061035156,117.94999694824219,115.05999755859375,115.98999786376953,104.8221664428711,16805600
2022-06-14,115.55000305175781,117.31999969482422,113.22000122070312,114.05999755859375,103.07798767089844,13357900
2022-06-15,115.62000274658203,116.94999694824219,113.16999816894531,115.41000366210938,104.29801940917969,14083500
2022-06-16,113.86000061035156,114.26000213623047,111.87000274658203,113.43000030517578,102.50865936279297,16724900
2022-06-17,113.54000091552734,114.62999725341797,112.16000366210938,113.02999877929688,102.14718627929688,30919900
2022-06-21,115.87000274658203,117.02999877929688,115.04000091552734,115.83000183105469,104.67757415771484,11680500
2022-06-22,114.87999725341797,116.19999694824219,114.38999938964844,115.18000030517578,104.09016418457031,9842700
2022-06-23,115.01000213623047,115.18000030517578,111.4800033569336,113.91999816894531,102.95147705078125,11851500
2022-06-24,113.2300033569336,117.81999969482422,112.83000183105469,117.31999969482422,106.02410888671875,14841100
2022-06-27,118.05999755859375,118.5,115.63999938964844,116.37999725341797,105.17461395263672,11280500
2022-06-28,117.66999816894531,119.29000091552734,115.5999984741211,115.81999969482422,104.66853332519531,11590900
2022-06-29,116.0,116.81999969482422,114.7300033569336,115.30000305175781,104.19861602783203,9338400
2022-06-30,113.16999816894531,114.08000183105469,110.93000030517578,112.61000061035156,101.76760864257812,15172600
2022-07-01,112.6500015258789,114.41999816894531,111.16000366210938,114.05000305175781,103.06896209716797,10573600
2022-07-05,110.7699966430664,112.70999908447266,109.30000305175781,112.62000274658203,102.67692565917969,12514200
2022-07-06,111.7300033569336,112.98999786376953,110.79000091552734,111.88999938964844,102.01138305664062,10656200
2022-07-07,113.5,114.9000015258789,113.4000015258789,114.72000122070312,104.59150695800781,10347400
2022-07-08,115.16000366210938,115.6500015258789,113.61000061035156,114.36000061035156,104.2633056640625,8807800
2022-07-11,113.55000305175781,114.2300033569336,112.22000122070312,112.86000061035156,102.8957290649414,7939500
2022-07-12,112.58000183105469,115.18000030517578,112.26000213623047,112.97000122070312,102.99601745605469,11250900
2022-07-13,111.75,112.4800033569336,110.37999725341797,111.91000366210938,102.02961730957031,12979900
2022-07-14,107.98999786376953,108.2300033569336,106.05999755859375,108.0,98.46481323242188,26204800
2022-07-15,109.16000366210938,113.87999725341797,107.66999816894531,112.94999694824219,102.97779083251953,18863900
2022-07-18,114.7699966430664,115.83999633789062,111.29000091552734,111.79000091552734,101.92021179199219,13977900
2022-07-19,113.12999725341797,114.94000244140625,112.66999816894531,114.55999755859375,104.44564056396484,11862300
2022-07-20,114.0999984741211,114.73999786376953,113.4800033569336,114.54000091552734,104.42739868164062,11667500
2022-07-21,114.44000244140625,115.52999877929688,113.37000274658203,115.31999969482422,105.13854217529297,11595900
2022-07-22,115.23999786376953,116.25,113.66999816894531,114.76000213623047,104.62798309326172,7645500
2022-07-25,115.83999633789062,116.45999908447266,114.7699966430664,115.22000122070312,105.04736328125,9394000
2022-07-26,114.58000183105469,115.58000183105469,113.02999877929688,113.41999816894531,103.40628051757812,10675100
2022-07-27,114.01000213623047,115.73999786376953,113.30000305175781,115.23999786376953,105.06559753417969,9337400
2022-07-28,115.25,115.9800033569336,113.52999877929688,114.80999755859375,104.673583984375,10384800
2022-07-29,115.58999633789062,116.5,114.79000091552734,115.36000061035156,105.17500305175781,12944500
2022-08-01,114.5,115.11000061035156,113.06999969482422,114.20999908447266,104.12654113769531,14740400
2022-08-02,113.91999816894531,114.4000015258789,112.2699966430664,112.43000030517578,102.50370788574219,14942900
2022-08-03,113.44999694824219,114.0999984741211,111.70999908447266,113.61000061035156,103.57951354980469,14394500
2022-08-04,112.8499984741211,113.31999969482422,111.0199966430664,112.36000061035156,102.43987274169922,18033900
2022-08-05,112.52999877929688,116.19000244140625,112.05000305175781,115.76000213623047,105.5396957397461,14174600
2022-08-08,116.25,116.69999694824219,114.18000030517578,114.3499984741211,104.25418853759766,10332500
2022-08-09,114.75,115.98999786376953,114.37000274658203,115.37999725341797,105.1932373046875,10233800
2022-08-10,117.95999908447266,119.37000274658203,117.5,118.38999938964844,107.93748474121094,12847300
2022-08-11,119.9000015258789,121.19999694824219,119.30999755859375,120.13999938964844,109.53298950195312,11684900
2022-08-12,120.66999816894531,122.25,119.44000244140625,122.12999725341797,111.3472900390625,9906700
2022-08-15,121.13999938964844,122.72000122070312,120.5999984741211,122.45999908447266,111.64816284179688,8456200
2022-08-16,122.29000091552734,124.23999786376953,121.87000274658203,123.62999725341797,112.71485137939453,9555000
2022-08-17,122.30000305175781,123.16000366210938,121.69000244140625,122.58999633789062,111.76668548583984,8149300
2022-08-18,122.23999786376953,122.47000122070312,120.55000305175781,121.63999938964844,110.90055084228516,9531800
2022-08-19,120.62000274658203,120.98999786376953,118.11000061035156,118.62999725341797,108.15630340576172,13464500
2022-08-22,116.75,117.16000366210938,115.5,116.66999816894531,106.36934661865234,8967600
2022-08-23,116.69000244140625,117.29000091552734,115.37999725341797,115.5199966430664,105.32086944580078,7607000
2022-08-24,115.29000091552734,116.41000366210938,114.44999694824219,115.80000305175781,105.576171875,9771300
2022-08-25,116.16000366210938,118.73999786376953,115.68000030517578,118.55000305175781,108.0833740234375,10758900
2022-08-26,119.45999908447266,119.98999786376953,114.5999984741211,114.66999816894531,104.5459213256836,11276200
2022-08-29,114.0,114.86000061035156,113.45999908447266,114.38999938964844,104.29065704345703,8117300
2022-08-30,115.0,115.58000183105469,113.36000061035156,114.41000366210938,104.30889129638672,10745400
2022-08-31,114.4800033569336,115.02999877929688,113.33999633789062,113.7300033569336,103.68893432617188,10738300
2022-09-01,113.29000091552734,114.62999725341797,111.91000366210938,114.51000213623047,104.4000473022461,9979800
2022-09-02,115.87000274658203,117.44999694824219,113.19000244140625,113.70999908447266,103.6706771850586,10666600
2022-09-06,114.33000183105469,114.75,112.06999969482422,113.73999786376953,103.69804382324219,9751900
2022-09-07,113.12999725341797,116.11000061035156,112.76000213623047,115.9000015258789,105.6673355102539,10647900
2022-09-08,115.27999877929688,118.79000091552734,114.62999725341797,118.5999984741211,108.12895202636719,11435000
2022-09-09,119.13999938964844,120.05000305175781,118.66999816894531,119.16999816894531,108.64863586425781,9299700
2022-09-12,120.62000274658203,121.55000305175781,119.79000091552734,120.58000183105469,109.93416595458984,8614600
2022-09-13,118.06999969482422,118.91999816894531,115.77999877929688,116.38999938964844,106.11406707763672,12904600
2022-09-14,116.69999694824219,117.83999633789062,114.87999725341797,116.12000274658203,105.86791229248047,9345700
2022-09-15,116.12000274658203,119.37999725341797,115.76000213623047,117.87000274658203,107.46341705322266,10821400
2022-09-16,117.38999938964844,117.4000015258789,115.37000274658203,117.08000183105469,106.7431640625,14844100
2022-09-19,116.0,118.7300033569336,115.51000213623047,118.16000366210938,107.72779846191406,8201300
2022-09-20,117.41000366210938,117.69000244140625,114.63999938964844,115.83000183105469,105.60350799560547,9619000
2022-09-21,116.54000091552734,116.5999984741211,112.41999816894531,112.48999786376953,102.55840301513672,12606300
2022-09-22,113.37999725341797,113.5999984741211,111.06999969482422,111.20999908447266,101.39141845703125,11684500
2022-09-23,110.05000305175781,110.33999633789062,107.16000366210938,109.13999938964844,99.50416564941406,18138600
2022-09-26,108.0,109.61000061035156,106.05999755859375,106.79000091552734,97.36164093017578,15753600
2022-09-27,107.75,108.16999816894531,104.6500015258789,105.8499984741211,96.50463104248047,12793600
2022-09-28,105.94999694824219,108.7300033569336,105.63999938964844,107.98999786376953,98.45569610595703,12762600
2022-09-29,106.94999694824219,107.27999877929688,104.4000015258789,106.16000366210938,96.78727722167969,12713900
2022-09-30,106.05999755859375,107.62000274658203,104.4000015258789,104.5,95.27383422851562,15973400
2022-10-03,105.62000274658203,108.36000061035156,104.45999908447266,107.7300033569336,98.21866607666016,12248100
2022-10-04,110.61000061035156,112.98999786376953,109.86000061035156,112.7699966430664,102.81367492675781,16013600
2022-10-05,109.75,110.94999694824219,108.83000183105469,110.38999938964844,101.54425811767578,10943500
2022-10-06,109.45999908447266,110.19000244140625,107.94000244140625,108.13999938964844,99.47457885742188,11521400
2022-10-07,107.5199966430664,107.70999908447266,105.2699966430664,105.9800033569336,97.48763275146484,11681100
2022-10-10,106.7300033569336,107.30999755859375,104.5199966430664,104.98999786376953,96.57696533203125,8931700
2022-10-11,104.37000274658203,104.54000091552734,101.8499984741211,101.95999908447266,93.78975677490234,12739700
2022-10-12,101.80000305175781,104.7300033569336,101.27999877929688,103.61000061035156,95.30755615234375,13181000
2022-10-13,101.9800033569336,109.9000015258789,101.76000213623047,109.37000274658203,100.60599517822266,22398700
2022-10-14,111.95999908447266,115.23999786376953,110.72000122070312,111.19000244140625,102.2801513671875,33387100
2022-10-17,115.41000366210938,117.01000213623047,114.31999969482422,115.86000061035156,106.5759506225586,22276300
2022-10-18,119.66000366210938,120.13999938964844,116.95999908447266,118.83999633789062,109.31714630126953,21539700
2022-10-19,117.98999786376953,118.83000183105469,115.66999816894531,116.51000213623047,107.17385864257812,17072000
2022-10-20,117.16000366210938,118.70999908447266,115.6500015258789,116.12999725341797,106.82429504394531,12207400
2022-10-21,116.45999908447266,122.38999938964844,116.33000183105469,122.2300033569336,112.43549346923828,20593300
2022-10-24,122.06999969482422,123.0999984741211,121.33000183105469,122.37999725341797,112.573486328125,12624200
2022-10-25,121.8499984741211,123.2699966430664,120.88999938964844,122.69999694824219,112.86783599853516,11289100
2022-10-26,123.0,125.19999694824219,122.87999725341797,124.11000061035156,114.16487121582031,11667000
2022-10-27,125.19999694824219,126.19999694824219,124.20999908447266,124.5999984741211,114.6156005859375,10727600
2022-10-28,125.29000091552734,126.27999877929688,124.05000305175781,126.08000183105469,115.97699737548828,11859500
2022-10-31,125.69999694824219,127.43000030517578,125.58999633789062,125.87999725341797,115.79302215576172,13295200
2022-11-01,126.87000274658203,128.27999877929688,126.33000183105469,128.14999389648438,117.8811264038086,13386900
2022-11-02,127.6500015258789,130.36000061035156,126.63999938964844,126.97000122070312,116.79566955566406,16546100
2022-11-03,126.30999755859375,128.17999267578125,125.91000366210938,127.19999694824219,117.00724029541016,12474400
2022-11-04,129.49000549316406,130.8300018310547,128.4600067138672,130.67999267578125,120.2083740234375,14953200
2022-11-07,131.0,132.2899932861328,130.47999572753906,131.3699951171875,120.84312438964844,12011200
2022-11-08,131.24000549316406,132.05999755859375,130.13999938964844,131.4499969482422,120.91668701171875,9884100
2022-11-09,131.32000732421875,131.42999267578125,129.22000122070312,129.74000549316406,119.34371185302734,9494000
2022-11-10,132.6300048828125,135.25,132.52999877929688,135.0800018310547,124.25579071044922,16351600
2022-11-11,135.19000244140625,136.1699981689453,133.77999877929688,135.3000030517578,124.45820617675781,10704700
2022-11-14,134.8000030517578,135.72999572753906,133.91000366210938,133.91000366210938,123.1795654296875,11085600
2022-11-15,134.67999267578125,135.7100067138672,131.60000610351562,132.94000244140625,122.28730010986328,14038300
2022-11-16,133.0,133.55999755859375,132.02999877929688,133.1199951171875,122.45285034179688,7893400
2022-11-17,132.0,132.88999938964844,131.27999877929688,132.5399932861328,121.91934967041016,8820200
2022-11-18,134.57000732421875,134.6699981689453,132.27999877929688,133.83999633789062,123.11517333984375,9468500
2022-11-21,133.74000549316406,134.55999755859375,132.75,133.0500030517578,122.38848876953125,7800500
2022-11-22,134.0,135.27000427246094,133.69000244140625,135.0399932861328,124.21902465820312,9185700
2022-11-23,134.94000244140625,136.5,134.86000061035156,136.47999572753906,125.54361724853516,7316200
2022-11-25,136.47999572753906,137.13999938964844,136.05999755859375,136.74000549316406,125.78279876708984,3220500
2022-11-28,136.07000732421875,136.7100067138672,134.19000244140625,134.35000610351562,123.58431243896484,9906900
2022-11-29,134.66000366210938,136.63999938964844,134.41000366210938,136.55999755859375,125.61722564697266,7925300
2022-11-30,136.08999633789062,138.17999267578125,133.19000244140625,138.17999267578125,127.10738372802734,14761200
2022-12-01,138.17999267578125,138.66000366210938,135.42999267578125,136.24000549316406,125.3228530883789,8858500
2022-12-02,134.49000549316406,135.35000610351562,133.33999633789062,135.16000366210938,124.32937622070312,8931900
2022-12-05,134.24000549316406,134.57000732421875,130.60000610351562,131.3699951171875,120.84312438964844,10154500
2022-12-06,133.38999938964844,135.11000061035156,129.8699951171875,131.58999633789062,121.04546356201172,13966700
2022-12-07,131.30999755859375,133.0800018310547,130.3300018310547,131.5,120.96268463134766,11739400
2022-12-08,132.3300018310547,132.97999572753906,131.42999267578125,132.8800048828125,122.23210144042969,8907300
2022-12-09,132.1999969482422,133.75999450683594,132.0,132.16000366210938,121.5698013305664,7957800
2022-12-12,132.39999389648438,134.64999389648438,131.60000610351562,134.2100067138672,123.45552825927734,8841600
2022-12-13,136.88999938964844,137.08999633789062,133.0800018310547,134.0800018310547,123.3359375,10025400
2022-12-14,133.77999877929688,135.7100067138672,132.75999450683594,133.41000366210938,122.71964263916016,9966100
2022-12-15,131.14999389648438,132.0800018310547,129.0500030517578,130.10000610351562,119.67485809326172,12087800
2022-12-16,129.14999389648438,129.89999389648438,128.42999267578125,129.2899932861328,118.92977142333984,21133700
2022-12-19,129.64999389648438,131.3300018310547,129.08999633789062,130.05999755859375,119.6380615234375,9017200
2022-12-20,130.97000122070312,132.0500030517578,130.1999969482422,130.69000244140625,120.21759033203125,8549900
2022-12-21,132.17999267578125,132.97999572753906,131.77000427246094,132.16000366210938,121.5698013305664,8051700
2022-12-22,131.10000610351562,131.3000030517578,128.41000366210938,130.66000366210938,120.19000244140625,8648200
2022-12-23,130.5800018310547,131.44000244140625,129.63999938964844,131.27999877929688,120.76031494140625,5091900
2022-12-27,131.57000732421875,132.22000122070312,130.5500030517578,131.74000549316406,121.18346405029297,5411000
2022-12-28,131.85000610351562,133.41000366210938,131.00999450683594,132.4600067138672,121.84575653076172,8827700
2022-12-29,132.92999267578125,133.27000427246094,132.30999755859375,133.22000122070312,122.54486083984375,6585200
2022-12-30,132.80999755859375,134.3300018310547,132.44000244140625,134.10000610351562,123.35433959960938,9292500
2023-01-03,135.24000549316406,136.74000549316406,133.88999938964844,135.1199951171875,124.29261016845703,11054800
2023-01-04,135.99000549316406,137.67999267578125,135.57000732421875,136.3800048828125,125.45166778564453,11687600
2023-01-05,135.66000366210938,135.7100067138672,133.6999969482422,135.35000610351562,125.42384338378906,8381300
2023-01-06,136.1300048828125,138.3800048828125,134.49000549316406,137.94000244140625,127.82389831542969,10029100
2023-01-09,138.60000610351562,138.8800048828125,136.8800048828125,137.3699951171875,127.29570770263672,8482300
2023-01-10,137.7899932861328,138.72000122070312,137.30999755859375,138.60000610351562,128.43553161621094,9048700
2023-01-11,138.89999389648438,139.75,138.10000610351562,139.6300048828125,129.3899688720703,8703700
2023-01-12,140.0,140.86000061035156,139.22000122070312,139.49000549316406,129.26026916503906,11001700
2023-01-13,135.60000610351562,143.49000549316406,134.8000030517578,143.00999450683594,132.52206420898438,20200000
2023-01-17,141.1699981689453,141.5399932861328,139.22999572753906,140.8000030517578,130.47415161132812,14292900
2023-01-18,138.9199981689453,140.72999572753906,136.41000366210938,136.57000732421875,126.55440521240234,13392600
2023-01-19,135.32000732421875,135.89999389648438,133.58999633789062,134.75,124.86783599853516,13303400
2023-01-20,135.16000366210938,135.49000549316406,133.5500030517578,135.0800018310547,125.17362213134766,13092500
2023-01-23,135.1199951171875,137.9600067138672,134.82000732421875,137.27000427246094,127.20305633544922,10487100
2023-01-24,136.4199981689453,140.2899932861328,135.0,138.4499969482422,128.29647827148438,6945000
2023-01-25,138.0500030517578,139.1199951171875,137.25,139.1199951171875,128.91734313964844,8967000
2023-01-26,139.4199981689453,140.05999755859375,138.36000061035156,139.97999572753906,129.71426391601562,7487600
2023-01-27,140.61000061035156,141.25999450683594,139.75,140.32000732421875,130.0293426513672,7489900
2023-01-30,139.22999572753906,140.08999633789062,138.91000366210938,139.1300048828125,128.9266357421875,6729300
2023-01-31,139.8800048828125,140.07000732421875,138.25,139.9600067138672,129.69577026367188,9188700
2023-02-01,138.2100067138672,140.8800048828125,138.1199951171875,139.58999633789062,129.35289001464844,8841800
2023-02-02,140.0,140.4600067138672,138.0,138.94000244140625,128.75057983398438,11822100
2023-02-03,138.17999267578125,142.3300018310547,138.1300048828125,141.08999633789062,130.7428741455078,11501200
2023-02-06,140.22999572753906,142.24000549316406,140.02999877929688,141.9199981689453,131.51202392578125,8406200
2023-02-07,141.3800048828125,144.33999633789062,141.17999267578125,143.64999389648438,133.1151123046875,10447900
2023-02-08,142.64999389648438,144.0399932861328,142.27999877929688,142.63999938964844,132.17921447753906,6958000
2023-02-09,143.1199951171875,143.33999633789062,139.8699951171875,140.4199981689453,130.1220245361328,6443100
2023-02-10,139.77999877929688,141.27999877929688,138.58999633789062,141.0399932861328,130.6965789794922,6582900
2023-02-13,141.3000030517578,142.72999572753906,140.74000549316406,142.57000732421875,132.1143798828125,7134600
2023-02-14,142.5,143.80999755859375,141.60000610351562,143.1999969482422,132.6981201171875,9249400
2023-02-15,141.61000061035156,143.88999938964844,141.3000030517578,143.8000030517578,133.254150390625,6728300
2023-02-16,142.91000366210938,143.38999938964844,141.67999267578125,141.82000732421875,131.4193878173828,8165300
2023-02-17,140.97999572753906,142.8300018310547,140.07000732421875,142.24000549316406,131.8085479736328,7948800
2023-02-21,140.69000244140625,141.33999633789062,138.75,139.6300048828125,129.3899688720703,9996300
2023-02-22,138.9199981689453,139.42999267578125,137.44000244140625,138.55999755859375,128.39842224121094,11107500
2023-02-23,138.72999572753906,140.1699981689453,137.94000244140625,139.6699981689453,129.42701721191406,8068000
2023-02-24,139.11000061035156,141.36000061035156,138.92999267578125,140.92999267578125,130.5946044921875,9126900
2023-02-27,142.11000061035156,143.30999755859375,141.72000122070312,142.16000366210938,131.7344512939453,10014700
2023-02-28,142.94000244140625,143.75999450683594,141.89999389648438,143.35000610351562,132.83714294433594,11019800
2023-03-01,142.10000610351562,143.4600067138672,141.8000030517578,142.5500030517578,132.09584045410156,7139200
2023-03-02,142.24000549316406,142.42999267578125,139.5399932861328,141.07000732421875,130.72438049316406,11106800
2023-03-03,141.50999450683594,143.74000549316406,141.0800018310547,143.66000366210938,133.12445068359375,9513100
2023-03-06,143.44000244140625,144.0399932861328,142.66000366210938,142.82000732421875,132.34603881835938,9261300
2023-03-07,142.00999450683594,142.30999755859375,137.80999755859375,138.6199951171875,128.4540252685547,11747600
2023-03-08,138.0,138.58999633789062,136.88999938964844,137.8000030517578,127.69415283203125,10002500
2023-03-09,136.75999450683594,137.35000610351562,129.22000122070312,130.33999633789062,120.78125762939453,25888100
2023-03-10,128.9600067138672,135.25999450683594,127.81999969482422,133.64999389648438,123.84851837158203,37599700
2023-03-13,131.2100067138672,133.8800048828125,129.41000366210938,131.25,121.6245346069336,42901100
2023-03-14,135.27999877929688,135.52999877929688,131.2899932861328,134.6199951171875,124.74737548828125,29648100
2023-03-15,130.97999572753906,130.99000549316406,126.7300033569336,128.25999450683594,118.85379791259766,34280600
2023-03-16,128.00999450683594,131.9499969482422,126.0199966430664,130.75,121.16118621826172,24558500
2023-03-17,128.3800048828125,128.47999572753906,125.44999694824219,125.80999755859375,116.5834732055664,38396000
2023-03-20,126.98999786376953,129.47000122070312,126.01000213623047,127.13999938964844,117.81593322753906,22875500
2023-03-21,130.58999633789062,131.72999572753906,130.19000244140625,130.5500030517578,120.97584533691406,17807800
2023-03-22,130.55999755859375,130.66000366210938,127.08000183105469,127.18000030517578,117.85299682617188,17250200
2023-03-23,127.9000015258789,129.52999877929688,126.0199966430664,126.83999633789062,117.53793334960938,16677600
2023-03-24,125.62999725341797,125.68000030517578,123.11000061035156,124.91000366210938,115.74948120117188,22311100
2023-03-27,126.79000091552734,129.3800048828125,126.29000091552734,128.49000549316406,119.06694030761719,18853900
2023-03-28,128.7100067138672,129.33999633789062,127.73999786376953,128.8800048828125,119.4283447265625,10820500
2023-03-29,130.10000610351562,130.22000122070312,127.7699966430664,129.13999938964844,119.66924285888672,14595300
2023-03-30,129.9499969482422,130.1199951171875,127.6500015258789,128.75,119.30784606933594,12134700
2023-03-31,129.66000366210938,130.33999633789062,128.85000610351562,130.30999755859375,120.7534408569336,13105200
2023-04-03,129.91000366210938,131.44000244140625,129.41000366210938,130.16000366210938,120.61444091796875,11775400
2023-04-04,130.5,130.58999633789062,127.41000366210938,128.4199981689453,119.00206756591797,11579900
2023-04-05,126.80000305175781,128.14999389648438,126.45999908447266,127.61000061035156,119.17951202392578,9614700
2023-04-06,127.0,128.0800018310547,126.86000061035156,127.47000122070312,119.04876708984375,8760200
2023-04-10,126.54000091552734,128.22999572753906,126.22000122070312,127.88999938964844,119.44100952148438,9477300
2023-04-11,128.3000030517578,128.94000244140625,127.54000091552734,128.52000427246094,120.0293960571289,10516300
2023-04-12,129.17999267578125,130.42999267578125,128.05999755859375,128.5,120.01071166992188,11821000
2023-04-13,128.4600067138672,129.0399932861328,126.83000183105469,128.99000549316406,120.46832275390625,12450200
2023-04-14,135.14999389648438,139.1199951171875,134.89999389648438,138.72999572753906,129.5648956298828,43931300
2023-04-17,139.9499969482422,140.05999755859375,137.66000366210938,139.8300018310547,130.59217834472656,16050500
2023-04-18,140.27000427246094,141.77999877929688,139.02999877929688,141.39999389648438,132.05848693847656,13760100
2023-04-19,141.22999572753906,141.5,140.39999389648438,141.22000122070312,131.890380859375,9158100
2023-04-20,139.91000366210938,141.42999267578125,139.83999633789062,140.80999755859375,131.5074462890625,10586200
2023-04-21,139.74000549316406,141.11000061035156,138.77999877929688,140.5399932861328,131.2552947998047,11842500
2023-04-24,140.4600067138672,141.10000610351562,140.0399932861328,140.72999572753906,131.43275451660156,7567500
2023-04-25,139.60000610351562,139.9600067138672,137.6300048828125,137.6699981689453,128.57489013671875,10629300
2023-04-26,137.6199951171875,137.80999755859375,134.0,135.22999572753906,126.29609680175781,14416100
2023-04-27,136.0,137.91000366210938,135.66000366210938,137.0500030517578,127.995849609375,9041100
2023-04-28,136.55999755859375,138.32000732421875,135.6699981689453,138.24000549316406,129.10728454589844,9887300
2023-05-01,142.25999450683594,143.3699951171875,140.8300018310547,141.1999969482422,131.87168884277344,20415800
2023-05-02,141.39999389648438,142.41000366210938,138.42999267578125,138.9199981689453,129.74234008789062,14113400
2023-05-03,138.44000244140625,138.6699981689453,135.75999450683594,135.97999572753906,126.99657440185547,12930900
2023-05-04,134.9600067138672,135.72000122070312,131.80999755859375,134.1199951171875,125.2594223022461,17089200
2023-05-05,136.44000244140625,137.8800048828125,135.91000366210938,136.74000549316406,127.70634460449219,11261400
2023-05-08,137.49000549316406,137.97000122070312,136.47999572753906,137.07000732421875,128.01455688476562,7484900
2023-05-09,135.92999267578125,136.9499969482422,135.2100067138672,136.41000366210938,127.39813995361328,7343600
2023-05-10,137.9499969482422,138.05999755859375,134.8699951171875,136.47999572753906,127.46349334716797,8133400
2023-05-11,135.0,136.80999755859375,134.89999389648438,136.0500030517578,127.06193542480469,7057300
2023-05-12,136.82000732421875,136.99000549316406,133.1300048828125,134.10000610351562,125.2407455444336,9988600
2023-05-15,134.27000427246094,135.6699981689453,133.9600067138672,135.22999572753906,126.29609680175781,7639500
2023-05-16,135.4600067138672,135.94000244140625,133.9600067138672,134.32000732421875,125.44623565673828,6477200
2023-05-17,135.89999389648438,138.58999633789062,135.4600067138672,138.4499969482422,129.30335998535156,12711500
2023-05-18,138.27000427246094,139.72999572753906,137.75999450683594,139.5,130.28399658203125,10999600
2023-05-19,139.7899932861328,140.49000549316406,138.1300048828125,139.17999267578125,129.98513793945312,13492200
2023-05-22,141.0,141.63999938964844,137.66000366210938,138.02999877929688,128.91111755371094,11402500
2023-05-23,137.5399932861328,139.02999877929688,136.4600067138672,136.58999633789062,127.56625366210938,9514900
2023-05-24,135.39999389648438,136.35000610351562,135.0800018310547,135.33999633789062,126.39884948730469,8578000
2023-05-25,134.82000732421875,136.27000427246094,134.5800018310547,135.6699981689453,126.70701599121094,8472500
2023-05-26,136.11000061035156,137.60000610351562,135.6300048828125,136.94000244140625,127.89311981201172,8579900
2023-05-30,136.8000030517578,137.72000122070312,136.02000427246094,137.4600067138672,128.37876892089844,7399900
2023-05-31,136.72999572753906,136.83999633789062,134.39999389648438,135.7100067138672,126.74441528320312,14219900
2023-06-01,136.52000427246094,138.22999572753906,135.4499969482422,137.5800018310547,128.49085998535156,12248100
2023-06-02,139.55999755859375,141.47999572753906,139.33999633789062,140.47000122070312,131.18991088867188,12922500
2023-06-05,140.11000061035156,140.11000061035156,138.1300048828125,139.08999633789062,129.9010772705078,8511900
2023-06-06,138.67999267578125,140.10000610351562,138.2100067138672,139.33999633789062,130.13455200195312,9329500
2023-06-07,139.5500030517578,141.27000427246094,138.8300018310547,140.69000244140625,131.3953857421875,9281400
2023-06-08,140.6699981689453,140.88999938964844,139.47999572753906,140.72999572753906,131.43275451660156,7368100
2023-06-09,140.35000610351562,141.8000030517578,140.2100067138672,141.00999450683594,131.69424438476562,7249100
2023-06-12,141.07000732421875,141.32000732421875,139.75999450683594,141.0,131.68490600585938,7596600
2023-06-13,140.47999572753906,142.8699951171875,140.13999938964844,142.02000427246094,132.6375274658203,7701600
2023-06-14,143.0,143.61000061035156,140.6999969482422,141.49000549316406,132.14254760742188,9068700
2023-06-15,140.58999633789062,143.39999389648438,140.02999877929688,143.08999633789062,133.63682556152344,9343100
2023-06-16,143.0500030517578,143.97000122070312,142.5,143.25999450683594,133.7955780029297,13813500
2023-06-20,142.61000061035156,143.0,141.0399932861328,142.52999877929688,133.11383056640625,8428600
2023-06-21,142.89999389648438,144.02000427246094,141.69000244140625,142.32000732421875,132.917724609375,9926500
2023-06-22,142.30999755859375,142.60000610351562,138.9499969482422,139.5800018310547,130.35873413085938,10075200
2023-06-23,138.5399932861328,139.17999267578125,137.6199951171875,138.85000610351562,129.6769561767578,9919500
2023-06-26,138.8699951171875,140.00999450683594,137.69000244140625,139.19000244140625,129.99447631835938,8429700
2023-06-27,139.0,139.83999633789062,138.5399932861328,139.1999969482422,130.00381469726562,8154000
2023-06-28,139.16000366210938,139.2100067138672,137.9600067138672,138.58999633789062,129.43411254882812,7558600
2023-06-29,140.07000732421875,143.55999755859375,139.85000610351562,143.42999267578125,133.95437622070312,15423200
2023-06-30,144.60000610351562,146.0,143.66000366210938,145.44000244140625,135.83157348632812,14212800
2023-07-03,146.19000244140625,147.47999572753906,146.0,146.61000061035156,136.92428588867188,8021600
2023-07-05,144.94000244140625,145.42999267578125,144.36000061035156,144.63999938964844,136.01214599609375,8934900
2023-07-06,143.02000427246094,143.38999938964844,141.44000244140625,143.2100067138672,134.66744995117188,9709500
2023-07-07,143.91000366210938,145.83999633789062,143.0,144.33999633789062,135.73004150390625,8981500
2023-07-10,144.5,145.99000549316406,144.5,145.14999389648438,136.49171447753906,9100100
2023-07-11,146.33999633789062,147.82000732421875,145.7100067138672,147.4199981689453,138.6262969970703,11260900
2023-07-12,147.4499969482422,149.8699951171875,147.0,148.14999389648438,139.31277465820312,11323200
2023-07-13,148.6999969482422,149.3699951171875,147.75,148.8699951171875,139.9898223876953,11234900
2023-07-14,151.5500030517578,152.88999938964844,148.41000366210938,149.77000427246094,140.8361358642578,27028400
2023-07-17,150.35000610351562,153.75,150.35000610351562,153.3800048828125,144.2307891845703,17262400
2023-07-18,153.3800048828125,154.39999389648438,152.82000732421875,153.66000366210938,144.4940948486328,13491700
2023-07-19,152.75,155.2100067138672,152.22000122070312,154.25,145.0488739013672,12510000
2023-07-20,154.52999877929688,156.58999633789062,154.41000366210938,156.14999389648438,146.83555603027344,9935900
2023-07-21,155.8000030517578,156.13999938964844,154.69000244140625,154.9499969482422,145.70713806152344,10636400
2023-07-24,154.97000122070312,158.7899932861328,154.72999572753906,158.0,148.57521057128906,14381400
2023-07-25,157.3000030517578,157.72000122070312,155.9600067138672,156.82000732421875,147.4656219482422,9944700
2023-07-26,156.7100067138672,158.25,156.27999877929688,157.75999450683594,148.34951782226562,8728600
2023-07-27,157.77000427246094,158.77999877929688,155.5500030517578,156.02000427246094,146.7133026123047,10778400
2023-07-28,157.27999877929688,157.60000610351562,156.44000244140625,156.91000366210938,147.55023193359375,9103800
2023-07-31,157.17999267578125,159.3800048828125,157.14999389648438,157.9600067138672,148.53759765625,8892700
2023-08-01,157.42999267578125,158.0,156.14999389648438,157.17999267578125,147.80410766601562,6853900
2023-08-02,155.55999755859375,155.69000244140625,153.94000244140625,155.39999389648438,146.13027954101562,8299400
2023-08-03,155.0,156.9199981689453,154.35000610351562,156.35000610351562,147.0236358642578,6084000
2023-08-04,156.39999389648438,157.8000030517578,155.6999969482422,156.02000427246094,146.7133026123047,6209400
2023-08-07,156.60000610351562,157.6999969482422,156.60000610351562,156.75999450683594,147.40916442871094,7251800
2023-08-08,154.32000732421875,155.97999572753906,152.58999633789062,155.8800048828125,146.58169555664062,8623400
2023-08-09,155.32000732421875,155.52000427246094,153.47000122070312,153.7899932861328,144.6163330078125,6277800
2023-08-10,154.3800048828125,155.44000244140625,153.08999633789062,153.55999755859375,144.4001007080078,5995100
2023-08-11,153.02999877929688,154.52000427246094,152.6300048828125,154.4499969482422,145.2369842529297,5180700
2023-08-14,153.61000061035156,154.9199981689453,152.9199981689453,154.77000427246094,145.53790283203125,5044300
2023-08-15,152.85000610351562,153.27000427246094,150.22999572753906,150.8300018310547,141.83290100097656,10300300
2023-08-16,150.60000610351562,150.9600067138672,149.67999267578125,150.19000244140625,141.2310791015625,6978200
2023-08-17,150.8800048828125,151.25999450683594,148.39999389648438,148.6300048828125,139.76412963867188,9953900
2023-08-18,147.64999389648438,149.5,147.44000244140625,148.97000122070312,140.0838623046875,8517500
2023-08-21,149.64999389648438,150.10000610351562,148.02000427246094,149.47999572753906,140.56344604492188,8327000
2023-08-22,149.25999450683594,149.63999938964844,145.85000610351562,146.3800048828125,137.64834594726562,9673300
2023-08-23,146.35000610351562,147.58999633789062,145.4600067138672,147.3699951171875,138.57928466796875,7858000
2023-08-24,147.5,149.41000366210938,146.99000549316406,147.22999572753906,138.44764709472656,6534000
2023-08-25,147.27999877929688,148.6199951171875,145.85000610351562,147.0500030517578,138.2783966064453,6695500
2023-08-28,147.57000732421875,148.61000061035156,147.1300048828125,147.55999755859375,138.75796508789062,5094100
2023-08-29,147.7100067138672,148.85000610351562,147.17999267578125,148.75999450683594,139.88638305664062,6337000
2023-08-30,148.6199951171875,149.14999389648438,147.19000244140625,148.16000366210938,139.3221893310547,6277300
2023-08-31,148.25999450683594,148.35000610351562,145.9600067138672,146.3300018310547,137.60134887695312,10933900
2023-09-01,146.08999633789062,148.0800018310547,145.6999969482422,146.82000732421875,138.06210327148438,7903500
2023-09-05,147.16000366210938,148.2100067138672,145.00999450683594,145.1999969482422,136.53872680664062,7854700
2023-09-06,144.6999969482422,145.5399932861328,144.11000061035156,144.9600067138672,136.31304931640625,8629200
2023-09-07,144.1300048828125,145.27000427246094,143.38999938964844,143.72000122070312,135.1470184326172,8373700
2023-09-08,143.3699951171875,144.1199951171875,142.64999389648438,143.8300018310547,135.25047302246094,7107900
2023-09-11,144.75,145.0500030517578,143.69000244140625,144.4600067138672,135.8428955078125,6854200
2023-09-12,144.5,147.32000732421875,144.0500030517578,146.33999633789062,137.61073303222656,8363200
2023-09-13,147.33999633789062,147.6999969482422,145.82000732421875,146.41000366210938,137.67657470703125,8325900
2023-09-14,147.83999633789062,149.89999389648438,147.52000427246094,149.25,140.34715270996094,10034900
2023-09-15,148.9199981689453,149.72999572753906,148.30999755859375,148.80999755859375,139.9333953857422,19863400
2023-09-18,148.16000366210938,149.13999938964844,147.75,149.1199951171875,140.22491455078125,6512400
2023-09-19,149.5,149.72000122070312,147.2100067138672,148.92999267578125,140.04624938964844,7943400
2023-09-20,149.64999389648438,150.25,148.13999938964844,148.3000030517578,139.45382690429688,7332000
2023-09-21,147.5800018310547,148.85000610351562,146.6300048828125,147.13999938964844,138.36300659179688,8052400
2023-09-22,147.2899932861328,147.50999450683594,145.19000244140625,145.72999572753906,137.037109375,7071700
2023-09-25,145.35000610351562,146.52000427246094,143.6999969482422,146.4499969482422,137.71420288085938,7044700
2023-09-26,144.60000610351562,145.83999633789062,144.22999572753906,144.92999267578125,136.28485107421875,7468400
2023-09-27,145.19000244140625,146.08999633789062,144.50999450683594,145.77999877929688,137.08412170410156,6717800
2023-09-28,146.27999877929688,148.8699951171875,146.00999450683594,147.58999633789062,138.78619384765625,8868100
2023-09-29,148.60000610351562,148.75999450683594,144.86000061035156,145.02000427246094,136.36949157714844,11917800
2023-10-02,144.8300018310547,145.6199951171875,142.6300048828125,143.77000427246094,135.19406127929688,9170600
2023-10-03,143.1999969482422,143.58999633789062,142.35000610351562,142.7100067138672,134.197265625,9431100
2023-10-04,143.19000244140625,143.47000122070312,141.92999267578125,143.35000610351562,134.79908752441406,8128700
2023-10-05,142.0399932861328,143.10000610351562,140.8300018310547,142.89999389648438,135.3674774169922,8576200
2023-10-06,142.91000366210938,145.8800048828125,142.13999938964844,145.10000610351562,137.45150756835938,10270600
2023-10-09,143.66000366210938,145.39999389648438,143.5,144.77000427246094,137.1388702392578,6964900
2023-10-10,145.4199981689453,146.77000427246094,145.27999877929688,145.64999389648438,137.97250366210938,11288800
2023-10-11,146.50999450683594,147.22999572753906,145.02000427246094,146.14999389648438,138.44615173339844,8698200
2023-10-12,146.3000030517578,146.9600067138672,145.1300048828125,145.80999755859375,138.1240692138672,10484400
2023-10-13,148.5,153.11000061035156,147.83999633789062,148.0,140.19866943359375,29427000
2023-10-16,149.4499969482422,149.52000427246094,146.72000122070312,147.85000610351562,140.05654907226562,12663500
2023-10-17,147.57000732421875,149.30999755859375,146.7899932861328,147.52999877929688,139.75344848632812,11482700
2023-10-18,146.58999633789062,147.47999572753906,145.3699951171875,145.91000366210938,138.21881103515625,9620300
2023-10-19,145.47999572753906,147.02000427246094,144.8800048828125,145.2899932861328,137.63150024414062,11143600
2023-10-20,144.57000732421875,145.13999938964844,142.1199951171875,142.9499969482422,135.41482543945312,13332900
2023-10-23,142.94000244140625,143.67999267578125,140.72999572753906,141.0,133.56764221191406,10133400
2023-10-24,141.19000244140625,141.72999572753906,140.36000061035156,141.1699981689453,133.7286834716797,8881400
2023-10-25,140.57000732421875,141.17999267578125,139.50999450683594,140.39999389648438,132.99925231933594,8242600
2023-10-26,139.75999450683594,141.6699981689453,139.42999267578125,140.75999450683594,133.3402557373047,9109400
2023-10-27,138.9499969482422,139.10000610351562,135.19000244140625,135.69000244140625,128.53750610351562,17434700
2023-10-30,136.44000244140625,138.0399932861328,136.0399932861328,137.4199981689453,130.17633056640625,9855500
2023-10-31,137.7100067138672,139.24000549316406,137.47000122070312,139.05999755859375,131.72988891601562,9672500
2023-11-01,139.25,140.52999877929688,138.47000122070312,138.94000244140625,131.61618041992188,9432000
2023-11-02,140.08999633789062,141.47999572753906,139.22999572753906,141.4199981689453,133.96548461914062,10186200
2023-11-03,142.19000244140625,143.77000427246094,141.85000610351562,143.0,135.46217346191406,9538700
2023-11-06,143.1699981689453,144.19000244140625,142.7899932861328,144.0800018310547,136.4852752685547,7625100
2023-11-07,143.50999450683594,144.25999450683594,142.82000732421875,144.00999450683594,136.4189453125,6297900
2023-11-08,144.11000061035156,144.83999633789062,143.6199951171875,144.72000122070312,137.091552734375,7618200
2023-11-09,145.44000244140625,145.64999389648438,143.6999969482422,144.2899932861328,136.68418884277344,7992500
2023-11-10,144.94000244140625,146.47999572753906,144.0800018310547,146.42999267578125,138.71141052246094,7983300
2023-11-13,145.6999969482422,146.25,145.16000366210938,145.77999877929688,138.0956268310547,6676300
2023-11-14,146.67999267578125,149.25,146.52000427246094,148.44000244140625,140.61546325683594,9927700
2023-11-15,148.4600067138672,150.16000366210938,148.4600067138672,149.74000549316406,141.846923828125,8365300
2023-11-16,150.08999633789062,151.52999877929688,150.08999633789062,151.4499969482422,143.466796875,8126200
2023-11-17,152.1999969482422,152.86000061035156,151.5399932861328,152.82000732421875,144.76458740234375,7812400
2023-11-20,152.0800018310547,153.75,151.9199981689453,153.2899932861328,145.20977783203125,7019000
2023-11-21,153.1999969482422,153.6300048828125,152.57000732421875,152.97000122070312,144.90667724609375,7083500
2023-11-22,153.41000366210938,153.8800048828125,152.89999389648438,153.3300018310547,145.24769592285156,5174500
2023-11-24,153.58999633789062,154.44000244140625,153.27999877929688,153.5399932861328,145.44662475585938,3496900
2023-11-27,153.42999267578125,153.52999877929688,152.7100067138672,153.19000244140625,145.11505126953125,6259100
2023-11-28,153.22000122070312,153.8699951171875,152.72000122070312,153.5399932861328,145.44662475585938,6582700
2023-11-29,154.1699981689453,155.6300048828125,154.0,154.32000732421875,146.18553161621094,9126100
2023-11-30,154.91000366210938,156.1300048828125,154.3800048828125,156.0800018310547,147.8527374267578,9869800
2023-12-01,155.82000732421875,157.86000061035156,155.82000732421875,156.83999633789062,148.5726776123047,8916000
2023-12-04,156.02000427246094,158.0500030517578,155.8800048828125,157.99000549316406,149.6620635986328,9607500
2023-12-05,157.25999450683594,158.5,156.97000122070312,157.97000122070312,149.6431121826172,9135600
2023-12-06,158.83999633789062,159.22000122070312,156.0,156.30999755859375,148.0706024169922,9366000
2023-12-07,156.69000244140625,157.30999755859375,156.14999389648438,156.7899932861328,148.5253143310547,8130900
2023-12-08,157.25999450683594,158.77999877929688,156.97999572753906,158.52000427246094,150.1641082763672,7369400
2023-12-11,158.52000427246094,159.3000030517578,158.14999389648438,159.10000610351562,150.71353149414062,8093900
2023-12-12,159.22999572753906,160.64999389648438,158.8800048828125,160.52000427246094,152.05870056152344,10223000
2023-12-13,160.52000427246094,162.02999877929688,159.77000427246094,161.05999755859375,152.5702362060547,12379100
2023-12-14,161.8300018310547,164.83999633789062,161.7100067138672,163.99000549316406,155.34579467773438,13643000
2023-12-15,163.0800018310547,165.27999877929688,162.38999938964844,165.22999572753906,156.5204315185547,20309300
2023-12-18,165.9199981689453,167.1300048828125,165.6300048828125,166.22999572753906,157.4676971435547,8469600
