Date,Open,High,Low,Close,Adj Close,Volume
2020-02-20,216.52000427246094,218.77000427246094,212.9499969482422,214.5800018310547,212.90921020507812,13109200
2020-02-21,213.47999572753906,214.24000549316406,208.8300018310547,210.17999267578125,208.54345703125,14092300
2020-02-24,201.8000030517578,203.64999389648438,198.1699981689453,200.72000122070312,199.15711975097656,23080100
2020-02-25,202.25,203.5,195.9499969482422,196.77000427246094,195.23788452148438,21433500
2020-02-26,197.19000244140625,201.2100067138672,195.49000549316406,197.1999969482422,195.66452026367188,16524500
2020-02-27,191.82000732421875,195.8800048828125,189.5,189.75,188.2725067138672,21682600
2020-02-28,182.6999969482422,192.74000549316406,181.82000732421875,192.47000122070312,190.97137451171875,32568900
2020-03-02,194.02999877929688,196.57000732421875,188.85000610351562,196.44000244140625,194.91046142578125,24949000
2020-03-03,196.22000122070312,197.24000549316406,183.97000122070312,185.88999938964844,184.44259643554688,27984100
2020-03-04,189.1699981689453,191.8300018310547,186.38999938964844,191.75999450683594,190.26687622070312,23062500
2020-03-05,186.77999877929688,188.99000549316406,183.88999938964844,185.1699981689453,183.7281951904297,19333400
2020-03-06,178.3300018310547,183.77999877929688,176.25999450683594,181.08999633789062,179.67999267578125,24559600
2020-03-09,169.60000610351562,175.0,165.19000244140625,169.5,168.18023681640625,29949000
2020-03-10,174.6699981689453,178.2899932861328,169.5,178.19000244140625,176.80255126953125,24517800
2020-03-11,174.00999450683594,175.8800048828125,167.66000366210938,170.24000549316406,168.91445922851562,20373900
2020-03-12,159.5399932861328,166.60000610351562,154.33999633789062,154.47000122070312,153.2672576904297,43266300
2020-03-13,163.52999877929688,170.7899932861328,157.60000610351562,170.27999877929688,168.95413208007812,35028600
2020-03-16,152.32000732421875,159.1300048828125,143.10000610351562,146.00999450683594,144.8730926513672,39120400
2020-03-17,150.74000549316406,153.94000244140625,140.0,149.4199981689453,148.25656127929688,34255600
2020-03-18,139.75,148.17999267578125,137.10000610351562,146.9600067138672,145.8157196044922,37553100
2020-03-19,146.6199951171875,159.92999267578125,144.8000030517578,153.1300048828125,151.93768310546875,39862300
2020-03-20,156.02000427246094,159.27000427246094,148.0,149.72999572753906,148.5641326904297,32568400
2020-03-23,149.66000366210938,152.30999755859375,142.25,148.10000610351562,146.9468231201172,29830800
2020-03-24,155.2100067138672,161.30999755859375,152.57000732421875,160.97999572753906,159.72654724121094,30440400
2020-03-25,158.9199981689453,162.99000549316406,153.05999755859375,156.2100067138672,154.99371337890625,35184300
2020-03-26,158.25,164.0,157.02000427246094,163.33999633789062,162.0681610107422,26556800
2020-03-27,158.1999969482422,160.08999633789062,154.75,156.7899932861328,155.5691680908203,24879900
2020-03-30,159.17999267578125,166.75,158.05999755859375,165.9499969482422,164.6578369140625,22515200
2020-03-31,165.47999572753906,170.92999267578125,164.1999969482422,166.8000030517578,165.50123596191406,23676300
2020-04-01,161.6199951171875,164.14999389648438,158.0399932861328,159.60000610351562,158.3572998046875,19507600
2020-04-02,159.10000610351562,161.35000610351562,155.9199981689453,158.19000244140625,156.95826721191406,20886300
2020-04-03,157.14999389648438,157.91000366210938,150.8300018310547,154.17999267578125,152.97950744628906,25983300
2020-04-06,160.14999389648438,166.1999969482422,158.50999450683594,165.5500030517578,164.26095581054688,28453600
2020-04-07,171.7899932861328,173.38999938964844,166.00999450683594,168.8300018310547,167.51539611816406,31411900
2020-04-08,171.25,175.0,167.74000549316406,174.27999877929688,172.92298889160156,21664200
2020-04-09,175.89999389648438,177.0800018310547,171.57000732421875,175.19000244140625,173.82589721679688,23534300
2020-04-13,173.6699981689453,175.0,169.4499969482422,174.7899932861328,173.42901611328125,19355400
2020-04-14,178.97999572753906,181.22999572753906,176.6199951171875,178.1699981689453,176.78269958496094,21011800
2020-04-15,175.19000244140625,178.19000244140625,172.82000732421875,176.97000122070312,175.59207153320312,17423000
2020-04-16,177.9499969482422,178.0500030517578,172.50999450683594,176.25,174.87765502929688,23593200
2020-04-17,179.1999969482422,180.27999877929688,176.66000366210938,179.24000549316406,177.8443603515625,20974800
2020-04-20,177.41000366210938,180.5,176.77000427246094,178.24000549316406,176.8521728515625,16110700
2020-04-21,175.25,175.3800048828125,168.33999633789062,170.8000030517578,169.47007751464844,24850500
2020-04-22,178.4499969482422,184.77999877929688,178.13999938964844,182.27999877929688,180.86070251464844,33242000
2020-04-23,184.0800018310547,187.0500030517578,183.14999389648438,185.1300048828125,183.68853759765625,21426600
2020-04-24,183.22999572753906,190.41000366210938,180.8300018310547,190.07000732421875,188.5900421142578,28792000
2020-04-27,192.66000366210938,193.75,187.41000366210938,187.5,186.0400390625,29197800
2020-04-28,188.66000366210938,189.1999969482422,182.55999755859375,182.91000366210938,181.48580932617188,21731000
2020-04-29,190.92999267578125,196.91000366210938,190.0,194.19000244140625,192.67796325683594,45954500
2020-04-30,206.9199981689453,209.69000244140625,201.57000732421875,204.7100067138672,203.11605834960938,46230100
2020-05-01,201.60000610351562,207.27999877929688,199.0500030517578,202.27000427246094,200.69505310058594,30415600
2020-05-04,200.1999969482422,205.91000366210938,198.75999450683594,205.25999450683594,203.66175842285156,19250700
2020-05-05,207.02000427246094,210.3800048828125,206.5,207.07000732421875,205.4576873779297,21071200
2020-05-06,208.1199951171875,211.60000610351562,206.66000366210938,208.47000122070312,206.8468017578125,21857000
2020-05-07,211.16000366210938,211.60000610351562,209.0399932861328,211.25999450683594,209.6150360107422,15152000
2020-05-08,212.24000549316406,213.2100067138672,210.85000610351562,212.35000610351562,210.6965789794922,12506000
2020-05-11,210.88999938964844,215.0,210.3699951171875,213.17999267578125,211.52011108398438,12911900
2020-05-12,213.2899932861328,215.27999877929688,210.0,210.10000610351562,208.4640655517578,14704600
2020-05-13,209.42999267578125,210.77999877929688,202.11000061035156,205.10000610351562,203.50302124023438,20684600
2020-05-14,202.55999755859375,206.92999267578125,200.69000244140625,206.80999755859375,205.19969177246094,17178900
2020-05-15,205.27000427246094,211.33999633789062,204.1199951171875,210.8800048828125,209.23800659179688,19383200
2020-05-18,212.14999389648438,214.63999938964844,210.94000244140625,213.19000244140625,211.53001403808594,20151900
2020-05-19,213.27000427246094,220.49000549316406,212.8300018310547,216.8800048828125,215.19126892089844,31843200
2020-05-20,223.5,231.33999633789062,223.19000244140625,229.97000122070312,228.17938232421875,50162900
2020-05-21,234.72000122070312,237.1999969482422,231.1999969482422,231.38999938964844,229.58831787109375,47782600
2020-05-22,231.50999450683594,235.99000549316406,228.74000549316406,234.91000366210938,233.08090209960938,33925600
2020-05-26,239.77000427246094,240.89999389648438,231.6699981689453,232.1999969482422,230.39199829101562,33178300
2020-05-27,229.07000732421875,230.55999755859375,221.1300048828125,229.13999938964844,227.35581970214844,34697600
2020-05-28,224.3000030517578,231.6300048828125,224.0,225.4600067138672,223.70448303222656,29377200
2020-05-29,225.1999969482422,227.49000549316406,222.8800048828125,225.08999633789062,223.3373565673828,23241500
2020-06-01,224.58999633789062,232.44000244140625,223.5,231.91000366210938,230.104248046875,18223800
2020-06-02,230.94000244140625,233.0,226.55999755859375,232.72000122070312,230.90794372558594,20919000
2020-06-03,232.11000061035156,232.64999389648438,228.52999877929688,230.16000366210938,228.367919921875,15380300
2020-06-04,229.55999755859375,231.6300048828125,224.61000061035156,226.2899932861328,224.5279998779297,17041500
2020-06-05,226.7100067138672,231.35000610351562,225.30999755859375,230.77000427246094,228.97314453125,16750400
2020-06-08,229.02999877929688,231.5500030517578,227.41000366210938,231.39999389648438,229.59823608398438,15466500
2020-06-09,231.52000427246094,239.77000427246094,230.41000366210938,238.6699981689453,236.81163024902344,27462900
2020-06-10,240.9600067138672,241.2100067138672,235.27999877929688,236.72999572753906,234.88673400878906,20720700
2020-06-11,229.94000244140625,232.88999938964844,223.5500030517578,224.42999267578125,222.68251037597656,26708200
2020-06-12,229.89999389648438,231.66000366210938,224.5,228.5800018310547,226.8001708984375,22091400
2020-06-15,225.08999633789062,233.77000427246094,224.8000030517578,232.5,230.68966674804688,15340300
2020-06-16,237.13999938964844,238.4600067138672,233.0,235.64999389648438,233.81512451171875,15236700
2020-06-17,235.0,237.58999633789062,231.72999572753906,235.52999877929688,233.69606018066406,19578100
2020-06-18,234.99000549316406,236.13999938964844,232.14999389648438,235.94000244140625,234.10289001464844,15782500
2020-06-19,237.7899932861328,240.8300018310547,235.5500030517578,238.7899932861328,236.93067932128906,30081300
2020-06-22,238.55999755859375,240.6999969482422,236.91000366210938,239.22000122070312,237.35731506347656,18917800
2020-06-23,241.27999877929688,245.19000244140625,239.86000061035156,242.24000549316406,240.3538360595703,24017900
2020-06-24,241.1999969482422,243.22000122070312,232.67999267578125,234.02000427246094,232.19781494140625,20834900
2020-06-25,234.6199951171875,237.3000030517578,232.74000549316406,235.67999267578125,233.8448944091797,18704300
2020-06-26,232.63999938964844,233.08999633789062,215.39999389648438,216.0800018310547,214.39755249023438,76343900
2020-06-29,209.75,220.75,207.11000061035156,220.63999938964844,218.9219970703125,58514300
2020-06-30,220.58999633789062,227.5,218.47000122070312,227.07000732421875,225.30194091796875,33927100
2020-07-01,228.5,239.0,227.55999755859375,237.5500030517578,235.70034790039062,43399700
2020-07-02,239.0,240.0,232.61000061035156,233.4199981689453,231.60250854492188,30633600
2020-07-06,233.75999450683594,240.39999389648438,232.27000427246094,240.27999877929688,238.40907287597656,26206200
2020-07-07,239.41000366210938,247.64999389648438,238.82000732421875,240.86000061035156,238.98458862304688,27887800
2020-07-08,238.11000061035156,246.99000549316406,236.58999633789062,243.5800018310547,241.6833953857422,29791300
2020-07-09,245.0,246.52999877929688,239.24000549316406,244.5,242.59620666503906,22174900
2020-07-10,243.69000244140625,245.49000549316406,239.32000732421875,245.07000732421875,243.16180419921875,22982700
2020-07-13,247.00999450683594,250.14999389648438,238.4199981689453,239.0,237.13906860351562,24674900
2020-07-14,236.75999450683594,240.3300018310547,232.02999877929688,239.72999572753906,237.8633575439453,23378100
2020-07-15,241.5500030517578,244.82000732421875,238.0500030517578,240.27999877929688,238.40907287597656,19133600
2020-07-16,238.0,241.75999450683594,236.3300018310547,240.92999267578125,239.05401611328125,18880700
2020-07-17,241.0,244.16000366210938,237.86000061035156,242.02999877929688,240.14547729492188,18152400
2020-07-20,240.05999755859375,246.0500030517578,235.63999938964844,245.4199981689453,243.5090789794922,20872200
2020-07-21,246.22000122070312,246.91000366210938,240.0800018310547,241.75,239.86766052246094,19364200
2020-07-22,240.25999450683594,241.89999389648438,238.1199951171875,239.8699951171875,238.0022735595703,15427900
2020-07-23,239.6300048828125,242.4199981689453,231.75,232.60000610351562,230.78890991210938,21771800
2020-07-24,230.19000244140625,233.49000549316406,226.89999389648438,230.7100067138672,228.91358947753906,18325800
2020-07-27,231.4600067138672,234.9499969482422,230.8300018310547,233.5,231.68186950683594,13163100
2020-07-28,234.6300048828125,234.9600067138672,229.8300018310547,230.1199951171875,228.3281707763672,14170100
2020-07-29,231.13999938964844,233.6999969482422,230.30999755859375,233.2899932861328,231.47352600097656,13588300
2020-07-30,230.22000122070312,234.88999938964844,229.0,234.5,232.6741180419922,20615300
2020-07-31,255.82000732421875,255.85000610351562,249.0,253.6699981689453,251.69485473632812,53005100
2020-08-03,252.64999389648438,255.39999389648438,250.3300018310547,251.9600067138672,249.99815368652344,23124900
2020-08-04,251.55999755859375,252.8000030517578,247.42999267578125,249.8300018310547,247.88473510742188,17183500
2020-08-05,250.19000244140625,252.27000427246094,247.77000427246094,249.1199951171875,247.18023681640625,13050100
2020-08-06,249.0399932861328,266.6000061035156,248.6699981689453,265.2799987792969,263.2144470214844,45241600
2020-08-07,264.0799865722656,278.8900146484375,263.42999267578125,268.44000244140625,266.3498229980469,72766400
2020-08-10,268.0400085449219,273.8599853515625,259.69000244140625,263.0,260.9521789550781,30248800
2020-08-11,260.19000244140625,265.9200134277344,255.1300048828125,256.1300048828125,254.1356658935547,28238300
2020-08-12,258.9700012207031,263.8999938964844,258.1099853515625,259.8900146484375,257.8663635253906,21415700
2020-08-13,261.54998779296875,265.1600036621094,259.57000732421875,261.29998779296875,259.26544189453125,17374000
2020-08-14,262.30999755859375,262.6499938964844,258.67999267578125,261.239990234375,259.2058410644531,14792700
2020-08-17,262.5,264.1000061035156,259.3999938964844,261.1600036621094,259.12652587890625,13351100
2020-08-18,260.95001220703125,265.1499938964844,259.260009765625,262.3399963378906,260.29730224609375,18690400
2020-08-19,261.3900146484375,267.9100036621094,261.3500061035156,262.5899963378906,260.5453796386719,23291500
2020-08-20,261.5,269.6300048828125,261.4599914550781,269.010009765625,266.9154052734375,20299700
2020-08-21,268.69000244140625,270.489990234375,266.4200134277344,267.010009765625,264.93096923828125,15538600
2020-08-24,271.07000732421875,277.25,268.7699890136719,271.3900146484375,269.27685546875,23685600
2020-08-25,272.4100036621094,283.0899963378906,270.260009765625,280.82000732421875,278.6334228515625,42127200
2020-08-26,284.0,304.6700134277344,284.0,303.9100036621094,301.54364013671875,69015200
2020-08-27,300.1600036621094,301.2300109863281,292.0199890136719,293.2200012207031,290.9368896484375,30301300
2020-08-28,295.0,297.2300109863281,290.9800109863281,293.6600036621094,291.3734436035156,17157400
2020-08-31,293.95001220703125,296.8800048828125,291.54998779296875,293.20001220703125,290.91705322265625,17345100
2020-09-01,294.7099914550781,301.489990234375,292.7099914550781,295.44000244140625,293.1395568847656,17295900
2020-09-02,298.8800048828125,303.6000061035156,293.04998779296875,302.5,300.1446533203125,24341400
2020-09-03,295.989990234375,297.6000061035156,283.6300048828125,291.1199951171875,288.85321044921875,32294100
2020-09-04,287.25,289.0,271.1400146484375,282.7300109863281,280.528564453125,30333700
2020-09-08,271.2799987792969,279.29998779296875,269.4200134277344,271.1600036621094,269.04864501953125,24864000
2020-09-09,275.7699890136719,278.4800109863281,271.3500061035156,273.7200012207031,271.5887145996094,22918800
2020-09-10,275.510009765625,279.1600036621094,267.0299987792969,268.0899963378906,266.0025634765625,24814700
2020-09-11,270.05999755859375,271.3900146484375,262.6400146484375,266.6099853515625,264.5340576171875,18913900
2020-09-14,270.95001220703125,276.6400146484375,265.70001220703125,266.1499938964844,264.07769775390625,24093800
2020-09-15,270.6700134277344,274.5199890136719,269.29998779296875,272.4200134277344,270.2988586425781,18478500
2020-09-16,267.2900085449219,272.44000244140625,261.7900085449219,263.5199890136719,261.4681091308594,29183400
2020-09-17,258.2799987792969,261.5,250.19000244140625,254.82000732421875,252.8358612060547,31281400
2020-09-18,258.3999938964844,259.20001220703125,250.0500030517578,252.52999877929688,250.56370544433594,28130800
2020-09-21,247.5399932861328,249.9499969482422,244.1300048828125,248.14999389648438,246.21778869628906,24709400
2020-09-22,253.30999755859375,255.32000732421875,248.22000122070312,254.75,252.76641845703125,30293100
2020-09-23,255.25999450683594,257.989990234375,248.14999389648438,249.02000427246094,247.0810546875,19641300
2020-09-24,246.5,252.24000549316406,245.6199951171875,249.52999877929688,247.5870819091797,20006800
2020-09-25,249.39999389648438,255.75,246.61000061035156,254.82000732421875,252.8358612060547,18351300
2020-09-28,259.3999938964844,259.6000061035156,254.82000732421875,256.82000732421875,254.82034301757812,18826300
2020-09-29,257.80999755859375,263.3299865722656,256.8999938964844,261.7900085449219,259.7515563964844,20200200
2020-09-30,261.9800109863281,266.0799865722656,260.1000061035156,261.8999938964844,259.8607482910156,20142500
2020-10-01,265.3500061035156,268.3299865722656,264.79998779296875,266.6300048828125,264.55389404296875,20009800
2020-10-02,261.2099914550781,265.1499938964844,259.17999267578125,259.94000244140625,257.916015625,16367600
2020-10-05,262.20001220703125,264.8699951171875,260.8399963378906,264.6499938964844,262.58935546875,12822300
2020-10-06,261.7799987792969,265.69000244140625,258.239990234375,258.6600036621094,256.6460266113281,18696900
2020-10-07,259.2099914550781,260.17999267578125,254.82000732421875,258.1199951171875,256.11016845703125,23133400
2020-10-08,259.75,264.6199951171875,259.1499938964844,263.760009765625,261.70623779296875,16312800
2020-10-09,264.5199890136719,264.75,262.1700134277344,264.45001220703125,262.39093017578125,14107800
2020-10-12,270.20001220703125,280.17999267578125,267.8699951171875,275.75,273.6029052734375,31019300
2020-10-13,277.5799865722656,279.1000061035156,273.3900146484375,276.1400146484375,273.9898986816406,18063300
2020-10-14,277.6199951171875,278.75,271.5,271.82000732421875,269.7034912109375,15577800
2020-10-15,267.6000061035156,269.0400085449219,263.6700134277344,266.7200012207031,264.64324951171875,15416100
2020-10-16,267.3800048828125,271.3699951171875,265.29998779296875,265.92999267578125,263.8594055175781,16622700
2020-10-19,265.5299987792969,268.54998779296875,259.8800048828125,261.3999938964844,259.3646545410156,13587000
2020-10-20,263.05999755859375,269.70001220703125,262.8800048828125,267.55999755859375,265.4766845703125,18763200
2020-10-21,279.55999755859375,283.04998779296875,276.3699951171875,278.7300109863281,276.5596923828125,28998600
2020-10-22,279.8699951171875,282.45001220703125,275.0400085449219,278.1199951171875,275.9544677734375,16720000
2020-10-23,278.79998779296875,285.239990234375,276.82000732421875,284.7900085449219,282.5725402832031,17535200
2020-10-26,283.1600036621094,285.2300109863281,274.260009765625,277.1099853515625,274.9523010253906,21322900
2020-10-27,278.760009765625,284.510009765625,276.30999755859375,283.2900085449219,281.08416748046875,16287200
2020-10-28,278.7900085449219,278.7900085449219,267.260009765625,267.6700134277344,265.5858154296875,23121800
2020-10-29,276.54998779296875,283.6000061035156,273.7799987792969,280.8299865722656,278.643310546875,32368100
2020-10-30,274.5,276.70001220703125,259.1000061035156,263.1099853515625,261.0612487792969,47247800
2020-11-02,264.6000061035156,270.4700012207031,257.3399963378906,261.3599853515625,259.3249206542969,27165700
2020-11-03,263.1600036621094,270.04998779296875,260.8800048828125,265.29998779296875,263.2342224121094,17961900
2020-11-04,281.0,288.94000244140625,278.6199951171875,287.3800048828125,285.1423645019531,35364400
2020-11-05,291.8999938964844,297.3800048828125,288.95001220703125,294.67999267578125,292.3854675292969,23823600
2020-11-06,293.95001220703125,294.6000061035156,288.05999755859375,293.4100036621094,291.1253662109375,13891000
2020-11-09,289.8699951171875,292.5799865722656,278.5299987792969,278.7699890136719,276.59942626953125,25117700
2020-11-10,273.1000061035156,274.0,264.0,272.42999267578125,270.3087463378906,29067700
2020-11-11,273.4700012207031,278.3999938964844,272.4800109863281,276.4800109863281,274.32720947265625,14957000
2020-11-12,277.17999267578125,279.75,274.42999267578125,275.0799865722656,272.93817138671875,12899500
2020-11-13,277.7200012207031,277.760009765625,273.1000061035156,276.95001220703125,274.7936096191406,10391200
2020-11-16,275.04998779296875,279.4100036621094,274.6300048828125,278.9599914550781,276.78790283203125,12970400
2020-11-17,277.67999267578125,277.67999267578125,273.2900085449219,275.0,272.8587341308594,15040300
2020-11-18,274.5199890136719,277.3900146484375,271.8399963378906,271.9700012207031,269.85235595703125,12152900
2020-11-19,271.0199890136719,273.4700012207031,269.19000244140625,272.94000244140625,270.8148193359375,12963700
2020-11-20,272.55999755859375,273.0,269.4100036621094,269.70001220703125,267.6000061035156,18114700
2020-11-23,270.8900146484375,270.95001220703125,264.5299987792969,268.42999267578125,266.33990478515625,20990800
2020-11-24,268.489990234375,277.82000732421875,267.8699951171875,276.9200134277344,274.7637634277344,16930400
2020-11-25,278.1400146484375,280.17999267578125,272.6499938964844,275.5899963378906,273.4441833496094,12467000
2020-11-27,277.3900146484375,279.1300048828125,274.82000732421875,277.80999755859375,275.6468811035156,7808400
2020-11-30,276.0299987792969,277.70001220703125,271.010009765625,276.9700012207031,274.81341552734375,16693300
2020-12-01,279.1600036621094,289.29998779296875,278.9599914550781,286.54998779296875,284.31878662109375,20738900
2020-12-02,285.3599853515625,291.7799987792969,280.8299865722656,287.5199890136719,285.2812805175781,17361600
2020-12-03,286.25,286.6499938964844,281.07000732421875,281.8500061035156,279.6554260253906,12921700
2020-12-04,280.29998779296875,283.4599914550781,279.29998779296875,279.70001220703125,277.52215576171875,10880300
2020-12-07,279.19000244140625,288.489990234375,278.20001220703125,285.5799865722656,283.3563537597656,13007700
2020-12-08,286.010009765625,286.42999267578125,281.54998779296875,283.3999938964844,281.1933288574219,10747700
2020-12-09,283.6600036621094,287.6300048828125,271.75,277.9200134277344,275.7559814453125,25189700
2020-12-10,275.5400085449219,278.7300109863281,271.8599853515625,277.1199951171875,274.96221923828125,20065100
2020-12-11,274.5299987792969,276.4800109863281,270.25,273.54998779296875,271.4200439453125,14391400
2020-12-14,273.3699951171875,277.2200012207031,271.55999755859375,274.19000244140625,272.0550231933594,16376900
2020-12-15,274.8299865722656,276.0799865722656,267.4700012207031,275.54998779296875,273.4044494628906,23979500
2020-12-16,274.760009765625,277.8599853515625,272.510009765625,275.6700134277344,273.5235595703125,15885000
2020-12-17,277.07000732421875,280.44000244140625,273.6099853515625,274.4800109863281,272.3428039550781,16377800
2020-12-18,275.7699890136719,278.0,271.1400146484375,276.3999938964844,274.24786376953125,26693200
2020-12-21,272.9800109863281,274.6700134277344,267.7900085449219,272.7900085449219,270.6659851074219,16553700
2020-12-22,271.5,271.5,264.6300048828125,267.0899963378906,265.0103454589844,17312900
2020-12-23,266.8900146484375,272.1700134277344,266.2300109863281,268.1099853515625,266.02239990234375,14329000
2020-12-24,268.8800048828125,270.3999938964844,266.20001220703125,267.3999938964844,265.31793212890625,6702000
2020-12-28,268.739990234375,277.29998779296875,265.6600036621094,277.0,274.8431396484375,23299700
2020-12-29,276.95001220703125,280.510009765625,276.2799987792969,276.7799987792969,274.6248779296875,16383000
2020-12-30,277.95001220703125,278.0799865722656,271.7099914550781,271.8699951171875,269.7531433105469,11803800
2020-12-31,272.0,277.0899963378906,269.80999755859375,273.1600036621094,271.0330810546875,12900400
2021-01-04,274.7799987792969,275.0,265.20001220703125,268.94000244140625,266.84588623046875,15106100
2021-01-05,268.2900085449219,272.3999938964844,268.2099914550781,270.9700012207031,268.8601379394531,9871600
2021-01-06,262.0,267.75,260.010009765625,263.30999755859375,261.259765625,24354100
2021-01-07,265.8999938964844,271.6099853515625,264.7799987792969,268.739990234375,266.6474609375,15789800
2021-01-08,268.30999755859375,268.95001220703125,263.17999267578125,267.57000732421875,265.486572265625,18528300
2021-01-11,260.4800109863281,263.4700012207031,255.89999389648438,256.8399963378906,254.8401641845703,30412300
2021-01-12,256.6300048828125,259.7200012207031,250.3000030517578,251.08999633789062,249.13491821289062,26383500
2021-01-13,251.5500030517578,253.9499969482422,249.1999969482422,251.63999938964844,249.68063354492188,19528900
2021-01-14,253.39999389648438,255.02999877929688,244.61000061035156,245.63999938964844,243.7273406982422,29739400
2021-01-15,247.89999389648438,253.86000061035156,247.16000366210938,251.36000061035156,249.40283203125,24942900
2021-01-19,256.8999938964844,262.20001220703125,252.72000122070312,261.1000061035156,259.06695556640625,28028500
2021-01-20,268.92999267578125,270.32000732421875,263.6000061035156,267.4800109863281,265.3973083496094,25199900
2021-01-21,269.260009765625,273.6000061035156,267.489990234375,272.8699951171875,270.74530029296875,20838700
2021-01-22,272.010009765625,278.4700012207031,272.0,274.5,272.3626403808594,21954000
2021-01-25,278.1400146484375,280.1000061035156,271.510009765625,278.010009765625,275.8453369140625,19087000
2021-01-26,278.1400146484375,285.3900146484375,277.80999755859375,282.04998779296875,279.8538818359375,19373600
2021-01-27,282.5299987792969,283.45001220703125,268.1199951171875,272.1400146484375,270.02099609375,35346200
2021-01-28,277.17999267578125,286.7900085449219,264.70001220703125,265.0,262.9366149902344,37758800
2021-01-29,265.29998779296875,266.55999755859375,254.85000610351562,258.3299865722656,256.31854248046875,30389500
2021-02-01,259.5199890136719,264.1700134277344,254.91000366210938,262.010009765625,259.96990966796875,22914300
2021-02-02,264.0,268.8500061035156,263.2699890136719,267.0799865722656,265.0003967285156,17320800
2021-02-03,265.6199951171875,269.20001220703125,263.8399963378906,266.6499938964844,264.5737609863281,14223400
2021-02-04,267.010009765625,268.1600036621094,264.0,266.489990234375,264.41497802734375,16060000
2021-02-05,266.79998779296875,269.1700134277344,265.6700134277344,268.1000061035156,266.012451171875,12454400
2021-02-08,268.75,269.8599853515625,265.0,266.5799865722656,264.50433349609375,13755200
2021-02-09,266.44000244140625,273.3900146484375,265.75,269.45001220703125,267.3519592285156,14613400
2021-02-10,272.45001220703125,273.79998779296875,267.7200012207031,271.8699951171875,269.7531433105469,14687200
2021-02-11,271.8900146484375,273.5799865722656,268.489990234375,270.3900146484375,268.28460693359375,12828600
2021-02-12,270.5199890136719,271.17999267578125,268.3399963378906,270.5,268.3937683105469,9097600
2021-02-16,270.79998779296875,276.6000061035156,270.04998779296875,273.9700012207031,271.8367614746094,15417200
2021-02-17,271.239990234375,273.9700012207031,269.5799865722656,273.57000732421875,271.43988037109375,12763200
2021-02-18,269.57000732421875,271.95001220703125,266.0299987792969,269.3900146484375,267.2923889160156,15249100
2021-02-19,269.8599853515625,270.2699890136719,260.1499938964844,261.55999755859375,259.5234069824219,25622600
2021-02-22,257.95001220703125,263.07000732421875,257.5299987792969,260.3299865722656,258.3030090332031,17434900
2021-02-23,259.5,267.4599914550781,254.9600067138672,265.8599853515625,263.7899169921875,21924600
2021-02-24,262.3299865722656,266.3800048828125,258.3900146484375,264.30999755859375,262.2519836425781,15736100
2021-02-25,262.29998779296875,266.94000244140625,254.0399932861328,254.69000244140625,252.70689392089844,19053100
2021-02-26,256.4700012207031,265.54998779296875,256.4700012207031,257.6199951171875,255.6140899658203,26619500
2021-03-01,260.82000732421875,266.6499938964844,257.8999938964844,264.9100036621094,262.8473205566406,22157300
2021-03-02,265.7799987792969,266.7099914550781,258.6499938964844,259.0,256.98333740234375,15191700
2021-03-03,260.2900085449219,260.989990234375,255.10000610351562,255.41000366210938,253.42127990722656,15513500
2021-03-04,256.4700012207031,266.489990234375,253.5,257.6400146484375,255.63394165039062,31626500
2021-03-05,260.6700134277344,265.45001220703125,255.61000061035156,264.2799987792969,262.2221984863281,26820100
2021-03-08,265.54998779296875,265.5799865722656,255.0500030517578,255.30999755859375,253.32203674316406,18391800
2021-03-09,261.17999267578125,268.5299987792969,259.80999755859375,265.739990234375,263.6708679199219,22039700
2021-03-10,268.6400146484375,268.9700012207031,262.8699951171875,264.8999938964844,262.83734130859375,14210300
2021-03-11,268.1099853515625,277.8999938964844,267.82000732421875,273.8800048828125,271.74749755859375,21834000
2021-03-12,269.1400146484375,269.739990234375,264.0199890136719,268.3999938964844,266.3101501464844,20600200
2021-03-15,269.0799865722656,275.9599914550781,268.5,273.75,271.61846923828125,16844800
2021-03-16,276.0799865722656,282.1400146484375,274.79998779296875,279.2799987792969,277.1053771972656,22437700
2021-03-17,275.7099914550781,286.2300109863281,275.4100036621094,284.010009765625,281.7986145019531,21315000
2021-03-18,279.8699951171875,285.19000244140625,278.2799987792969,278.6199951171875,276.45062255859375,18728300
2021-03-19,281.2200012207031,292.79998779296875,281.20001220703125,290.1099853515625,287.85107421875,38930500
2021-03-22,290.45001220703125,299.7099914550781,286.75,293.5400085449219,291.25439453125,28273100
2021-03-23,293.1499938964844,298.0,289.80999755859375,290.6300048828125,288.36700439453125,23000900
2021-03-24,291.0,291.7200012207031,281.1600036621094,282.1400146484375,279.9431457519531,18675000
2021-03-25,280.9800109863281,288.05999755859375,277.75,278.739990234375,276.56964111328125,24505600
2021-03-26,278.29998779296875,284.5,277.7699890136719,283.0199890136719,280.8162841796875,17629200
2021-03-29,285.7699890136719,293.17999267578125,284.70001220703125,290.82000732421875,288.5555419921875,21718800
2021-03-30,289.8299865722656,292.4700012207031,286.70001220703125,288.0,285.7575378417969,17474500
2021-03-31,289.989990234375,296.5,288.6099853515625,294.5299987792969,292.2366943359375,19498200
2021-04-01,298.3999938964844,302.3999938964844,296.6000061035156,298.6600036621094,296.3345031738281,17616000
2021-04-05,300.8900146484375,310.7699890136719,300.67999267578125,308.9100036621094,306.5047302246094,28237000
2021-04-06,308.8399963378906,311.3500061035156,305.25,306.260009765625,303.8753662109375,17335200
2021-04-07,306.3399963378906,314.25,305.5,313.0899963378906,310.65216064453125,22855200
2021-04-08,314.8500061035156,315.8800048828125,310.04998779296875,313.0199890136719,310.58270263671875,20894100
2021-04-09,311.3999938964844,314.739990234375,310.3299865722656,312.4599914550781,310.027099609375,15988600
2021-04-12,311.04998779296875,312.1499938964844,307.92999267578125,311.5400085449219,309.1142578125,10881900
2021-04-13,312.2099914550781,314.42999267578125,309.32000732421875,309.760009765625,307.34808349609375,14036900
2021-04-14,307.29998779296875,308.0299987792969,301.95001220703125,302.82000732421875,300.462158203125,17421400
2021-04-15,306.3399963378906,310.1400146484375,304.1000061035156,307.82000732421875,305.42315673828125,14558300
2021-04-16,308.1700134277344,308.95001220703125,304.6099853515625,306.17999267578125,303.7959289550781,13059200
2021-04-19,305.010009765625,307.70001220703125,300.55999755859375,302.239990234375,299.88665771484375,14553500
2021-04-20,301.989990234375,305.1000061035156,297.2099914550781,302.6499938964844,300.2934875488281,16796400
2021-04-21,301.95001220703125,301.9800109863281,297.3900146484375,301.4700012207031,299.1226806640625,14863500
2021-04-22,301.3299865722656,302.9200134277344,296.0400085449219,296.5199890136719,294.2111511230469,16375400
2021-04-23,298.760009765625,302.5899963378906,297.1499938964844,301.1300048828125,298.7852783203125,17536800
2021-04-26,303.3399963378906,305.79998779296875,301.55999755859375,303.0400085449219,300.680419921875,16172600
2021-04-27,304.2799987792969,305.3399963378906,301.1099853515625,303.57000732421875,301.2062683105469,15309300
2021-04-28,307.3599853515625,310.9200134277344,305.3699951171875,307.1000061035156,304.70880126953125,33907200
2021-04-29,330.1199951171875,331.80999755859375,321.6099853515625,329.510009765625,326.9443359375,56526800
2021-04-30,326.1400146484375,329.82000732421875,324.5,325.0799865722656,322.5487976074219,26332400
2021-05-03,326.1700134277344,328.54998779296875,321.8399963378906,322.5799865722656,320.0682678222656,18719500
2021-05-04,320.0199890136719,322.19000244140625,313.1199951171875,318.3599853515625,315.8811340332031,24032600
2021-05-05,318.19000244140625,321.05999755859375,314.489990234375,315.0199890136719,312.5671081542969,15577600
2021-05-06,314.5199890136719,320.239990234375,313.2699890136719,320.0199890136719,317.5281677246094,19012200
2021-05-07,322.3800048828125,322.94000244140625,318.75,319.0799865722656,316.5954895019531,15916700
2021-05-10,314.3500061035156,314.5799865722656,304.8299865722656,305.9700012207031,303.5876159667969,24239200
2021-05-11,300.75,306.8399963378906,299.69000244140625,306.5299987792969,304.1432189941406,18920100
2021-05-12,301.1300048828125,304.9599914550781,298.19000244140625,302.54998779296875,300.1942443847656,24645500
2021-05-13,306.0799865722656,308.8599853515625,302.7699890136719,305.260009765625,302.8830871582031,18079200
2021-05-14,309.5400085449219,316.8500061035156,309.0799865722656,315.94000244140625,313.47998046875,19245700
2021-05-17,313.54998779296875,315.67999267578125,311.5799865722656,315.4599914550781,313.0036926269531,15401300
2021-05-18,315.5899963378906,316.5,309.80999755859375,309.9599914550781,307.5465087890625,14522400
2021-05-19,304.19000244140625,314.6600036621094,303.57000732421875,313.5899963378906,311.1482238769531,19106200
2021-05-20,313.5799865722656,319.25,313.1600036621094,318.6099853515625,316.129150390625,17320200
2021-05-21,319.2900085449219,319.92999267578125,315.80999755859375,316.2300109863281,313.7677307128906,13600900
2021-05-24,318.2099914550781,325.95001220703125,318.0299987792969,324.6300048828125,322.102294921875,16445400
2021-05-25,327.0799865722656,329.17999267578125,324.79998779296875,327.7900085449219,325.2377014160156,16437000
2021-05-26,328.3500061035156,329.8299865722656,325.82000732421875,327.6600036621094,325.1087341308594,9686900
2021-05-27,328.0,333.7799987792969,326.760009765625,332.75,330.1590881347656,20477700
2021-05-28,331.0,332.8699951171875,328.3299865722656,328.7300109863281,326.17041015625,12037400
2021-06-01,330.1499938964844,331.4200134277344,326.6400146484375,329.1300048828125,326.5672607421875,11765900
2021-06-02,330.3800048828125,331.8699951171875,327.1199951171875,329.1499938964844,326.58709716796875,11654300
2021-06-03,325.7799987792969,327.3800048828125,323.4800109863281,326.0400085449219,323.5013122558594,12610800
2021-06-04,325.8999938964844,332.4599914550781,325.17999267578125,330.3500061035156,327.7778015136719,13289400
2021-06-07,329.4800109863281,337.69000244140625,328.92999267578125,336.5799865722656,333.9592590332031,20136700
2021-06-08,336.70001220703125,338.29998779296875,332.239990234375,333.67999267578125,331.0818176269531,14580500
2021-06-09,335.739990234375,336.79998779296875,330.0,330.25,327.6785888671875,13727900
2021-06-10,330.7900085449219,333.94000244140625,328.54998779296875,332.4599914550781,329.8713073730469,13240200
2021-06-11,332.5799865722656,332.8299865722656,328.92999267578125,331.260009765625,328.6806945800781,13587900
2021-06-14,331.8999938964844,336.82000732421875,329.80999755859375,336.7699890136719,334.1477966308594,12250800
2021-06-15,336.989990234375,339.9200134277344,335.0299987792969,336.75,334.1279296875,15795200
2021-06-16,336.70001220703125,337.54998779296875,328.7200012207031,331.0799865722656,328.5021057128906,17232200
2021-06-17,330.489990234375,337.9800109863281,330.1499938964844,336.510009765625,333.8898620605469,17794100
2021-06-18,334.5299987792969,336.1499938964844,329.0,329.6600036621094,327.0931396484375,23039500
2021-06-21,331.0899963378906,332.9200134277344,327.6499938964844,332.2900085449219,329.7026672363281,11337500
2021-06-22,332.69000244140625,339.9200134277344,332.6000061035156,339.0299987792969,336.39019775390625,15345300
2021-06-23,339.3500061035156,343.4200134277344,338.20001220703125,340.5899963378906,337.93798828125,14817800
2021-06-24,341.8500061035156,344.8999938964844,341.7900085449219,343.17999267578125,340.5079040527344,12329100
2021-06-25,342.5899963378906,344.1199951171875,339.67999267578125,341.3699951171875,338.7119140625,14594400
2021-06-28,342.4599914550781,358.1400146484375,341.7699890136719,355.6400146484375,352.8708801269531,29156100
2021-06-29,356.2699890136719,356.739990234375,349.04998779296875,351.8900146484375,349.1500549316406,21417300
2021-06-30,352.1700134277344,352.9200134277344,347.1700134277344,347.7099914550781,345.0025939941406,15107500
2021-07-01,346.82000732421875,354.6700134277344,346.5,354.3900146484375,351.630615234375,17137000
2021-07-02,355.1000061035156,356.44000244140625,352.6199951171875,354.70001220703125,351.9381408691406,11521300
2021-07-06,356.5,358.7900085449219,349.17999267578125,352.7799987792969,350.03314208984375,13488500
2021-07-07,355.260009765625,356.489990234375,350.0,350.489990234375,347.760986328125,14218900
2021-07-08,345.7300109863281,348.3299865722656,342.55999755859375,345.6499938964844,342.9586181640625,14406500
2021-07-09,345.32000732421875,350.7099914550781,345.2699890136719,350.4200134277344,347.6915283203125,13018700
2021-07-12,351.2300109863281,354.19000244140625,349.6400146484375,353.1600036621094,350.4101867675781,10018600
2021-07-13,351.5,358.489990234375,348.79998779296875,352.0899963378906,349.3485107421875,11456000
2021-07-14,354.55999755859375,355.20001220703125,346.7300109863281,347.6300048828125,344.9232482910156,13894200
2021-07-15,349.2300109863281,349.2300109863281,340.2200012207031,344.4599914550781,341.7778625488281,14781600
2021-07-16,344.9100036621094,345.989990234375,340.1400146484375,341.1600036621094,338.5036315917969,11026100
2021-07-19,337.57000732421875,339.7900085449219,334.5400085449219,336.95001220703125,334.326416015625,14372300
2021-07-20,338.79998779296875,343.45001220703125,334.5,341.6600036621094,338.9997253417969,11024300
2021-07-21,341.5,346.5199890136719,341.25,346.2300109863281,343.53411865234375,9279700
2021-07-22,346.67999267578125,351.5400085449219,345.2099914550781,351.19000244140625,348.45550537109375,12385400
2021-07-23,360.9100036621094,375.3299865722656,357.19000244140625,369.7900085449219,366.91064453125,33694300
2021-07-26,369.5799865722656,374.44000244140625,368.2200012207031,372.4599914550781,369.55987548828125,14925200
2021-07-27,371.9100036621094,373.1499938964844,364.54998779296875,367.80999755859375,364.9461364746094,15705400
2021-07-28,374.55999755859375,377.54998779296875,366.92999267578125,373.2799987792969,370.3735046386719,29676900
2021-07-29,361.0,365.5199890136719,356.739990234375,358.32000732421875,355.52996826171875,33413200
2021-07-30,354.0,360.7300109863281,352.94000244140625,356.29998779296875,353.52569580078125,15976200
2021-08-02,358.1000061035156,359.3999938964844,350.739990234375,351.95001220703125,349.20965576171875,13180400
2021-08-03,352.7300109863281,353.7699890136719,347.70001220703125,351.239990234375,348.5050964355469,12406100
2021-08-04,352.4200134277344,360.4800109863281,351.510009765625,358.9200134277344,356.1253356933594,14180600
2021-08-05,359.6400146484375,363.8999938964844,356.8999938964844,362.9700012207031,360.1438293457031,10247200
2021-08-06,361.3999938964844,365.1499938964844,361.3999938964844,363.510009765625,360.6795959472656,8925000
2021-08-09,363.760009765625,365.7799987792969,360.75,361.6099853515625,358.79437255859375,7798900
2021-08-10,361.8299865722656,364.1000061035156,359.0400085449219,361.1300048828125,358.318115234375,7469900
2021-08-11,362.1000061035156,362.3599853515625,357.80999755859375,359.9599914550781,357.1572265625,8400300
2021-08-12,358.45001220703125,363.0,357.1099853515625,362.6499938964844,359.8262939453125,7170700
2021-08-13,362.9700012207031,364.6600036621094,361.4800109863281,363.17999267578125,360.35211181640625,7195700
2021-08-16,362.5199890136719,366.95001220703125,357.3800048828125,366.55999755859375,363.705810546875,11222100
2021-08-17,362.9800109863281,364.6700134277344,355.07000732421875,358.45001220703125,355.65899658203125,12328700
2021-08-18,356.25,359.8599853515625,355.1499938964844,355.45001220703125,352.6823425292969,10042400
2021-08-19,351.3500061035156,357.57000732421875,351.0,355.1199951171875,352.35491943359375,12004500
2021-08-20,354.6000061035156,359.989990234375,353.30999755859375,359.3699951171875,356.57177734375,8697700
2021-08-23,359.44000244140625,365.69000244140625,359.1000061035156,363.3500061035156,360.5208435058594,10942000
2021-08-24,363.6600036621094,367.9599914550781,361.8399963378906,365.510009765625,362.66400146484375,9235100
2021-08-25,365.6000061035156,370.8599853515625,365.3999938964844,368.3900146484375,365.5216064453125,9684500
2021-08-26,368.3800048828125,369.44000244140625,364.1300048828125,364.3800048828125,361.54278564453125,7888700
2021-08-27,365.1000061035156,373.739990234375,364.0799865722656,372.6300048828125,369.7286071777344,11219100
2021-08-30,372.55999755859375,381.489990234375,370.5199890136719,380.6600036621094,377.6960754394531,13547300
2021-08-31,379.95001220703125,382.760009765625,378.79998779296875,379.3800048828125,376.426025390625,12345400
2021-09-01,379.5899963378906,384.3299865722656,378.80999755859375,382.04998779296875,379.0751647949219,11567200
2021-09-02,381.5,381.75,374.05999755859375,375.2799987792969,372.35791015625,14832900
2021-09-03,374.75,377.1600036621094,373.1099853515625,376.260009765625,373.330322265625,7509600
2021-09-07,375.8800048828125,382.9599914550781,373.1499938964844,382.17999267578125,379.2042236328125,10793800
2021-09-08,380.1600036621094,380.8699951171875,374.7900085449219,377.57000732421875,374.6300964355469,11067200
2021-09-09,377.6400146484375,379.8299865722656,376.57000732421875,378.0,375.0567321777344,9098900
2021-09-10,381.3599853515625,383.7900085449219,378.260009765625,378.69000244140625,375.7414245605469,11549600
2021-09-13,381.67999267578125,381.75,374.3500061035156,376.510009765625,373.5783996582031,13026300
2021-09-14,377.3999938964844,378.5899963378906,375.1099853515625,376.5299987792969,373.5981750488281,8711600
2021-09-15,377.0,377.55999755859375,367.6700134277344,373.9200134277344,371.0085754394531,17940300
2021-09-16,372.7900085449219,373.55999755859375,369.7099914550781,373.05999755859375,370.15521240234375,11934200
2021-09-17,371.4100036621094,371.4100036621094,361.5899963378906,364.7200012207031,361.8801574707031,26299000
2021-09-20,359.29998779296875,361.0299987792969,349.79998779296875,355.70001220703125,352.93035888671875,19822800
2021-09-21,358.5,360.0400085449219,355.19000244140625,357.4800109863281,354.69659423828125,11751900
2021-09-22,347.2300109863281,349.8399963378906,340.69000244140625,343.2099914550781,340.53765869140625,43692900
2021-09-23,345.3599853515625,349.6700134277344,343.0,345.9599914550781,343.2662048339844,21806300
2021-09-24,343.239990234375,354.3500061035156,342.3699951171875,352.9599914550781,350.2117004394531,18801900
2021-09-27,349.80999755859375,355.1499938964844,347.0799865722656,353.5799865722656,350.826904296875,15205800
2021-09-28,347.9700012207031,349.6000061035156,338.9200134277344,340.6499938964844,337.99755859375,21710300
2021-09-29,343.1499938964844,345.2300109863281,338.8800048828125,339.6099853515625,336.9656982421875,14452200
2021-09-30,340.45001220703125,342.79998779296875,338.1499938964844,339.3900146484375,336.7474060058594,16547100
2021-10-01,341.6099853515625,345.0199890136719,338.6400146484375,343.010009765625,340.3392028808594,14905300
2021-10-04,335.5299987792969,335.94000244140625,322.70001220703125,326.2300109863281,323.6898498535156,42885000
2021-10-05,328.5799865722656,335.17999267578125,326.1600036621094,332.9599914550781,330.3674011230469,35377900
2021-10-06,329.739990234375,334.3800048828125,325.79998779296875,333.6400146484375,331.04217529296875,26443000
2021-10-07,337.0,338.8399963378906,328.9800109863281,329.2200012207031,326.6566162109375,28307500
2021-10-08,331.510009765625,333.3999938964844,328.7099914550781,330.04998779296875,327.4801025390625,15946100
2021-10-11,327.6300048828125,330.4599914550781,325.30999755859375,325.45001220703125,322.91595458984375,14708200
2021-10-12,323.0299987792969,324.3800048828125,317.3699951171875,323.7699890136719,321.2489929199219,31658700
2021-10-13,326.9700012207031,327.0,322.6600036621094,324.5400085449219,322.01300048828125,14761500
2021-10-14,328.3599853515625,330.5199890136719,327.1000061035156,328.5299987792969,325.97198486328125,14302200
2021-10-15,328.67999267578125,329.07000732421875,322.510009765625,324.760009765625,322.2312927246094,21596400
2021-10-18,328.95001220703125,335.8900146484375,327.5,335.3399963378906,332.72894287109375,21585000
2021-10-19,339.6499938964844,342.4599914550781,337.2799987792969,339.989990234375,337.34271240234375,18786300
2021-10-20,343.45001220703125,343.9800109863281,339.45001220703125,340.7799987792969,338.1265869140625,13639500
2021-10-21,340.2799987792969,342.30999755859375,337.79998779296875,341.8800048828125,339.2179870605469,16354400
2021-10-22,326.3500061035156,329.6300048828125,321.1099853515625,324.6099853515625,322.0824279785156,35224500
2021-10-25,320.29998779296875,329.55999755859375,319.7200012207031,328.69000244140625,326.1307067871094,38409000
2021-10-26,328.260009765625,330.2099914550781,309.6000061035156,315.80999755859375,313.3509521484375,65654000
2021-10-27,314.19000244140625,319.25,312.05999755859375,312.2200012207031,309.7889709472656,29971800
2021-10-28,312.989990234375,325.5199890136719,308.1099853515625,316.9200134277344,314.452392578125,50806800
2021-10-29,320.19000244140625,326.0,319.6000061035156,323.57000732421875,321.0505065917969,37059400
2021-11-01,326.0400085449219,333.45001220703125,326.0,329.9800109863281,327.41064453125,31518900
2021-11-02,331.3800048828125,334.7900085449219,323.79998779296875,328.0799865722656,325.5254211425781,28353000
2021-11-03,327.489990234375,332.1499938964844,323.20001220703125,331.6199951171875,329.037841796875,20786500
2021-11-04,334.010009765625,337.2699890136719,332.6499938964844,335.8500061035156,333.2349548339844,22495300
2021-11-05,340.30999755859375,346.7900085449219,339.6400146484375,341.1300048828125,338.473876953125,26872800
2021-11-08,344.4200134277344,344.7900085449219,338.3399963378906,338.6199951171875,335.9833984375,18342500
2021-11-09,340.0,341.30999755859375,334.4700012207031,335.3699951171875,332.75872802734375,17556700
2021-11-10,332.489990234375,333.19000244140625,325.510009765625,327.6400146484375,325.0888977050781,21872600
2021-11-11,329.82000732421875,332.4599914550781,327.0,327.739990234375,325.1880798339844,12376600
2021-11-12,330.17999267578125,341.8599853515625,329.7799987792969,340.8900146484375,338.2356872558594,25414300
2021-11-15,344.3399963378906,353.6499938964844,343.20001220703125,347.55999755859375,344.85382080078125,25076600
2021-11-16,343.8299865722656,346.6499938964844,340.8699951171875,342.9599914550781,340.28955078125,18181100
2021-11-17,344.239990234375,347.29998779296875,340.1000061035156,340.7699890136719,338.1165771484375,13602800
2021-11-18,339.7200012207031,342.4599914550781,335.29998779296875,338.69000244140625,336.0528259277344,17487200
2021-11-19,342.20001220703125,352.1000061035156,339.8999938964844,345.29998779296875,342.61138916015625,26488500
2021-11-22,349.04998779296875,353.8299865722656,340.510009765625,341.010009765625,338.354736328125,27116800
2021-11-23,338.92999267578125,341.3999938964844,333.5,337.25,334.6240234375,17225000
2021-11-24,336.0,341.7799987792969,332.80999755859375,341.05999755859375,338.4044189453125,13566200
2021-11-26,335.79998779296875,337.75,331.8999938964844,333.1199951171875,330.5262145996094,14750700
2021-11-29,336.8900146484375,340.6700134277344,335.30999755859375,338.0299987792969,335.3979797363281,16650900
2021-11-30,335.0,335.80999755859375,323.42999267578125,324.4599914550781,321.9336242675781,25390000
2021-12-01,330.2900085449219,330.5,310.2900085449219,310.6000061035156,308.1815490722656,30329600
2021-12-02,311.3999938964844,314.6000061035156,307.20001220703125,310.3900146484375,307.9732666015625,24396200
2021-12-03,313.7300109863281,313.75,299.5,306.8399963378906,304.4508056640625,27471000
2021-12-06,308.1300048828125,320.1000061035156,306.3399963378906,317.8699951171875,315.39495849609375,21758300
2021-12-07,321.57000732421875,326.5400085449219,321.0,322.80999755859375,320.2965087890625,18794000
2021-12-08,325.0,332.75,323.07000732421875,330.55999755859375,327.98614501953125,19937700
2021-12-09,329.5400085449219,336.1300048828125,328.0,329.82000732421875,327.25189208984375,16879200
2021-12-10,332.55999755859375,335.0299987792969,326.3699951171875,329.75,327.18243408203125,14528000
2021-12-13,330.95001220703125,341.0899963378906,329.5899963378906,334.489990234375,331.885498046875,22948700
2021-12-14,328.04998779296875,335.70001220703125,327.6499938964844,333.739990234375,331.141357421875,20461000
2021-12-15,332.489990234375,342.1099853515625,323.9800109863281,341.6600036621094,338.9997253417969,24681300
2021-12-16,338.9800109863281,344.4599914550781,333.739990234375,334.8999938964844,332.2923583984375,22635000
2021-12-17,332.79998779296875,337.1099853515625,330.75,333.7900085449219,331.1910095214844,40012600
2021-12-20,329.7799987792969,329.8999938964844,322.5299987792969,325.45001220703125,322.91595458984375,17901800
2021-12-21,326.4100036621094,336.0,323.75,334.20001220703125,331.5977783203125,16116800
2021-12-22,333.79998779296875,334.510009765625,328.260009765625,330.45001220703125,327.87701416015625,16764600
2021-12-23,330.1000061035156,336.6700134277344,328.3599853515625,335.239990234375,332.629638671875,13987700
2021-12-27,338.8500061035156,347.8699951171875,338.010009765625,346.17999267578125,343.4844970703125,17795000
2021-12-28,346.6300048828125,352.7099914550781,345.20001220703125,346.2200012207031,343.524169921875,16637600
2021-12-29,346.9100036621094,349.69000244140625,341.6400146484375,342.94000244140625,340.2697448730469,10747000
2021-12-30,344.0,347.2300109863281,343.2200012207031,344.3599853515625,341.67864990234375,10593300
2021-12-31,343.0199890136719,343.44000244140625,336.2699890136719,336.3500061035156,333.73101806640625,12870500
2022-01-03,338.29998779296875,341.0799865722656,337.19000244140625,338.5400085449219,335.90399169921875,14537900
2022-01-04,339.95001220703125,343.0899963378906,331.8699951171875,336.5299987792969,333.9096374511719,15998000
2022-01-05,333.0199890136719,335.760009765625,323.8399963378906,324.1700134277344,321.6459045410156,20564500
2022-01-06,322.82000732421875,339.1700134277344,322.7200012207031,332.4599914550781,329.8713073730469,27962800
2022-01-07,332.739990234375,337.0,328.8800048828125,331.7900085449219,329.20654296875,14722000
2022-01-10,325.30999755859375,328.3399963378906,315.42999267578125,328.07000732421875,325.5155334472656,24942400
2022-01-11,326.7799987792969,334.6300048828125,325.2799987792969,334.3699951171875,331.7664794921875,16226800
2022-01-12,335.17999267578125,336.3699951171875,330.0299987792969,333.260009765625,330.6651611328125,14104900
2022-01-13,334.9800109863281,335.6300048828125,325.760009765625,326.4800109863281,323.9379577636719,14797100
2022-01-14,321.7900085449219,332.7300109863281,321.2099914550781,331.8999938964844,329.315673828125,16868500
2022-01-18,323.2900085449219,324.2099914550781,317.6400146484375,318.1499938964844,315.6727600097656,22645600
2022-01-19,319.5799865722656,327.1000061035156,319.3299865722656,319.5899963378906,317.1015319824219,20814700
2022-01-20,323.8999938964844,327.82000732421875,315.9800109863281,316.55999755859375,314.0951232910156,16925000
2022-01-21,314.80999755859375,318.30999755859375,303.0400085449219,303.1700134277344,300.8094177246094,28710700
2022-01-24,297.8399963378906,309.5299987792969,289.010009765625,308.7099914550781,306.3062744140625,38878100
2022-01-25,299.95001220703125,306.2300109863281,297.5799865722656,300.1499938964844,297.8128967285156,25108500
2022-01-26,307.010009765625,307.510009765625,290.8500061035156,294.6300048828125,292.3359375,28348800
2022-01-27,297.75,301.7099914550781,294.260009765625,294.6400146484375,292.3458251953125,21629900
2022-01-28,295.6199951171875,301.8999938964844,293.0299987792969,301.7099914550781,299.36077880859375,21871600
2022-01-31,300.67999267578125,313.7900085449219,299.32000732421875,313.260009765625,310.82086181640625,21579500
2022-02-01,314.55999755859375,319.6600036621094,312.1199951171875,319.0,316.5161437988281,18023800
2022-02-02,327.82000732421875,328.0,316.8699951171875,323.0,320.4850158691406,58458300
2022-02-03,244.64999389648438,248.0,235.75,237.75999450683594,235.90870666503906,188119900
2022-02-04,234.97000122070312,242.61000061035156,230.11000061035156,237.08999633789062,235.24392700195312,89342200
2022-02-07,237.6999969482422,238.3000030517578,224.00999450683594,224.91000366210938,223.15878295898438,88613800
2022-02-08,220.85000610351562,225.77000427246094,216.14999389648438,220.17999267578125,218.4656219482422,94729700
2022-02-09,224.1999969482422,233.3699951171875,222.2100067138672,232.0,230.19357299804688,86563300
2022-02-10,228.27000427246094,235.0,226.6999969482422,228.07000732421875,226.294189453125,49310400
2022-02-11,228.4600067138672,230.4199981689453,218.77000427246094,219.5500030517578,217.84048461914062,46156900
2022-02-14,219.30999755859375,221.0,214.77999877929688,217.6999969482422,216.00489807128906,38184000
2022-02-15,220.47000122070312,221.14999389648438,215.05999755859375,221.0,219.2792205810547,42685500
2022-02-16,212.41000366210938,217.4600067138672,212.36000061035156,216.5399932861328,214.85389709472656,45817500
2022-02-17,214.02000427246094,217.5,207.16000366210938,207.7100067138672,206.09271240234375,38747500
2022-02-18,209.38999938964844,210.75,205.17999267578125,206.16000366210938,204.55477905273438,37128400
2022-02-22,202.33999633789062,207.47999572753906,200.05999755859375,202.0800018310547,200.5065460205078,39852400
2022-02-23,204.16000366210938,206.94000244140625,198.0500030517578,198.4499969482422,196.90478515625,44481400
2022-02-24,191.05999755859375,208.35000610351562,190.22000122070312,207.60000610351562,205.98358154296875,49957200
2022-02-25,204.94000244140625,211.32000732421875,203.17999267578125,210.47999572753906,208.8411102294922,37627600
2022-02-28,207.67999267578125,213.14999389648438,206.8300018310547,211.02999877929688,209.38682556152344,34239800
2022-03-01,209.8699951171875,211.75,202.22000122070312,203.49000549316406,201.9055633544922,27094900
2022-03-02,204.77999877929688,209.14999389648438,202.02000427246094,208.11000061035156,206.4895782470703,29452100
2022-03-03,209.02000427246094,209.0800018310547,201.4199981689453,202.97000122070312,201.38958740234375,27263500
2022-03-04,202.3699951171875,205.88999938964844,198.7899932861328,200.05999755859375,198.50225830078125,32130900
2022-03-07,200.7899932861328,200.88999938964844,187.27999877929688,187.47000122070312,186.0102996826172,38560600
2022-03-08,187.85000610351562,196.6999969482422,186.11000061035156,190.2899932861328,188.8083038330078,37508100
2022-03-09,195.74000549316406,199.10000610351562,193.9199981689453,198.5,196.95440673828125,31894700
2022-03-10,194.83999633789062,196.27999877929688,191.07000732421875,195.2100067138672,193.69003295898438,24853000
2022-03-11,192.63999938964844,193.55999755859375,186.6699981689453,187.61000061035156,186.14920043945312,34694500
2022-03-14,187.02999877929688,192.2899932861328,185.82000732421875,186.6300048828125,185.1768341064453,31010500
2022-03-15,190.8000030517578,192.27999877929688,185.91000366210938,192.02999877929688,190.53477478027344,31721700
2022-03-16,194.6999969482422,203.72999572753906,194.52000427246094,203.6300048828125,202.04446411132812,40640300
2022-03-17,201.6999969482422,208.0399932861328,201.11000061035156,207.83999633789062,206.2216796875,29499700
2022-03-18,206.6999969482422,216.8000030517578,206.0,216.49000549316406,214.80433654785156,52128000
2022-03-21,214.5,214.7100067138672,207.6300048828125,211.49000549316406,209.84326171875,30142300
2022-03-22,211.3699951171875,219.4600067138672,210.17999267578125,216.64999389648438,214.9630584716797,31998800
2022-03-23,213.3300018310547,216.8000030517578,212.16000366210938,213.4600067138672,211.79794311523438,23717300
2022-03-24,215.0,220.6699981689453,214.7899932861328,219.57000732421875,217.8603515625,31502300
2022-03-25,220.50999450683594,225.5,218.88999938964844,221.82000732421875,220.0928192138672,40039000
2022-03-28,222.1300048828125,224.0399932861328,219.5399932861328,223.58999633789062,221.84902954101562,26224100
2022-03-29,226.07000732421875,230.88999938964844,225.2899932861328,229.86000061035156,228.07022094726562,31417900
2022-03-30,228.91000366210938,231.14999389648438,226.7100067138672,227.85000610351562,226.0758819580078,25588000
2022-03-31,228.4499969482422,228.49000549316406,222.25999450683594,222.36000061035156,220.6286163330078,24192300
2022-04-01,224.5500030517578,227.27999877929688,222.6999969482422,224.85000610351562,223.0992431640625,19544800
2022-04-04,225.97999572753906,234.35000610351562,225.86000061035156,233.88999938964844,232.06884765625,28054800
2022-04-05,234.0800018310547,236.86000061035156,231.02000427246094,231.83999633789062,230.03482055664062,29727200
2022-04-06,226.91000366210938,228.99000549316406,221.41000366210938,223.3000030517578,221.56130981445312,28995100
2022-04-07,223.92999267578125,225.52000427246094,218.55999755859375,222.9499969482422,221.21401977539062,21037200
2022-04-08,222.3800048828125,225.1300048828125,220.02999877929688,222.3300018310547,220.59884643554688,18375700
2022-04-11,218.4199981689453,220.61000061035156,215.22000122070312,216.4600067138672,214.77459716796875,20516600
2022-04-12,220.24000549316406,222.02999877929688,213.1300048828125,214.13999938964844,212.4726104736328,20128800
2022-04-13,211.82000732421875,216.61000061035156,211.3300018310547,214.99000549316406,213.3159942626953,19231800
2022-04-14,214.88999938964844,214.99000549316406,210.0,210.17999267578125,208.54345703125,18379500
2022-04-18,210.0,213.3800048828125,208.3000030517578,210.77000427246094,209.1288604736328,16580800
2022-04-19,210.52000427246094,218.42999267578125,209.0,217.30999755859375,215.61795043945312,20089900
2022-04-20,213.61000061035156,214.16000366210938,198.9199981689453,200.4199981689453,198.85946655273438,43036500
2022-04-21,201.60000610351562,202.97000122070312,185.5800018310547,188.07000732421875,186.60562133789062,49954100
2022-04-22,190.3699951171875,192.72000122070312,183.27000427246094,184.11000061035156,182.6764678955078,36426800
2022-04-25,182.72999572753906,187.17999267578125,181.66000366210938,186.99000549316406,185.53402709960938,29281100
2022-04-26,186.6300048828125,187.19000244140625,179.5,180.9499969482422,179.54104614257812,31747400
2022-04-27,174.42999267578125,181.2100067138672,169.0,174.9499969482422,173.5877685546875,71062900
2022-04-28,202.9199981689453,208.52999877929688,192.89999389648438,205.72999572753906,204.12811279296875,100890600
2022-04-29,204.4600067138672,212.47999572753906,199.89999389648438,200.47000122070312,198.90907287597656,49193400
2022-05-02,201.1699981689453,211.8800048828125,200.99000549316406,211.1300048828125,209.48606872558594,49915300
2022-05-03,210.4499969482422,214.89999389648438,208.08999633789062,212.02999877929688,210.37904357910156,41556300
2022-05-04,210.64999389648438,224.3000030517578,206.9600067138672,223.41000366210938,221.6704559326172,41375900
2022-05-05,218.74000549316406,220.1699981689453,206.16000366210938,208.27999877929688,206.65826416015625,41129200
2022-05-06,207.33999633789062,209.3800048828125,201.02000427246094,203.77000427246094,202.1833953857422,34747200
2022-05-09,199.83999633789062,202.57000732421875,195.5800018310547,196.2100067138672,194.6822509765625,36303200
2022-05-10,199.50999450683594,202.9600067138672,194.19000244140625,197.64999389648438,196.11099243164062,34452500
2022-05-11,196.3300018310547,200.6699981689453,188.27000427246094,188.74000549316406,187.27041625976562,31153400
2022-05-12,187.05999755859375,198.0500030517578,184.77999877929688,191.24000549316406,189.75096130371094,38262200
2022-05-13,192.5800018310547,199.88999938964844,191.27999877929688,198.6199951171875,197.07347106933594,24549800
2022-05-16,197.0500030517578,205.3699951171875,195.92999267578125,200.0399932861328,198.48240661621094,27112600
2022-05-17,202.1199951171875,205.4600067138672,198.36000061035156,202.6199951171875,201.04232788085938,24872700
2022-05-18,200.0,201.0,191.6300048828125,192.24000549316406,190.74314880371094,23960000
2022-05-19,191.1999969482422,195.2899932861328,189.60000610351562,191.2899932861328,189.800537109375,24446900
2022-05-20,194.97000122070312,197.91000366210938,187.8699951171875,193.5399932861328,192.03302001953125,31465600
2022-05-23,195.19000244140625,196.99000549316406,191.24000549316406,196.22999572753906,194.70208740234375,25059200
2022-05-24,180.5500030517578,183.67999267578125,176.11000061035156,181.27999877929688,179.86851501464844,50406300
2022-05-25,180.39999389648438,185.4499969482422,179.32000732421875,183.8300018310547,182.3986358642578,28030200
2022-05-26,182.8800048828125,192.8300018310547,182.25999450683594,191.6300048828125,190.1378936767578,23056500
2022-05-27,191.36000061035156,195.3300018310547,189.8000030517578,195.1300048828125,193.6106414794922,22562700
2022-05-31,194.88999938964844,197.60000610351562,192.00999450683594,193.63999938964844,192.1322479248047,26131100
2022-06-01,196.50999450683594,199.52999877929688,185.0,188.63999938964844,187.17117309570312,36623500
2022-06-02,188.4499969482422,200.94000244140625,187.72999572753906,198.86000061035156,197.31161499023438,31951600
2022-06-03,195.97999572753906,196.61000061035156,189.77999877929688,190.77999877929688,189.29454040527344,19465000
2022-06-06,193.99000549316406,196.9199981689453,188.39999389648438,194.25,192.73748779296875,30574200
2022-06-07,191.92999267578125,196.52999877929688,191.49000549316406,195.64999389648438,194.1265869140625,18828700
2022-06-08,194.6699981689453,202.02999877929688,194.41000366210938,196.63999938964844,195.10888671875,22267200
2022-06-09,194.27999877929688,199.4499969482422,183.67999267578125,184.0,182.5673065185547,23501600
2022-06-10,183.0399932861328,183.10000610351562,175.02000427246094,175.57000732421875,174.20294189453125,27450800
2022-06-13,170.58999633789062,172.5800018310547,164.02999877929688,164.25999450683594,162.9810028076172,31749300
2022-06-14,166.02999877929688,166.75,161.36000061035156,163.72999572753906,162.45513916015625,27244300
2022-06-15,167.1999969482422,172.16000366210938,163.97999572753906,169.35000610351562,168.03135681152344,30008300
2022-06-16,163.72000122070312,165.0800018310547,159.61000061035156,160.8699951171875,159.61740112304688,26944100
2022-06-17,161.67999267578125,165.89999389648438,159.89999389648438,163.74000549316406,162.46507263183594,31374200
2022-06-21,165.92999267578125,167.75999450683594,155.97000122070312,157.0500030517578,155.82713317871094,50724900
2022-06-22,158.3800048828125,160.7899932861328,155.44000244140625,155.85000610351562,154.63650512695312,47267800
2022-06-23,156.27000427246094,159.75,154.25,158.75,157.51393127441406,40499200
2022-06-24,161.72999572753906,170.25,161.3000030517578,170.16000366210938,168.8350830078125,68736000
2022-06-27,171.32000732421875,171.75,168.00999450683594,169.49000549316406,168.17025756835938,29174600
2022-06-28,169.89999389648438,171.3000030517578,160.61000061035156,160.67999267578125,159.42889404296875,27744500
2022-06-29,163.57000732421875,166.3300018310547,160.32000732421875,163.94000244140625,162.6634979248047,28595200
2022-06-30,162.14999389648438,165.22999572753906,158.49000549316406,161.25,159.99444580078125,35250600
2022-07-01,160.30999755859375,160.6199951171875,155.0,160.02999877929688,158.78395080566406,31423900
2022-07-05,158.13999938964844,168.25,157.02000427246094,168.19000244140625,166.88040161132812,28618600
2022-07-06,168.1999969482422,171.58999633789062,165.4600067138672,169.77000427246094,168.44810485839844,23085900
2022-07-07,169.4499969482422,172.72000122070312,167.77999877929688,172.19000244140625,170.84927368164062,24083400
2022-07-08,169.97999572753906,172.39999389648438,168.14999389648438,170.8800048828125,169.54946899414062,19249200
2022-07-11,167.07000732421875,167.49000549316406,161.91000366210938,162.8800048828125,161.6117706298828,21885600
2022-07-12,164.8000030517578,165.91000366210938,162.10000610351562,163.27000427246094,161.9987030029297,16639700
2022-07-13,160.16000366210938,164.97999572753906,159.61000061035156,163.49000549316406,162.2169952392578,16555100
2022-07-14,161.22000122070312,162.58999633789062,157.27999877929688,158.0500030517578,156.81935119628906,23765200
2022-07-15,160.5399932861328,164.97999572753906,159.82000732421875,164.6999969482422,163.4175567626953,23342800
2022-07-18,166.75,171.69000244140625,165.63999938964844,167.22999572753906,165.92788696289062,23574300
2022-07-19,170.3699951171875,176.49000549316406,169.50999450683594,175.77999877929688,174.4113006591797,25933700
2022-07-20,177.49000549316406,183.60000610351562,176.6999969482422,183.08999633789062,181.66436767578125,24784300
2022-07-21,180.6300048828125,183.85000610351562,178.8699951171875,183.1699981689453,181.7437744140625,27195800
2022-07-22,173.07000732421875,175.60000610351562,168.41000366210938,169.27000427246094,167.95199584960938,42583900
2022-07-25,169.0,170.57000732421875,164.80999755859375,166.64999389648438,165.35240173339844,26166300
2022-07-26,165.94000244140625,166.0,157.9499969482422,159.14999389648438,157.91079711914062,28468400
2022-07-27,162.58999633789062,170.8699951171875,162.02000427246094,169.5800018310547,168.2595977783203,43846600
2022-07-28,161.05999755859375,161.50999450683594,154.85000610351562,160.72000122070312,159.4685821533203,73214300
2022-07-29,157.69000244140625,160.13999938964844,155.1699981689453,159.10000610351562,157.86119079589844,42065400
2022-08-01,157.25,165.19000244140625,155.22999572753906,159.92999267578125,158.68472290039062,40596700
2022-08-02,158.30999755859375,162.24000549316406,158.00999450683594,160.19000244140625,158.94268798828125,27374500
2022-08-03,162.69000244140625,169.5399932861328,161.57000732421875,168.8000030517578,167.4856719970703,31721900
2022-08-04,168.3000030517578,172.14999389648438,166.8000030517578,170.57000732421875,169.2418670654297,23938200
2022-08-05,166.99000549316406,171.61000061035156,165.8000030517578,167.11000061035156,165.80882263183594,25832700
2022-08-08,168.0,177.50999450683594,167.1300048828125,170.25,168.92437744140625,27299100
2022-08-09,168.9499969482422,169.52999877929688,166.60000610351562,168.52999877929688,167.2177734375,18655100
2022-08-10,175.99000549316406,180.47999572753906,173.9499969482422,178.33999633789062,176.95140075683594,30262100
2022-08-11,179.7100067138672,183.10000610351562,176.3699951171875,177.49000549316406,176.10800170898438,24079100
2022-08-12,180.80999755859375,181.4600067138672,178.91000366210938,180.5,179.0945587158203,21274000
2022-08-15,178.9600067138672,181.44000244140625,178.1999969482422,180.88999938964844,179.4815216064453,15878700
2022-08-16,179.44000244140625,180.99000549316406,177.0399932861328,179.47000122070312,178.0725555419922,21156700
2022-08-17,176.75999450683594,178.13999938964844,174.1699981689453,174.85000610351562,173.48855590820312,20118100
2022-08-18,174.33999633789062,175.75999450683594,171.86000061035156,174.66000366210938,173.300048828125,18844500
2022-08-19,170.1999969482422,172.32000732421875,167.0500030517578,167.9600067138672,166.65219116210938,26240800
2022-08-22,165.49000549316406,165.49000549316406,162.25999450683594,163.0500030517578,161.7804718017578,19499700
2022-08-23,162.47999572753906,165.0500030517578,160.6999969482422,161.11000061035156,159.85552978515625,18111800
2022-08-24,160.60000610351562,165.4600067138672,159.77000427246094,163.25999450683594,161.98880004882812,20891500
2022-08-25,165.17999267578125,168.8800048828125,164.02000427246094,168.77999877929688,167.46580505371094,15550500
2022-08-26,168.47999572753906,170.9199981689453,161.6699981689453,161.77999877929688,160.5203094482422,24023600
2022-08-29,160.66000366210938,163.0500030517578,159.00999450683594,159.1699981689453,157.9306640625,20052700
2022-08-30,160.35000610351562,161.66000366210938,155.91000366210938,157.16000366210938,155.93629455566406,19567900
2022-08-31,167.07000732421875,167.83999633789062,162.13999938964844,162.92999267578125,161.66134643554688,40953000
2022-09-01,163.5800018310547,167.36000061035156,160.35000610351562,165.36000061035156,164.07247924804688,30145700
2022-09-02,167.4499969482422,167.92999267578125,159.22000122070312,160.32000732421875,159.0717010498047,22634200
2022-09-06,160.10000610351562,161.69000244140625,157.69000244140625,158.5399932861328,157.3055419921875,19339800
2022-09-07,157.75999450683594,160.9600067138672,156.80999755859375,160.38999938964844,159.14114379882812,16831200
2022-09-08,158.7100067138672,162.22999572753906,157.74000549316406,162.05999755859375,160.79812622070312,22530800
2022-09-09,163.25,169.5399932861328,163.02000427246094,169.14999389648438,167.83291625976562,22086800
2022-09-12,167.38999938964844,171.38999938964844,167.27999877929688,168.9600067138672,167.64442443847656,23220400
2022-09-13,161.5399932861328,161.6300048828125,152.6699981689453,153.1300048828125,151.93768310546875,44444100
2022-09-14,153.3300018310547,153.5399932861328,149.0500030517578,151.47000122070312,150.2906036376953,43064200
2022-09-15,149.8000030517578,154.1999969482422,148.6999969482422,149.5500030517578,148.3855438232422,34606300
2022-09-16,148.0500030517578,148.5800018310547,144.2899932861328,146.2899932861328,145.1509246826172,40122800
2022-09-19,145.24000549316406,148.5800018310547,145.10000610351562,148.02000427246094,146.86746215820312,22169500
2022-09-20,145.77999877929688,148.83999633789062,145.22000122070312,146.08999633789062,144.9524688720703,23217400
2022-09-21,146.38999938964844,149.60000610351562,142.0,142.1199951171875,141.01339721679688,38338600
2022-09-22,141.5500030517578,144.5800018310547,140.8699951171875,142.82000732421875,141.70794677734375,34418500
2022-09-23,141.4199981689453,142.6199951171875,138.88999938964844,140.41000366210938,139.31671142578125,31710700
2022-09-26,140.1199951171875,142.24000549316406,136.19000244140625,136.3699951171875,135.30816650390625,30497000
2022-09-27,137.9199981689453,139.4199981689453,134.1199951171875,134.39999389648438,133.35350036621094,30826500
2022-09-28,134.6199951171875,142.02999877929688,134.27000427246094,141.61000061035156,140.5073699951172,32658500
2022-09-29,139.36000061035156,139.83999633789062,135.1999969482422,136.41000366210938,135.3478546142578,38985400
2022-09-30,136.0500030517578,140.99000549316406,135.5,135.67999267578125,134.62350463867188,33166400
2022-10-03,137.13999938964844,139.6199951171875,136.10000610351562,138.61000061035156,137.53074645996094,27723100
2022-10-04,140.49000549316406,142.38999938964844,139.33999633789062,140.27999877929688,139.18771362304688,34670700
2022-10-05,138.24000549316406,140.2100067138672,134.77999877929688,138.97999572753906,137.8978271484375,27979300
2022-10-06,137.72000122070312,141.4499969482422,136.60000610351562,139.07000732421875,137.9871368408203,36231100
2022-10-07,136.75999450683594,138.2899932861328,132.44000244140625,133.4499969482422,132.41090393066406,33214800
2022-10-10,133.5500030517578,136.11000061035156,131.8699951171875,133.7899932861328,132.74827575683594,24024000
2022-10-11,131.6199951171875,132.66000366210938,126.98999786376953,128.5399932861328,127.53912353515625,38481400
2022-10-12,128.32000732421875,129.6699981689453,126.25,127.5,126.50723266601562,34605200
2022-10-13,123.52999877929688,131.13999938964844,122.52999877929688,130.2899932861328,129.27549743652344,34325700
2022-10-14,131.0,131.7899932861328,126.5199966430664,126.76000213623047,125.77299499511719,23559400
2022-10-17,130.3000030517578,134.7899932861328,130.17999267578125,134.0399932861328,132.9962921142578,29612200
2022-10-18,137.08999633789062,137.83999633789062,131.39999389648438,132.8000030517578,131.76596069335938,25445000
2022-10-19,132.88999938964844,137.0,132.22000122070312,133.22999572753906,132.19261169433594,30691000
2022-10-20,132.92999267578125,136.77000427246094,131.30999755859375,131.52999877929688,130.50587463378906,26356300
2022-10-21,126.30999755859375,130.1199951171875,125.44000244140625,130.00999450683594,128.99771118164062,46348600
2022-10-24,127.25,133.47999572753906,124.56999969482422,129.72000122070312,128.70993041992188,63563400
2022-10-25,130.8800048828125,138.35000610351562,130.58999633789062,137.50999450683594,136.43930053710938,38433200
2022-10-26,131.67999267578125,135.5500030517578,128.52999877929688,129.82000732421875,128.80917358398438,82791500
2022-10-27,97.9800033569336,102.5,96.37999725341797,97.94000244140625,97.17739868164062,232316600
2022-10-28,99.58000183105469,100.8499984741211,97.51000213623047,99.19999694824219,98.42759704589844,95928300
2022-10-31,98.22000122070312,99.31999969482422,92.5999984741211,93.16000366210938,92.43463134765625,121361400
2022-11-01,94.33000183105469,97.48999786376953,93.55000305175781,95.19999694824219,94.45873260498047,110189600
2022-11-02,94.20999908447266,95.19999694824219,90.4800033569336,90.54000091552734,89.83502197265625,71821100
2022-11-03,90.08000183105469,90.45999908447266,88.41000366210938,88.91000366210938,88.21772003173828,60664000
2022-11-04,90.3499984741211,91.38999938964844,88.08999633789062,90.79000091552734,90.08307647705078,55638100
2022-11-07,94.77999877929688,96.87999725341797,93.0999984741211,96.72000122070312,95.96690368652344,81987300
2022-11-08,95.91999816894531,97.80000305175781,94.79000091552734,96.47000122070312,95.71884155273438,52088300
2022-11-09,101.72000122070312,104.9000015258789,100.73999786376953,101.47000122070312,100.67992401123047,107677300
2022-11-10,107.12000274658203,112.75,104.61000061035156,111.87000274658203,110.99894714355469,80671000
2022-11-11,109.2300033569336,114.9000015258789,108.80999755859375,113.0199966430664,112.13996887207031,59961700
2022-11-14,110.98999786376953,116.2699966430664,110.80000305175781,114.22000122070312,113.33064270019531,53395000
2022-11-15,116.06999969482422,118.73999786376953,114.41000366210938,117.08000183105469,116.16837310791016,50670500
2022-11-16,114.5,116.08000183105469,112.66000366210938,113.2300033569336,112.34834289550781,33287800
2022-11-17,110.41000366210938,112.33000183105469,109.80000305175781,111.44999694824219,110.58219909667969,35093800
2022-11-18,113.80000305175781,114.31999969482422,110.62000274658203,112.05000305175781,111.17754364013672,33357700
2022-11-21,111.5199966430664,112.37000274658203,109.19000244140625,109.86000061035156,109.00459289550781,24351100
2022-11-22,109.86000061035156,111.62000274658203,108.31999969482422,111.44000244140625,110.57228088378906,29029000
2022-11-23,111.72000122070312,112.66999816894531,110.7300033569336,112.23999786376953,111.36605834960938,21343100
2022-11-25,111.30000305175781,112.7300033569336,111.0199966430664,111.41000366210938,110.54254150390625,12007600
2022-11-28,110.77999877929688,112.04000091552734,108.37999725341797,108.77999877929688,107.93299102783203,23309400
2022-11-29,109.54000091552734,110.94000244140625,108.54000091552734,109.45999908447266,108.60771179199219,23899200
2022-11-30,109.51000213623047,118.16000366210938,109.37999725341797,118.0999984741211,117.18043518066406,43348600
2022-12-01,119.19999694824219,121.19999694824219,118.4000015258789,120.44000244140625,119.50220489501953,36551400
2022-12-02,117.83000183105469,124.04000091552734,117.61000061035156,123.48999786376953,122.5284423828125,39950500
2022-12-05,121.75,124.66999816894531,121.3499984741211,122.43000030517578,121.4767074584961,35474900
2022-12-06,119.91000366210938,120.55000305175781,113.73999786376953,114.12000274658203,113.2314224243164,43689200
2022-12-07,113.76000213623047,115.87999725341797,112.87999725341797,113.93000030517578,113.04290008544922,29461100
2022-12-08,116.38999938964844,117.33999633789062,114.58999633789062,115.33000183105469,114.43199920654297,30619400
2022-12-09,115.30000305175781,117.54000091552734,113.87000274658203,115.9000015258789,114.99755859375,26033400
2022-12-12,115.18000030517578,115.72000122070312,113.13999938964844,114.70999908447266,113.81682586669922,24747100
2022-12-13,122.12999725341797,123.30000305175781,118.63999938964844,120.1500015258789,119.2144775390625,44701100
2022-12-14,119.38999938964844,124.13999938964844,119.38999938964844,121.58999633789062,120.64324951171875,36922000
2022-12-15,118.33000183105469,118.62999725341797,114.01000213623047,116.1500015258789,115.24562072753906,34531000
2022-12-16,120.2300033569336,123.30999755859375,118.81999969482422,119.43000030517578,118.50006866455078,67064000
2022-12-19,116.83000183105469,117.80000305175781,114.33000183105469,114.4800033569336,113.58861541748047,29769900
2022-12-20,113.26000213623047,117.33000183105469,112.45999908447266,117.08999633789062,116.17829132080078,28742500
2022-12-21,116.69999694824219,120.33999633789062,115.62000274658203,119.76000213623047,118.82749938964844,20392800
2022-12-22,117.19999694824219,118.62000274658203,114.37999725341797,117.12000274658203,116.20806121826172,23618100
2022-12-23,116.02999877929688,118.18000030517578,115.54000091552734,118.04000091552734,117.12089538574219,17796600
2022-12-27,117.93000030517578,118.5999984741211,116.05000305175781,116.87999725341797,115.96992492675781,21392300
2022-12-28,116.25,118.1500015258789,115.51000213623047,115.62000274658203,114.7197494506836,19612500
2022-12-29,116.4000015258789,121.02999877929688,115.7699966430664,120.26000213623047,119.32361602783203,22366200
2022-12-30,118.16000366210938,120.41999816894531,117.73999786376953,120.33999633789062,119.40298461914062,19583800
2023-01-03,122.81999969482422,126.37000274658203,122.27999877929688,124.73999786376953,123.76872253417969,35528500
2023-01-04,127.37999725341797,129.0500030517578,125.8499984741211,127.37000274658203,126.37825775146484,32397100
2023-01-05,126.12999725341797,128.52000427246094,124.54000091552734,126.94000244140625,125.95159912109375,25447100
2023-01-06,128.97000122070312,130.3300018310547,126.04000091552734,130.02000427246094,129.0076141357422,27584500
2023-01-09,131.16000366210938,132.9499969482422,129.27999877929688,129.47000122070312,128.4619140625,26649100
2023-01-10,127.2699966430664,133.44000244140625,127.1500015258789,132.99000549316406,131.9544677734375,28684400
2023-01-11,130.9600067138672,133.85000610351562,130.33999633789062,132.88999938964844,131.85528564453125,25423000
2023-01-12,133.44000244140625,137.67999267578125,131.75999450683594,136.7100067138672,135.64552307128906,30757700
2023-01-13,134.97000122070312,137.38999938964844,134.83999633789062,136.97999572753906,135.91342163085938,22423800
2023-01-17,136.17999267578125,136.75,134.25,135.36000061035156,134.3060302734375,21147600
2023-01-18,135.80999755859375,137.25,132.8000030517578,133.02000427246094,131.98426818847656,20215500
2023-01-19,132.49000549316406,137.4499969482422,132.13999938964844,136.14999389648438,135.0898895263672,28625200
2023-01-20,135.88999938964844,139.94000244140625,134.61000061035156,139.3699951171875,138.28482055664062,28688600
2023-01-23,139.2899932861328,143.75999450683594,138.66000366210938,143.27000427246094,142.15444946289062,27470100
2023-01-24,141.69000244140625,145.0,141.36000061035156,143.13999938964844,142.0254669189453,21970200
2023-01-25,141.22000122070312,143.1699981689453,140.30999755859375,141.5,140.39820861816406,26622000
2023-01-26,144.39999389648438,147.50999450683594,143.3000030517578,147.3000030517578,146.15309143066406,25482100
2023-01-27,148.24000549316406,153.19000244140625,147.38999938964844,151.74000549316406,150.55848693847656,35771900
2023-01-30,149.41000366210938,151.1199951171875,146.9499969482422,147.05999755859375,145.91493225097656,28040100
2023-01-31,147.9499969482422,149.8800048828125,147.52000427246094,148.97000122070312,147.81004333496094,29842100
2023-02-01,148.02999877929688,153.5800018310547,147.05999755859375,153.1199951171875,151.92776489257812,55661000
2023-02-02,183.3800048828125,197.16000366210938,180.16000366210938,188.77000427246094,187.3001708984375,150475700
2023-02-03,183.47000122070312,196.77000427246094,182.88999938964844,186.52999877929688,185.07760620117188,76809700
2023-02-06,186.52999877929688,190.6999969482422,185.52000427246094,186.05999755859375,184.6112518310547,42483800
2023-02-07,185.5800018310547,193.77999877929688,184.39999389648438,191.6199951171875,190.12796020507812,47080700
2023-02-08,190.0,190.8300018310547,182.9199981689453,183.42999267578125,182.00173950195312,36139100
2023-02-09,186.1300048828125,186.64999389648438,177.27000427246094,177.9199981689453,176.53465270996094,37118800
2023-02-10,176.35000610351562,178.88999938964844,173.35000610351562,174.14999389648438,172.7939910888672,33433600
2023-02-13,178.22000122070312,181.0,175.82000732421875,179.42999267578125,178.0328826904297,31463200
2023-02-14,177.16000366210938,181.50999450683594,175.8800048828125,179.47999572753906,178.08251953125,24034600
2023-02-15,176.4199981689453,178.19000244140625,175.3300018310547,177.16000366210938,175.7805633544922,25308900
2023-02-16,172.75,175.85000610351562,171.7899932861328,172.44000244140625,171.09732055664062,25827500
2023-02-17,170.22000122070312,173.17999267578125,169.6999969482422,172.8800048828125,171.53390502929688,24171300
2023-02-21,174.30999755859375,178.1699981689453,171.8800048828125,172.0800018310547,170.74014282226562,34592600
2023-02-22,171.07000732421875,172.75999450683594,169.69000244140625,171.1199951171875,169.78756713867188,22433200
2023-02-23,172.0,173.69000244140625,169.3800048828125,172.0399932861328,170.70040893554688,20017800
2023-02-24,168.63999938964844,170.72000122070312,167.66000366210938,170.38999938964844,169.06329345703125,19791300
2023-02-27,171.8800048828125,173.1199951171875,169.05999755859375,169.5399932861328,168.21987915039062,19277000
2023-02-28,171.89999389648438,177.5500030517578,171.8699951171875,174.94000244140625,173.57786560058594,46051100
2023-03-01,174.58999633789062,177.85000610351562,173.0500030517578,173.4199981689453,172.0697021484375,30998400
2023-03-02,172.3800048828125,175.00999450683594,171.42999267578125,174.52999877929688,173.17103576660156,17352000
2023-03-03,178.9199981689453,186.6199951171875,177.0500030517578,185.25,183.8075714111328,45877700
2023-03-06,188.0,189.66000366210938,184.63999938964844,184.89999389648438,183.46029663085938,33209400
2023-03-07,189.0,190.36000061035156,184.00999450683594,184.50999450683594,183.07334899902344,36701500
2023-03-08,182.8699951171875,185.25999450683594,181.33999633789062,184.97000122070312,183.52976989746094,19432400
2023-03-09,186.35000610351562,188.92999267578125,180.3000030517578,181.69000244140625,180.27528381347656,26582800
2023-03-10,181.00999450683594,184.77000427246094,178.8000030517578,179.50999450683594,178.11227416992188,25665000
2023-03-13,177.9600067138672,183.77999877929688,174.82000732421875,180.89999389648438,179.491455078125,24728000
2023-03-14,187.5800018310547,194.32000732421875,186.55999755859375,194.02000427246094,192.50929260253906,41642600
2023-03-15,192.9499969482422,197.77999877929688,190.83999633789062,197.75,196.2102508544922,42123600
2023-03-16,198.25999450683594,205.75999450683594,196.08999633789062,204.92999267578125,203.33433532714844,50447100
2023-03-17,200.55999755859375,201.89999389648438,195.42999267578125,195.61000061035156,194.0869140625,50141100
2023-03-20,198.47999572753906,199.36000061035156,193.63999938964844,197.80999755859375,196.269775390625,25186300
2023-03-21,203.1999969482422,203.5500030517578,197.9499969482422,202.16000366210938,200.58590698242188,31827000
2023-03-22,202.5,207.3699951171875,199.6699981689453,199.80999755859375,198.2542266845703,28477800
2023-03-23,202.83999633789062,207.8800048828125,202.14999389648438,204.27999877929688,202.68939208984375,27389700
2023-03-24,205.17999267578125,207.5800018310547,203.5500030517578,206.00999450683594,204.40591430664062,27716400
2023-03-27,204.80999755859375,205.86000061035156,201.36000061035156,202.83999633789062,201.26060485839844,18527200
2023-03-28,200.14999389648438,201.02999877929688,197.89999389648438,200.67999267578125,199.11741638183594,19127300
2023-03-29,203.55999755859375,205.72000122070312,202.5399932861328,205.35000610351562,203.75106811523438,18851100
2023-03-30,203.3800048828125,208.08999633789062,202.82000732421875,207.83999633789062,206.2216796875,22608300
2023-03-31,207.24000549316406,212.1699981689453,206.77000427246094,211.94000244140625,210.28976440429688,25440300
2023-04-03,208.83999633789062,213.49000549316406,208.1999969482422,213.07000732421875,211.41099548339844,17924600
2023-04-04,213.38999938964844,216.24000549316406,212.5399932861328,214.72000122070312,213.04811096191406,21026400
2023-04-05,214.14999389648438,215.19000244140625,209.94000244140625,211.47999572753906,209.83334350585938,19396600
2023-04-06,209.25,216.94000244140625,208.64999389648438,216.10000610351562,214.4174041748047,26104400
2023-04-10,214.7100067138672,215.66000366210938,210.66000366210938,214.75,213.077880859375,16106100
2023-04-11,215.47999572753906,216.02000427246094,213.41000366210938,213.85000610351562,212.1848602294922,16710100
2023-04-12,214.83999633789062,216.83999633789062,212.5800018310547,214.0,212.3336944580078,18972200
2023-04-13,215.72999572753906,221.14999389648438,215.69000244140625,220.35000610351562,218.63427734375,23310400
2023-04-14,217.8800048828125,222.11000061035156,217.5500030517578,221.49000549316406,219.7654266357422,21591200
2023-04-17,219.7899932861328,220.97999572753906,217.1300048828125,218.86000061035156,217.15589904785156,15481900
2023-04-18,219.91000366210938,220.44000244140625,216.2100067138672,217.88999938964844,216.19342041015625,12281000
2023-04-19,213.47000122070312,217.3300018310547,212.92999267578125,215.6999969482422,214.02047729492188,15898100
2023-04-20,213.47999572753906,216.75,212.77000427246094,213.07000732421875,211.41099548339844,16475400
2023-04-21,210.2100067138672,213.41000366210938,209.5800018310547,212.88999938964844,211.2323760986328,17717200
2023-04-24,213.67999267578125,213.9199981689453,210.7100067138672,212.7899932861328,211.13311767578125,15750900
2023-04-25,210.82000732421875,211.25999450683594,207.1300048828125,207.5500030517578,205.93394470214844,19198200
2023-04-26,212.5,214.11000061035156,208.8800048828125,209.39999389648438,207.76953125,41992700
2023-04-27,239.88999938964844,241.69000244140625,236.77000427246094,238.55999755859375,236.70248413085938,71196500
2023-04-28,239.00999450683594,240.42999267578125,235.75,240.32000732421875,238.4488067626953,39554000
2023-05-01,238.6199951171875,244.0,236.4600067138672,243.17999267578125,241.2864990234375,29143900
2023-05-02,243.17999267578125,244.9199981689453,238.99000549316406,239.24000549316406,237.37718200683594,24350100
2023-05-03,239.47000122070312,241.75,232.75,237.02999877929688,235.18438720703125,34463900
2023-05-04,236.05999755859375,238.1999969482422,232.92999267578125,233.52000427246094,231.70172119140625,17889400
2023-05-05,232.24000549316406,234.67999267578125,229.85000610351562,232.77999877929688,230.9674835205078,27000500
2023-05-08,231.4199981689453,235.6199951171875,230.27000427246094,233.27000427246094,231.4536895751953,16400500
2023-05-09,231.4600067138672,235.8800048828125,231.0800018310547,233.3699951171875,231.5529022216797,16865600
2023-05-10,236.1699981689453,236.75,230.72000122070312,233.0800018310547,231.26515197753906,19119000
2023-05-11,233.0500030517578,238.2100067138672,232.3000030517578,235.7899932861328,233.95404052734375,20449000
2023-05-12,236.74000549316406,236.9600067138672,231.4499969482422,233.80999755859375,231.98947143554688,16161400
2023-05-15,236.9199981689453,240.25999450683594,235.3300018310547,238.86000061035156,237.00013732910156,20653200
2023-05-16,235.7899932861328,239.63999938964844,235.52000427246094,238.82000732421875,236.96047973632812,18163800
2023-05-17,238.4499969482422,243.83999633789062,238.13999938964844,242.49000549316406,240.60189819335938,21193100
2023-05-18,241.3000030517578,247.08999633789062,241.19000244140625,246.85000610351562,244.9279327392578,22943300
2023-05-19,247.47000122070312,248.69000244140625,243.41000366210938,245.63999938964844,243.7273406982422,21733600
2023-05-22,245.41000366210938,253.57000732421875,245.1199951171875,248.32000732421875,246.38650512695312,27738500
2023-05-23,246.80999755859375,251.61000061035156,246.64999389648438,246.74000549316406,244.81878662109375,17748100
2023-05-24,245.27999877929688,249.58999633789062,244.9499969482422,249.2100067138672,247.2695770263672,17724300
2023-05-25,253.39999389648438,255.6199951171875,249.1699981689453,252.69000244140625,250.7224578857422,22371400
2023-05-26,252.92999267578125,262.30999755859375,252.7100067138672,262.0400085449219,259.9996643066406,25727200
2023-05-30,265.25,268.6499938964844,261.2900085449219,262.5199890136719,260.47589111328125,23816500
2023-05-31,260.0,265.0,258.45001220703125,264.7200012207031,262.6588134765625,25473700
2023-06-01,265.8999938964844,274.0,265.8900146484375,272.6099853515625,270.4873352050781,25609500
2023-06-02,272.6600036621094,275.3500061035156,271.1199951171875,272.6099853515625,270.4873352050781,19416900
2023-06-05,270.29998779296875,275.57000732421875,269.55999755859375,271.3900146484375,269.27685546875,20742900
2023-06-06,270.1400146484375,276.57000732421875,269.69000244140625,271.1199951171875,269.0089416503906,19419000
2023-06-07,271.6700134277344,274.25,262.79998779296875,263.6000061035156,261.5475158691406,26163600
2023-06-08,260.6199951171875,267.6499938964844,258.8800048828125,264.5799865722656,262.5198669433594,20899400
2023-06-09,262.4800109863281,267.95001220703125,261.70001220703125,264.95001220703125,262.8870544433594,16949800
2023-06-12,267.1700134277344,271.75,265.3299865722656,271.04998779296875,268.9394836425781,15442500
2023-06-13,274.8800048828125,275.7200012207031,269.0899963378906,271.32000732421875,269.2073974609375,16164000
2023-06-14,271.8900146484375,274.989990234375,268.32000732421875,273.3500061035156,271.22161865234375,19175100
2023-06-15,272.29998779296875,283.989990234375,271.4200134277344,281.8299865722656,279.63555908203125,25973500
2023-06-16,284.75,287.8500061035156,280.1300048828125,281.0,278.8120422363281,43127700
2023-06-20,278.7300109863281,284.79998779296875,276.2200012207031,284.3299865722656,282.1160888671875,20701600
2023-06-21,283.5299987792969,284.0,278.3599853515625,281.6400146484375,279.4471130371094,20556200
2023-06-22,279.0799865722656,285.260009765625,277.7900085449219,284.8800048828125,282.66180419921875,17563100
2023-06-23,281.510009765625,289.6700134277344,278.95001220703125,288.7300109863281,286.4818420410156,51092000
2023-06-26,288.70001220703125,289.7900085449219,277.6000061035156,278.4700012207031,276.3017272949219,24232700
2023-06-27,282.010009765625,289.3500061035156,280.6499938964844,287.04998779296875,284.81494140625,26108300
2023-06-28,284.82000732421875,289.54998779296875,284.05999755859375,285.2900085449219,283.068603515625,16722100
2023-06-29,284.5,286.57000732421875,280.69000244140625,281.5299987792969,279.337890625,15395700
2023-06-30,284.760009765625,289.04998779296875,284.4200134277344,286.9800109863281,284.7454528808594,19694900
2023-07-03,286.70001220703125,289.3999938964844,284.8500061035156,286.0199890136719,283.79290771484375,8629300
2023-07-05,287.6499938964844,298.1199951171875,286.3599853515625,294.3699951171875,292.0779113769531,33865500
2023-07-06,295.8900146484375,298.1199951171875,291.30999755859375,291.989990234375,289.71636962890625,47600500
2023-07-07,292.17999267578125,296.20001220703125,288.6600036621094,290.5299987792969,288.267822265625,25586000
2023-07-10,295.54998779296875,298.1300048828125,287.04998779296875,294.1000061035156,291.81005859375,37058300
2023-07-11,293.8999938964844,300.17999267578125,291.8999938964844,298.2900085449219,295.9674377441406,27585900
2023-07-12,301.75,309.45001220703125,300.1000061035156,309.3399963378906,306.9313659667969,36677100
2023-07-13,313.6199951171875,316.239990234375,310.2900085449219,313.4100036621094,310.9696960449219,30281000
2023-07-14,311.7900085449219,314.8800048828125,307.3599853515625,308.8699951171875,306.46502685546875,23054100
2023-07-17,307.5400085449219,311.7099914550781,304.7099914550781,310.6199951171875,308.2013854980469,25323100
2023-07-18,310.8800048828125,314.20001220703125,307.6199951171875,312.04998779296875,309.6202697753906,20731900
2023-07-19,313.0299987792969,318.67999267578125,310.5199890136719,316.010009765625,313.5494079589844,21763700
2023-07-20,313.5,315.5400085449219,302.2200012207031,302.5199890136719,300.1643981933594,23836900
2023-07-21,304.57000732421875,305.4599914550781,291.20001220703125,294.260009765625,291.9688720703125,42139300
2023-07-24,295.7799987792969,297.5199890136719,288.29998779296875,291.6099853515625,289.3393859863281,24915700
2023-07-25,295.19000244140625,298.29998779296875,291.8599853515625,294.4700012207031,292.1770935058594,19585600
2023-07-26,301.19000244140625,301.7699890136719,291.8999938964844,298.57000732421875,296.2452392578125,47256900
2023-07-27,325.1199951171875,325.3500061035156,309.8399963378906,311.7099914550781,309.2829284667969,64229200
2023-07-28,316.8800048828125,326.20001220703125,314.25,325.4800109863281,322.9457092285156,39220300
2023-07-31,323.69000244140625,325.6600036621094,317.5899963378906,318.6000061035156,316.1192932128906,25799600
2023-08-01,317.5400085449219,324.1400146484375,314.6600036621094,322.7099914550781,320.1972351074219,22817900
2023-08-02,318.0,318.3900146484375,310.6499938964844,314.30999755859375,311.8626708984375,20461100
2023-08-03,309.92999267578125,315.95001220703125,309.92999267578125,313.19000244140625,310.75140380859375,15180200
2023-08-04,314.9599914550781,318.4100036621094,310.20001220703125,310.7300109863281,308.3105773925781,17612800
2023-08-07,313.2300109863281,317.07000732421875,310.4599914550781,316.55999755859375,314.0951232910156,16236500
2023-08-08,314.3999938964844,317.8900146484375,310.1099853515625,312.6400146484375,310.2056884765625,15183500
2023-08-09,312.8800048828125,313.6300048828125,302.8500061035156,305.2099914550781,302.8335266113281,19955800
2023-08-10,307.94000244140625,312.3399963378906,303.8699951171875,305.739990234375,303.359375,14358900
2023-08-11,302.57000732421875,304.7200012207031,300.3599853515625,301.6400146484375,299.29132080078125,14046300
2023-08-14,300.9800109863281,306.2099914550781,298.25,306.19000244140625,303.80584716796875,15641900
2023-08-15,306.1400146484375,307.2300109863281,300.0299987792969,301.95001220703125,299.5989074707031,11623600
2023-08-16,300.20001220703125,301.0799865722656,294.2799987792969,294.2900085449219,291.99859619140625,18547700
2023-08-17,293.04998779296875,296.04998779296875,284.95001220703125,285.0899963378906,282.87017822265625,23950100
2023-08-18,279.0299987792969,285.69000244140625,274.3800048828125,283.25,281.0444641113281,35347900
2023-08-21,283.45001220703125,290.5,281.8500061035156,289.8999938964844,287.6427307128906,20181500
2023-08-22,292.54998779296875,292.8999938964844,286.75,287.6000061035156,285.3606262207031,12980200
2023-08-23,288.5,297.3999938964844,287.6700134277344,294.239990234375,291.9488830566406,18287000
2023-08-24,298.5,299.4599914550781,286.6400146484375,286.75,284.51727294921875,18360900
2023-08-25,286.1300048828125,288.3900146484375,276.0299987792969,285.5,283.2770080566406,23701400
2023-08-28,288.0,291.45001220703125,285.79998779296875,290.260009765625,287.9999084472656,14239300
2023-08-29,288.5799865722656,299.1499938964844,288.17999267578125,297.989990234375,295.6697692871094,20844500
2023-08-30,297.1700134277344,298.2900085449219,293.42999267578125,295.1000061035156,292.8022155761719,17717000
2023-08-31,295.79998779296875,301.1000061035156,295.6600036621094,295.8900146484375,293.5860900878906,17229900
2023-09-01,299.3699951171875,301.739990234375,294.4700012207031,296.3800048828125,294.0722961425781,12842300
2023-09-05,297.0199890136719,301.3900146484375,295.510009765625,300.1499938964844,297.8128967285156,14956000
2023-09-06,301.7099914550781,303.29998779296875,295.6600036621094,299.1700134277344,296.84051513671875,15418100
2023-09-07,298.0,307.04998779296875,292.2200012207031,298.6700134277344,296.3444519042969,33748700
2023-09-08,299.2200012207031,305.25,296.7799987792969,297.8900146484375,295.570556640625,17548000
2023-09-11,301.4100036621094,309.0400085449219,301.2799987792969,307.55999755859375,305.1652526855469,19489300
2023-09-12,306.3299865722656,308.6600036621094,300.2300109863281,301.6600036621094,299.3111572265625,13480400
2023-09-13,302.3599853515625,307.17999267578125,301.32000732421875,305.05999755859375,302.6846618652344,13210900
2023-09-14,306.739990234375,312.8699951171875,305.0299987792969,311.7200012207031,309.2928161621094,19343100
2023-09-15,311.6099853515625,312.0,298.75,300.30999755859375,297.9716796875,28131100
2023-09-18,298.19000244140625,303.6000061035156,297.79998779296875,302.54998779296875,300.1942443847656,14234200
2023-09-19,302.4800109863281,306.1700134277344,299.80999755859375,305.07000732421875,302.6946105957031,15924400
2023-09-20,305.04998779296875,308.05999755859375,299.42999267578125,299.6700134277344,297.3367004394531,19379500
2023-09-21,295.70001220703125,300.260009765625,293.2699890136719,295.7300109863281,293.4273681640625,21319600
2023-09-22,299.29998779296875,305.3800048828125,298.2699890136719,299.0799865722656,296.7512512207031,25369600
2023-09-25,295.6400146484375,300.95001220703125,293.70001220703125,300.8299865722656,298.4876403808594,18987000
2023-09-26,297.6600036621094,300.29998779296875,296.010009765625,298.9599914550781,296.6322021484375,19417200
2023-09-27,300.45001220703125,301.29998779296875,286.7900085449219,297.739990234375,295.42169189453125,36429800
2023-09-28,298.94000244140625,306.3299865722656,296.70001220703125,303.9599914550781,301.5932312011719,22167100
2023-09-29,307.3800048828125,310.6400146484375,299.3599853515625,300.2099914550781,297.87237548828125,25373700
2023-10-02,302.739990234375,307.17999267578125,301.6300048828125,306.82000732421875,304.4310302734375,16265600
2023-10-03,304.260009765625,306.7699890136719,299.6400146484375,300.94000244140625,298.5967712402344,17362300
2023-10-04,298.7300109863281,306.8999938964844,298.5,305.5799865722656,303.20062255859375,16880500
2023-10-05,304.6300048828125,306.2099914550781,299.5,304.7900085449219,302.4168395996094,19130000
2023-10-06,301.44000244140625,316.30999755859375,300.9100036621094,315.42999267578125,312.97393798828125,21803900
2023-10-09,312.5,320.3299865722656,311.82000732421875,318.3599853515625,315.8811340332031,22503700
2023-10-10,319.1199951171875,324.6600036621094,318.1600036621094,321.8399963378906,319.333984375,19038000
2023-10-11,323.010009765625,328.8399963378906,322.95001220703125,327.82000732421875,325.2674865722656,22036300
2023-10-12,328.0,330.5400085449219,322.69000244140625,324.1600036621094,321.6360168457031,20530500
2023-10-13,323.5299987792969,325.04998779296875,312.3699951171875,314.69000244140625,312.23968505859375,21341000
2023-10-16,318.6400146484375,321.82000732421875,315.5199890136719,321.1499938964844,318.64935302734375,16536100
2023-10-17,318.17999267578125,324.3999938964844,317.29998779296875,324.0,321.4772644042969,16387800
2023-10-18,321.3900146484375,325.94000244140625,315.55999755859375,316.9700012207031,314.5019226074219,16851000
2023-10-19,319.8800048828125,321.8900146484375,311.75,312.80999755859375,310.37432861328125,18709200
2023-10-20,314.1400146484375,315.29998779296875,306.4700012207031,308.6499938964844,306.24676513671875,22312300
2023-10-23,309.5,317.3599853515625,307.260009765625,314.010009765625,311.56500244140625,17796800
2023-10-24,316.7799987792969,318.3500061035156,310.6300048828125,312.54998779296875,310.1163635253906,19525500
2023-10-25,310.0,310.8800048828125,298.8399963378906,299.5299987792969,297.19775390625,42192500
2023-10-26,295.0,295.0,279.3999938964844,288.3500061035156,286.10479736328125,66684100
2023-10-27,294.4800109863281,299.30999755859375,292.9700012207031,296.7300109863281,294.4195251464844,29596300
2023-10-30,299.0899963378906,309.3999938964844,299.04998779296875,302.6600036621094,300.3033752441406,28435100
2023-10-31,303.30999755859375,303.67999267578125,296.8599853515625,301.2699890136719,298.9241943359375,19434200
2023-11-01,301.8500061035156,312.739990234375,301.8500061035156,311.8500061035156,309.42181396484375,20434600
2023-11-02,317.29998779296875,318.82000732421875,308.3299865722656,310.8699951171875,308.4494934082031,21631800
2023-11-03,312.54998779296875,315.54998779296875,311.0199890136719,314.6000061035156,312.150390625,16764300
2023-11-06,315.9800109863281,318.3299865722656,314.45001220703125,315.79998779296875,313.3410949707031,12887700
2023-11-07,317.05999755859375,321.0,315.1199951171875,318.82000732421875,316.33758544921875,14055600
2023-11-08,318.1400146484375,321.3299865722656,314.8800048828125,319.7799987792969,317.2901306152344,13609700
2023-11-09,319.4200134277344,324.17999267578125,318.79998779296875,320.54998779296875,318.0540466308594,16103100
2023-11-10,319.94000244140625,329.1000061035156,319.4599914550781,328.7699890136719,326.2100830078125,19096200
2023-11-13,326.20001220703125,332.3299865722656,325.70001220703125,329.19000244140625,326.62677001953125,16908900
2023-11-14,334.5400085449219,338.1000061035156,333.3299865722656,336.30999755859375,333.69134521484375,17179400
2023-11-15,337.92999267578125,338.3999938964844,330.0199890136719,332.7099914550781,330.1194152832031,14531200
2023-11-16,329.3699951171875,334.5799865722656,326.3800048828125,334.19000244140625,331.5878601074219,18932600
2023-11-17,330.260009765625,335.5,329.3500061035156,335.0400085449219,332.4312744140625,14494400
2023-11-20,334.8900146484375,341.8699951171875,334.19000244140625,339.9700012207031,337.3228454589844,16960500
2023-11-21,338.3299865722656,339.8999938964844,335.8999938964844,336.9800109863281,334.3561706542969,12027900
2023-11-22,339.2099914550781,342.9200134277344,338.5799865722656,341.489990234375,338.8309631347656,10702700
2023-11-24,340.1300048828125,341.8599853515625,336.7699890136719,338.2300109863281,335.596435546875,5467500
2023-11-27,336.17999267578125,339.8999938964844,334.20001220703125,334.70001220703125,332.09393310546875,15684500
2023-11-28,333.3999938964844,339.3800048828125,333.3999938964844,338.989990234375,336.3504943847656,12637200
2023-11-29,339.69000244140625,339.8999938964844,330.7799987792969,332.20001220703125,329.6133728027344,16024500
2023-11-30,331.8900146484375,333.5,322.3999938964844,327.1499938964844,324.60272216796875,23146400
2023-12-01,325.4800109863281,326.8599853515625,320.760009765625,324.82000732421875,322.2908020019531,15276400
2023-12-04,317.2900085449219,320.8599853515625,313.6600036621094,320.0199890136719,317.5281677246094,19037100
2023-12-05,318.9800109863281,321.8800048828125,315.3900146484375,318.2900085449219,315.8116455078125,16952100
2023-12-06,321.92999267578125,322.25,317.0400085449219,317.45001220703125,314.9782409667969,11294300
2023-12-07,317.7699890136719,328.239990234375,317.7699890136719,326.5899963378906,324.0470886230469,15905100
2023-12-08,323.0899963378906,333.1700134277344,323.0,332.75,330.1590881347656,14087400
2023-12-11,329.3999938964844,329.8900146484375,320.0,325.2799987792969,322.7472229003906,25802500
2023-12-12,324.6000061035156,334.4700012207031,324.55999755859375,334.2200012207031,331.6176452636719,18485500
2023-12-13,333.92999267578125,338.3699951171875,332.6400146484375,334.739990234375,332.133544921875,16353300
2023-12-14,333.8500061035156,334.70001220703125,328.6400146484375,333.1700134277344,330.5758361816406,19607300
2023-12-15,331.989990234375,338.6600036621094,331.2200012207031,334.9200134277344,332.31219482421875,31776900
2023-12-18,337.4800109863281,347.55999755859375,337.0199890136719,344.6199951171875,341.93670654296875,18993900
