Date,Open,High,Low,Close,Adj Close,Volume
2020-02-20,186.9499969482422,187.25,181.10000610351562,184.4199981689453,174.80320739746094,36862400
2020-02-21,183.1699981689453,183.5,177.25,178.58999633789062,169.2771759033203,48572600
2020-02-24,167.77000427246094,174.5500030517578,163.22999572753906,170.88999938964844,161.97874450683594,68311100
2020-02-25,174.1999969482422,174.83999633789062,167.64999389648438,168.07000732421875,159.30580139160156,68073300
2020-02-26,169.7100067138672,173.25999450683594,168.2100067138672,170.1699981689453,161.2962188720703,56206100
2020-02-27,163.32000732421875,167.02999877929688,157.97999572753906,158.17999267578125,149.9314727783203,93174900
2020-02-28,152.41000366210938,163.7100067138672,152.0,162.00999450683594,153.561767578125,97012700
2020-03-02,165.30999755859375,172.9199981689453,162.30999755859375,172.7899932861328,163.77964782714844,71030800
2020-03-03,173.8000030517578,175.0,162.25999450683594,164.50999450683594,155.931396484375,71677000
2020-03-04,168.49000549316406,170.6999969482422,165.6199951171875,170.5500030517578,161.6564178466797,49814400
2020-03-05,166.0500030517578,170.8699951171875,165.69000244140625,166.27000427246094,157.599609375,47817300
2020-03-06,162.61000061035156,163.11000061035156,156.0,161.57000732421875,153.14476013183594,72821100
2020-03-09,151.0,157.75,150.0,150.6199951171875,142.76571655273438,70419300
2020-03-10,158.16000366210938,161.02999877929688,152.5800018310547,160.9199981689453,152.5286407470703,65354400
2020-03-11,157.1300048828125,157.6999969482422,151.14999389648438,153.6300048828125,145.61878967285156,56371600
2020-03-12,145.3000030517578,153.47000122070312,138.5800018310547,139.05999755859375,131.80857849121094,93226400
2020-03-13,147.5,161.91000366210938,140.72999572753906,158.8300018310547,150.547607421875,92727400
2020-03-16,140.0,149.35000610351562,135.0,135.4199981689453,128.35836791992188,87905900
2020-03-17,140.0,147.5,135.0,146.57000732421875,138.9269256591797,81059800
2020-03-18,138.0,146.0,135.02000427246094,140.39999389648438,133.0786895751953,81593200
2020-03-19,142.77000427246094,150.14999389648438,139.0,142.7100067138672,135.2682342529297,85922700
2020-03-20,146.0,147.10000610351562,135.86000061035156,137.35000610351562,130.18772888183594,84866200
2020-03-23,137.00999450683594,140.57000732421875,132.52000427246094,135.97999572753906,128.88909912109375,78975200
2020-03-24,143.75,149.60000610351562,141.27000427246094,148.33999633789062,140.60462951660156,82516700
2020-03-25,148.91000366210938,154.3300018310547,144.44000244140625,146.9199981689453,139.25865173339844,75638200
2020-03-26,148.39999389648438,156.66000366210938,148.3699951171875,156.11000061035156,147.96945190429688,64568100
2020-03-27,151.75,154.88999938964844,149.1999969482422,149.6999969482422,141.89364624023438,57042300
2020-03-30,152.44000244140625,160.60000610351562,150.00999450683594,160.22999572753906,151.8745880126953,63420300
2020-03-31,159.39999389648438,164.77999877929688,156.55999755859375,157.7100067138672,149.48599243164062,77927200
2020-04-01,153.0,157.75,150.82000732421875,152.11000061035156,144.177978515625,57969900
2020-04-02,151.86000061035156,155.47999572753906,150.36000061035156,155.25999450683594,147.16380310058594,49630700
2020-04-03,155.10000610351562,157.3800048828125,152.19000244140625,153.8300018310547,145.80833435058594,41243300
2020-04-06,160.32000732421875,166.5,157.5800018310547,165.27000427246094,156.65184020996094,67111700
2020-04-07,169.58999633789062,170.0,163.25999450683594,163.49000549316406,154.96461486816406,62769000
2020-04-08,165.6699981689453,166.6699981689453,163.5,165.1300048828125,156.5191192626953,48318200
2020-04-09,166.36000061035156,167.3699951171875,163.3300018310547,165.13999938964844,156.52857971191406,51385100
2020-04-13,164.35000610351562,165.57000732421875,162.3000030517578,165.50999450683594,156.87924194335938,41905300
2020-04-14,169.0,173.75,168.0,173.6999969482422,164.6421661376953,52874300
2020-04-15,171.1999969482422,173.57000732421875,169.24000549316406,171.8800048828125,162.91708374023438,40940800
2020-04-16,174.3000030517578,177.27999877929688,172.89999389648438,177.0399932861328,167.80799865722656,50479600
2020-04-17,179.5,180.0,175.8699951171875,178.60000610351562,169.2866668701172,52765600
2020-04-20,176.6300048828125,178.75,174.99000549316406,175.05999755859375,165.9312744140625,36669600
2020-04-21,173.5,173.6699981689453,166.11000061035156,167.82000732421875,159.06881713867188,56203700
2020-04-22,171.38999938964844,174.0,170.82000732421875,173.52000427246094,164.4715576171875,34620200
2020-04-23,174.11000061035156,175.05999755859375,170.91000366210938,171.4199981689453,162.48109436035156,32790800
2020-04-24,172.05999755859375,174.55999755859375,170.7100067138672,174.5500030517578,165.44784545898438,34277600
2020-04-27,176.58999633789062,176.89999389648438,173.3000030517578,174.0500030517578,164.9739227294922,33194400
2020-04-28,175.58999633789062,175.6699981689453,169.38999938964844,169.80999755859375,160.95506286621094,34392700
2020-04-29,173.22000122070312,177.67999267578125,171.8800048828125,177.42999267578125,168.17767333984375,51286600
2020-04-30,180.0,180.39999389648438,176.22999572753906,179.2100067138672,169.8648681640625,53875900
2020-05-01,175.8000030517578,178.63999938964844,174.00999450683594,174.57000732421875,165.46682739257812,39370500
2020-05-04,174.49000549316406,179.0,173.8000030517578,178.83999633789062,169.5141143798828,30372900
2020-05-05,180.6199951171875,183.64999389648438,179.89999389648438,180.75999450683594,171.33399963378906,36839200
2020-05-06,182.0800018310547,184.1999969482422,181.6300048828125,182.5399932861328,173.02120971679688,32139300
2020-05-07,184.1699981689453,184.5500030517578,182.5800018310547,183.60000610351562,174.02590942382812,28316000
2020-05-08,184.97999572753906,185.0,183.36000061035156,184.67999267578125,175.04962158203125,30877800
2020-05-11,183.14999389648438,187.50999450683594,182.85000610351562,186.74000549316406,177.0021209716797,30892700
2020-05-12,186.8000030517578,187.0399932861328,182.3000030517578,182.50999450683594,172.99278259277344,32038200
2020-05-13,182.5500030517578,184.0500030517578,176.5399932861328,179.75,170.37667846679688,44711500
2020-05-14,177.5399932861328,180.69000244140625,175.67999267578125,180.52999877929688,171.1160125732422,41873900
2020-05-15,179.05999755859375,187.05999755859375,177.0,183.16000366210938,173.60887145996094,46610400
2020-05-18,185.75,186.1999969482422,183.9600067138672,184.91000366210938,175.26763916015625,35264500
2020-05-19,185.02999877929688,186.60000610351562,183.49000549316406,183.6300048828125,174.05435180664062,26799100
2020-05-20,184.80999755859375,185.85000610351562,183.94000244140625,185.66000366210938,176.4686279296875,31261300
2020-05-21,185.39999389648438,186.6699981689453,183.2899932861328,183.42999267578125,174.34902954101562,29119500
2020-05-22,183.19000244140625,184.4600067138672,182.5399932861328,183.50999450683594,174.425048828125,20826900
2020-05-26,186.33999633789062,186.5,181.10000610351562,181.57000732421875,172.58108520507812,36073600
2020-05-27,180.1999969482422,181.99000549316406,176.60000610351562,181.80999755859375,172.80923461914062,39517100
2020-05-28,180.74000549316406,184.14999389648438,180.3800048828125,181.39999389648438,172.41949462890625,33810200
2020-05-29,182.72999572753906,184.27000427246094,180.41000366210938,183.25,174.1779022216797,42130400
2020-06-01,182.5399932861328,183.0,181.4600067138672,182.8300018310547,173.7787322998047,22622400
2020-06-02,184.25,185.0,181.35000610351562,184.91000366210938,175.75576782226562,30794600
2020-06-03,184.82000732421875,185.94000244140625,183.5800018310547,185.36000061035156,176.1834716796875,27311000
2020-06-04,184.3000030517578,185.83999633789062,182.3000030517578,182.9199981689453,173.8642578125,28761800
2020-06-05,182.6199951171875,187.72999572753906,182.00999450683594,187.1999969482422,177.932373046875,39893600
2020-06-08,185.94000244140625,188.5500030517578,184.44000244140625,188.36000061035156,179.0349578857422,33211600
2020-06-09,188.0,190.6999969482422,187.25999450683594,189.8000030517578,180.40367126464844,29783900
2020-06-10,191.1300048828125,198.52000427246094,191.00999450683594,196.83999633789062,187.09512329101562,43872300
2020-06-11,193.1300048828125,195.75999450683594,186.07000732421875,186.27000427246094,177.04843139648438,52854700
2020-06-12,190.5399932861328,191.72000122070312,185.17999267578125,187.74000549316406,178.44564819335938,43373600
2020-06-15,184.5800018310547,190.82000732421875,184.00999450683594,188.94000244140625,179.5862579345703,32770200
2020-06-16,192.88999938964844,195.5800018310547,191.4600067138672,193.57000732421875,183.98704528808594,42556700
2020-06-17,195.02999877929688,196.32000732421875,193.69000244140625,194.24000549316406,184.62384033203125,25687800
2020-06-18,194.0,196.49000549316406,194.0,196.32000732421875,186.6008758544922,23061600
2020-06-19,198.58999633789062,199.2899932861328,194.3699951171875,195.14999389648438,185.4888153076172,44441100
2020-06-22,195.7899932861328,200.75999450683594,195.22999572753906,200.57000732421875,190.64047241210938,32818900
2020-06-23,202.08999633789062,203.9499969482422,201.42999267578125,201.91000366210938,191.9141387939453,30917400
2020-06-24,201.60000610351562,203.25,196.55999755859375,197.83999633789062,188.045654296875,36740600
2020-06-25,197.8000030517578,200.61000061035156,195.47000122070312,200.33999633789062,190.42190551757812,27803900
2020-06-26,199.72999572753906,199.88999938964844,194.8800048828125,196.3300018310547,186.61038208007812,54675800
2020-06-29,195.77999877929688,198.52999877929688,193.5500030517578,198.44000244140625,188.61590576171875,26701600
2020-06-30,197.8800048828125,204.39999389648438,197.74000549316406,203.50999450683594,193.4349365234375,34310300
2020-07-01,203.13999938964844,206.35000610351562,201.77000427246094,204.6999969482422,194.56600952148438,32061200
2020-07-02,205.67999267578125,208.02000427246094,205.0,206.25999450683594,196.0487823486328,29315800
2020-07-06,208.8300018310547,211.1300048828125,208.08999633789062,210.6999969482422,200.2689971923828,31897600
2020-07-07,210.4499969482422,214.6699981689453,207.99000549316406,208.25,197.9402618408203,33600700
2020-07-08,210.07000732421875,213.25999450683594,208.69000244140625,212.8300018310547,202.2935333251953,33600000
2020-07-09,216.3300018310547,216.3800048828125,211.47000122070312,214.32000732421875,203.7097930908203,33121700
2020-07-10,213.6199951171875,214.0800018310547,211.0800018310547,213.6699981689453,203.0919189453125,26177600
2020-07-13,214.47999572753906,215.8000030517578,206.5,207.07000732421875,196.81871032714844,38135600
2020-07-14,206.1300048828125,208.85000610351562,202.02999877929688,208.35000610351562,198.03536987304688,37591800
2020-07-15,209.55999755859375,211.3300018310547,205.02999877929688,208.0399932861328,197.7406768798828,32179400
2020-07-16,205.39999389648438,205.6999969482422,202.30999755859375,203.9199981689453,193.82461547851562,29940700
2020-07-17,204.47000122070312,205.0399932861328,201.38999938964844,202.8800048828125,192.8361053466797,31635300
2020-07-20,205.0,212.3000030517578,203.00999450683594,211.60000610351562,201.12445068359375,36884800
2020-07-21,213.66000366210938,213.94000244140625,208.02999877929688,208.75,198.41555786132812,37990400
2020-07-22,209.1999969482422,212.3000030517578,208.38999938964844,211.75,201.2670135498047,49605700
2020-07-23,207.19000244140625,210.9199981689453,202.14999389648438,202.5399932861328,192.51296997070312,67457000
2020-07-24,200.4199981689453,202.86000061035156,197.50999450683594,201.3000030517578,191.3343505859375,39827000
2020-07-27,201.47000122070312,203.97000122070312,200.86000061035156,203.85000610351562,193.75811767578125,30160900
2020-07-28,203.61000061035156,204.6999969482422,201.74000549316406,202.02000427246094,192.01870727539062,23251400
2020-07-29,202.5,204.64999389648438,202.00999450683594,204.05999755859375,193.95770263671875,19632600
2020-07-30,201.0,204.4600067138672,199.57000732421875,203.89999389648438,193.8056182861328,25079600
2020-07-31,204.39999389648438,205.10000610351562,199.00999450683594,205.00999450683594,194.86065673828125,51044000
2020-08-03,211.52000427246094,217.63999938964844,210.44000244140625,216.5399932861328,205.8198699951172,78983000
2020-08-04,214.1699981689453,214.77000427246094,210.30999755859375,213.2899932861328,202.73077392578125,49280100
2020-08-05,214.89999389648438,215.0,211.57000732421875,212.94000244140625,202.39808654785156,28806400
2020-08-06,212.33999633789062,216.3699951171875,211.5500030517578,216.35000610351562,205.63929748535156,32656800
2020-08-07,214.85000610351562,215.6999969482422,210.92999267578125,212.47999572753906,201.9608612060547,27820400
2020-08-10,211.6699981689453,211.8800048828125,206.35000610351562,208.25,197.9402618408203,36716500
2020-08-11,207.16000366210938,207.64999389648438,203.13999938964844,203.3800048828125,193.31138610839844,36446500
2020-08-12,205.2899932861328,210.27999877929688,204.75,209.19000244140625,198.83372497558594,28013100
2020-08-13,209.44000244140625,211.35000610351562,208.14999389648438,208.6999969482422,198.36801147460938,22588900
2020-08-14,208.75999450683594,209.58999633789062,207.50999450683594,208.89999389648438,198.55807495117188,17958900
2020-08-17,209.60000610351562,211.19000244140625,208.9199981689453,210.27999877929688,199.86973571777344,20184800
2020-08-18,210.52999877929688,212.36000061035156,209.2100067138672,211.49000549316406,201.01986694335938,21336200
2020-08-19,211.49000549316406,212.10000610351562,209.25,209.6999969482422,199.80027770996094,27627600
2020-08-20,209.5399932861328,215.0,208.91000366210938,214.5800018310547,204.44993591308594,26981500
2020-08-21,213.86000061035156,216.25,212.85000610351562,213.02000427246094,202.96359252929688,36249300
2020-08-24,214.7899932861328,215.52000427246094,212.42999267578125,213.69000244140625,203.60194396972656,25460100
2020-08-25,213.10000610351562,216.61000061035156,213.10000610351562,216.47000122070312,206.25067138671875,23043700
2020-08-26,217.8800048828125,222.08999633789062,217.36000061035156,221.14999389648438,210.70974731445312,39600800
2020-08-27,222.88999938964844,231.14999389648438,219.39999389648438,226.5800018310547,215.88343811035156,57602200
2020-08-28,228.17999267578125,230.63999938964844,226.5800018310547,228.91000366210938,218.10342407226562,26292900
2020-08-31,227.0,228.6999969482422,224.30999755859375,225.52999877929688,214.88299560546875,28774200
2020-09-01,225.50999450683594,227.4499969482422,224.42999267578125,227.27000427246094,216.54083251953125,25725500
2020-09-02,227.97000122070312,232.86000061035156,227.35000610351562,231.64999389648438,220.71408081054688,34080800
2020-09-03,229.27000427246094,229.30999755859375,214.9600067138672,217.3000030517578,207.04147338867188,58400300
2020-09-04,215.10000610351562,218.36000061035156,205.19000244140625,214.25,204.135498046875,59664100
2020-09-08,206.5,210.02999877929688,202.1999969482422,202.66000366210938,193.09268188476562,52924300
2020-09-09,207.60000610351562,214.83999633789062,206.6999969482422,211.2899932861328,201.3152313232422,45679000
2020-09-10,213.39999389648438,214.74000549316406,204.11000061035156,205.3699951171875,195.6747283935547,35461500
2020-09-11,207.1999969482422,208.6300048828125,201.24000549316406,204.02999877929688,194.3979949951172,33620100
2020-09-14,204.24000549316406,209.1999969482422,204.02999877929688,205.41000366210938,195.7128143310547,30375800
2020-09-15,208.4199981689453,209.77999877929688,206.92999267578125,208.77999877929688,198.9237518310547,21823900
2020-09-16,210.6199951171875,210.64999389648438,204.63999938964844,205.0500030517578,195.36985778808594,26328100
2020-09-17,200.0500030517578,204.3300018310547,199.9600067138672,202.91000366210938,193.33082580566406,34011300
2020-09-18,202.8000030517578,203.64999389648438,196.25,200.38999938964844,190.92979431152344,55225300
2020-09-21,197.19000244140625,202.7100067138672,196.3800048828125,202.5399932861328,192.97833251953125,39839700
2020-09-22,205.05999755859375,208.10000610351562,202.0800018310547,207.4199981689453,197.62794494628906,33517100
2020-09-23,207.89999389648438,208.10000610351562,200.02999877929688,200.58999633789062,191.12042236328125,30803800
2020-09-24,199.85000610351562,205.57000732421875,199.1999969482422,203.19000244140625,193.59765625,31202500
2020-09-25,203.5500030517578,209.0399932861328,202.5399932861328,207.82000732421875,198.009033203125,29437300
2020-09-28,210.8800048828125,212.57000732421875,208.05999755859375,209.44000244140625,199.5526123046875,32004900
2020-09-29,209.35000610351562,210.07000732421875,206.80999755859375,207.25999450683594,197.47549438476562,24221900
2020-09-30,207.72999572753906,211.97999572753906,206.5399932861328,210.3300018310547,200.4005584716797,33829100
2020-10-01,213.49000549316406,213.99000549316406,211.32000732421875,212.4600067138672,202.4300079345703,27158400
2020-10-02,208.0,210.99000549316406,205.5399932861328,206.19000244140625,196.45603942871094,33154800
2020-10-05,207.22000122070312,210.41000366210938,206.97999572753906,210.3800048828125,200.44822692871094,21331600
2020-10-06,208.82000732421875,210.17999267578125,204.82000732421875,205.91000366210938,196.1892547607422,28554300
2020-10-07,207.05999755859375,210.11000061035156,206.72000122070312,209.8300018310547,199.9241485595703,25681100
2020-10-08,210.50999450683594,211.19000244140625,208.32000732421875,210.5800018310547,200.6387481689453,19925800
2020-10-09,211.22999572753906,215.86000061035156,211.22999572753906,215.80999755859375,205.6218719482422,26458000
2020-10-12,218.7899932861328,223.86000061035156,216.80999755859375,221.39999389648438,210.9479522705078,40461400
2020-10-13,222.72000122070312,225.2100067138672,220.42999267578125,222.86000061035156,212.3390655517578,28950800
2020-10-14,223.0,224.22000122070312,219.1300048828125,220.86000061035156,210.43345642089844,23421700
2020-10-15,217.10000610351562,220.36000061035156,216.00999450683594,219.66000366210938,209.29010009765625,22733100
2020-10-16,220.14999389648438,222.2899932861328,219.32000732421875,219.66000366210938,209.29010009765625,26057900
2020-10-19,220.4199981689453,222.3000030517578,213.72000122070312,214.22000122070312,204.10690307617188,27625800
2020-10-20,215.8000030517578,217.3699951171875,213.08999633789062,214.64999389648438,204.51663208007812,22753500
2020-10-21,213.1199951171875,216.9199981689453,213.1199951171875,214.8000030517578,204.6595458984375,22724900
2020-10-22,213.92999267578125,216.05999755859375,211.6999969482422,214.88999938964844,204.7452850341797,22351500
2020-10-23,215.02999877929688,216.27999877929688,213.16000366210938,216.22999572753906,206.02200317382812,18879600
2020-10-26,213.85000610351562,216.33999633789062,208.10000610351562,210.0800018310547,200.162353515625,37111600
2020-10-27,211.58999633789062,214.6699981689453,210.3300018310547,213.25,203.18272399902344,36700300
2020-10-28,207.6699981689453,208.83999633789062,202.10000610351562,202.67999267578125,193.11166381835938,51195600
2020-10-29,204.07000732421875,207.36000061035156,203.3699951171875,204.72000122070312,195.055419921875,31432600
2020-10-30,203.5,204.2899932861328,199.6199951171875,202.47000122070312,192.91162109375,36953700
2020-11-02,204.2899932861328,205.27999877929688,200.1199951171875,202.3300018310547,192.7782440185547,30842200
2020-11-03,203.88999938964844,208.1199951171875,203.1199951171875,206.42999267578125,196.68466186523438,27512000
2020-11-04,214.02000427246094,218.32000732421875,212.4199981689453,216.38999938964844,206.1744842529297,42311800
2020-11-05,222.0399932861328,224.1199951171875,221.14999389648438,223.2899932861328,212.7487030029297,36080100
2020-11-06,222.25999450683594,224.36000061035156,218.02999877929688,223.72000122070312,213.15843200683594,25231900
2020-11-09,224.44000244140625,228.1199951171875,217.8800048828125,218.38999938964844,208.0800323486328,44395000
2020-11-10,214.5,216.5,209.72000122070312,211.00999450683594,201.0485076904297,44045100
2020-11-11,212.38999938964844,218.0399932861328,212.1999969482422,216.5500030517578,206.32696533203125,29440800
2020-11-12,217.2100067138672,219.11000061035156,214.4600067138672,215.44000244140625,205.2693328857422,21593900
2020-11-13,216.36000061035156,217.4199981689453,214.16000366210938,216.50999450683594,206.28880310058594,18621100
2020-11-16,214.8699951171875,217.74000549316406,214.52000427246094,217.22999572753906,206.97482299804688,24953300
2020-11-17,216.10000610351562,217.67999267578125,214.0800018310547,214.4600067138672,204.33558654785156,24154100
2020-11-18,213.64999389648438,215.1699981689453,210.92999267578125,211.0800018310547,201.64169311523438,28372800
2020-11-19,211.3800048828125,213.02999877929688,209.92999267578125,212.4199981689453,202.92178344726562,24792700
2020-11-20,212.1999969482422,213.2899932861328,210.0,210.38999938964844,200.98257446289062,22843100
2020-11-23,210.9499969482422,212.2899932861328,208.16000366210938,210.11000061035156,200.715087890625,25683500
2020-11-24,209.58999633789062,214.25,208.86000061035156,213.86000061035156,204.29734802246094,33979700
2020-11-25,215.11000061035156,215.2899932861328,212.4600067138672,213.8699951171875,204.30694580078125,21012900
2020-11-27,214.85000610351562,216.27000427246094,214.0399932861328,215.22999572753906,205.60614013671875,14512200
2020-11-30,214.10000610351562,214.75999450683594,210.83999633789062,214.07000732421875,204.49798583984375,33064800
2020-12-01,214.50999450683594,217.32000732421875,213.35000610351562,216.2100067138672,206.54232788085938,30904500
2020-12-02,214.8800048828125,215.47000122070312,212.8000030517578,215.3699951171875,205.73983764648438,23724500
2020-12-03,214.61000061035156,216.3800048828125,213.64999389648438,214.24000549316406,204.66036987304688,25120900
2020-12-04,214.22000122070312,215.3800048828125,213.17999267578125,214.36000061035156,204.7750244140625,24666000
2020-12-07,214.3699951171875,215.5399932861328,212.99000549316406,214.2899932861328,204.7081298828125,24620000
2020-12-08,213.97000122070312,216.9499969482422,212.88999938964844,216.00999450683594,206.3512420654297,23284100
2020-12-09,215.16000366210938,215.22999572753906,211.2100067138672,211.8000030517578,202.32948303222656,32440600
2020-12-10,211.77000427246094,213.0800018310547,210.36000061035156,210.52000427246094,201.10671997070312,26733300
2020-12-11,210.0500030517578,213.32000732421875,209.11000061035156,213.25999450683594,203.7241973876953,30979400
2020-12-14,213.10000610351562,216.2100067138672,212.8800048828125,214.1999969482422,204.6221923828125,28798400
2020-12-15,215.1699981689453,215.4199981689453,212.24000549316406,214.1300048828125,204.5552978515625,27000600
2020-12-16,214.75,220.11000061035156,214.72000122070312,219.27999877929688,209.47503662109375,35023300
2020-12-17,219.8699951171875,220.88999938964844,217.9199981689453,219.4199981689453,209.60873413085938,32515800
2020-12-18,218.58999633789062,219.69000244140625,216.02000427246094,218.58999633789062,208.81588745117188,63354900
2020-12-21,217.5500030517578,224.0,217.27999877929688,222.58999633789062,212.63697814941406,37181900
2020-12-22,222.69000244140625,225.6300048828125,221.85000610351562,223.94000244140625,213.9266815185547,22612200
2020-12-23,223.11000061035156,223.55999755859375,220.8000030517578,221.02000427246094,211.13722229003906,18699600
2020-12-24,221.4199981689453,223.61000061035156,221.1999969482422,222.75,212.7898406982422,10550600
2020-12-28,224.4499969482422,226.02999877929688,223.02000427246094,224.9600067138672,214.9010467529297,17933500
2020-12-29,226.30999755859375,227.17999267578125,223.5800018310547,224.14999389648438,214.12721252441406,17403200
2020-12-30,225.22999572753906,225.6300048828125,221.47000122070312,221.67999267578125,211.7677001953125,20272300
2020-12-31,221.6999969482422,223.0,219.67999267578125,222.4199981689453,212.47463989257812,20942100
2021-01-04,222.52999877929688,223.0,214.80999755859375,217.69000244140625,207.9561309814453,37130100
2021-01-05,217.25999450683594,218.52000427246094,215.6999969482422,217.89999389648438,208.15673828125,23823000
2021-01-06,212.1699981689453,216.49000549316406,211.94000244140625,212.25,202.75933837890625,35930700
2021-01-07,214.0399932861328,219.33999633789062,213.7100067138672,218.2899932861328,208.52931213378906,27694500
2021-01-08,218.67999267578125,220.5800018310547,217.02999877929688,219.6199951171875,209.79983520507812,22956200
2021-01-11,218.47000122070312,218.91000366210938,216.72999572753906,217.49000549316406,207.76510620117188,23031300
2021-01-12,216.5,217.10000610351562,213.32000732421875,214.92999267578125,205.3195037841797,23249300
2021-01-13,214.02000427246094,216.75999450683594,213.92999267578125,216.33999633789062,206.66648864746094,20087100
2021-01-14,215.91000366210938,217.4600067138672,212.74000549316406,213.02000427246094,203.49493408203125,29480800
2021-01-15,213.52000427246094,214.50999450683594,212.02999877929688,212.64999389648438,203.14146423339844,31746500
2021-01-19,213.75,216.97999572753906,212.6300048828125,216.44000244140625,206.7620391845703,30480900
2021-01-20,217.6999969482422,225.7899932861328,217.2899932861328,224.33999633789062,214.3087615966797,37777300
2021-01-21,224.6999969482422,226.3000030517578,222.4199981689453,224.97000122070312,214.91058349609375,30709400
2021-01-22,227.0800018310547,230.07000732421875,225.8000030517578,225.9499969482422,215.8468017578125,30172700
2021-01-25,229.1199951171875,229.77999877929688,224.22000122070312,229.52999877929688,219.26670837402344,33152100
2021-01-26,231.86000061035156,234.17999267578125,230.0800018310547,232.3300018310547,221.9415283203125,49169600
2021-01-27,238.0,240.44000244140625,230.13999938964844,232.89999389648438,222.48605346679688,69870600
2021-01-28,235.61000061035156,242.63999938964844,235.08999633789062,238.92999267578125,228.24639892578125,49111200
2021-01-29,235.99000549316406,238.02000427246094,231.35000610351562,231.9600067138672,221.5880584716797,42503100
2021-02-01,235.05999755859375,242.5,232.42999267578125,239.64999389648438,228.93418884277344,33314200
2021-02-02,241.3000030517578,242.30999755859375,238.69000244140625,239.50999450683594,228.8004608154297,25916300
2021-02-03,239.57000732421875,245.08999633789062,239.25999450683594,243.0,232.1343994140625,27158100
2021-02-04,242.66000366210938,243.24000549316406,240.3699951171875,242.00999450683594,231.18865966796875,25296100
2021-02-05,242.22999572753906,243.27999877929688,240.4199981689453,242.1999969482422,231.3701629638672,18054800
2021-02-08,243.14999389648438,243.67999267578125,240.80999755859375,242.47000122070312,231.62808227539062,22211900
2021-02-09,241.8699951171875,244.75999450683594,241.3800048828125,243.77000427246094,232.86996459960938,23565000
2021-02-10,245.0,245.9199981689453,240.88999938964844,242.82000732421875,231.9624481201172,22186700
2021-02-11,244.77999877929688,245.14999389648438,242.14999389648438,244.49000549316406,233.55775451660156,15751100
2021-02-12,243.92999267578125,245.3000030517578,242.72999572753906,244.99000549316406,234.0354461669922,16561100
2021-02-16,245.02999877929688,246.1300048828125,242.9199981689453,243.6999969482422,232.8031005859375,26728500
2021-02-17,241.32000732421875,244.30999755859375,240.94000244140625,244.1999969482422,233.81800842285156,21653500
2021-02-18,241.8000030517578,243.92999267578125,240.86000061035156,243.7899932861328,233.4254608154297,16925600
2021-02-19,243.75,243.86000061035156,240.17999267578125,240.97000122070312,230.72532653808594,25262600
2021-02-22,237.4199981689453,237.92999267578125,232.39999389648438,234.50999450683594,224.53994750976562,36446900
2021-02-23,230.3300018310547,234.8300018310547,228.72999572753906,233.27000427246094,223.35272216796875,30228700
2021-02-24,230.00999450683594,235.1999969482422,229.0,234.5500030517578,224.57833862304688,26339700
2021-02-25,232.0800018310547,234.58999633789062,227.8800048828125,228.99000549316406,219.2546844482422,39542200
2021-02-26,231.52999877929688,235.3699951171875,229.5399932861328,232.3800048828125,222.5005645751953,37819200
2021-03-01,235.89999389648438,237.47000122070312,233.14999389648438,236.94000244140625,226.86666870117188,25324000
2021-03-02,237.00999450683594,237.3000030517578,233.4499969482422,233.8699951171875,223.92718505859375,22812500
2021-03-03,232.16000366210938,233.5800018310547,227.25999450683594,227.55999755859375,217.88548278808594,34029500
2021-03-04,226.74000549316406,232.49000549316406,224.25999450683594,226.72999572753906,217.09072875976562,44727800
2021-03-05,229.52000427246094,233.27000427246094,226.4600067138672,231.60000610351562,221.75372314453125,41872800
2021-03-08,231.3699951171875,233.3699951171875,227.1300048828125,227.38999938964844,217.7227020263672,35267400
2021-03-09,232.8800048828125,235.3800048828125,231.6699981689453,233.77999877929688,223.84104919433594,33080500
2021-03-10,237.0,237.0,232.0399932861328,232.4199981689453,222.53883361816406,29746800
2021-03-11,234.9600067138672,239.1699981689453,234.30999755859375,237.1300048828125,227.0486297607422,29907600
2021-03-12,234.00999450683594,235.82000732421875,233.22999572753906,235.75,225.7272491455078,22653700
2021-03-15,234.9600067138672,235.19000244140625,231.80999755859375,234.80999755859375,224.82723999023438,26034900
2021-03-16,236.27999877929688,240.05999755859375,235.94000244140625,237.7100067138672,227.6039581298828,28092200
2021-03-17,236.14999389648438,238.5500030517578,233.22999572753906,237.0399932861328,226.96240234375,29562100
2021-03-18,232.55999755859375,234.19000244140625,230.3300018310547,230.72000122070312,220.9111328125,34833000
2021-03-19,231.02000427246094,232.47000122070312,229.35000610351562,230.35000610351562,220.5568389892578,46430700
2021-03-22,230.27000427246094,236.89999389648438,230.13999938964844,235.99000549316406,225.95709228515625,30127000
2021-03-23,237.49000549316406,241.0500030517578,237.07000732421875,237.5800018310547,227.4794464111328,31638400
2021-03-24,237.85000610351562,238.0,235.32000732421875,235.4600067138672,225.44960021972656,25620100
2021-03-25,235.3000030517578,236.94000244140625,231.57000732421875,232.33999633789062,222.46226501464844,34061900
2021-03-26,231.5500030517578,236.7100067138672,231.5500030517578,236.47999572753906,226.42625427246094,25479900
2021-03-29,236.58999633789062,236.8000030517578,231.8800048828125,235.24000549316406,225.23895263671875,25227500
2021-03-30,233.52999877929688,233.85000610351562,231.10000610351562,231.85000610351562,221.99310302734375,24792000
2021-03-31,232.91000366210938,239.10000610351562,232.38999938964844,235.77000427246094,225.74644470214844,43623500
2021-04-01,238.47000122070312,242.83999633789062,238.0500030517578,242.35000610351562,232.04666137695312,30338000
2021-04-05,242.75999450683594,249.9600067138672,242.6999969482422,249.07000732421875,238.48097229003906,36910600
2021-04-06,247.61000061035156,249.39999389648438,246.8800048828125,247.86000061035156,237.32244873046875,22931900
2021-04-07,247.80999755859375,250.92999267578125,247.19000244140625,249.89999389648438,239.2756805419922,22719800
2021-04-08,252.77000427246094,254.13999938964844,252.0,253.25,242.48329162597656,23625200
2021-04-09,252.8699951171875,255.99000549316406,252.44000244140625,255.85000610351562,244.9727020263672,24326800
2021-04-12,254.7100067138672,257.6700134277344,254.6199951171875,255.91000366210938,245.03018188476562,27148700
2021-04-13,257.260009765625,259.19000244140625,256.8299865722656,258.489990234375,247.50047302246094,23837500
2021-04-14,257.4800109863281,258.8299865722656,255.16000366210938,255.58999633789062,244.72378540039062,23070900
2021-04-15,257.92999267578125,259.92999267578125,257.7300109863281,259.5,248.46755981445312,25627500
2021-04-16,259.4700012207031,261.0,257.6000061035156,260.739990234375,249.65484619140625,24878600
2021-04-19,260.19000244140625,261.4800109863281,257.82000732421875,258.739990234375,247.73985290527344,23209300
2021-04-20,257.82000732421875,260.20001220703125,256.8399963378906,258.260009765625,247.28030395507812,19722900
2021-04-21,258.94000244140625,260.67999267578125,257.25,260.5799865722656,249.50161743164062,24030400
2021-04-22,260.2099914550781,261.7799987792969,255.63999938964844,257.1700134277344,246.236572265625,25606200
2021-04-23,257.8800048828125,261.510009765625,257.2699890136719,261.1499938964844,250.04742431640625,21462600
2021-04-26,261.6600036621094,262.44000244140625,260.1700134277344,261.54998779296875,250.4303741455078,19763300
2021-04-27,261.5799865722656,263.19000244140625,260.1199951171875,261.9700012207031,250.8325653076172,31014200
2021-04-28,256.0799865722656,256.5400085449219,252.9499969482422,254.55999755859375,243.73757934570312,46903100
2021-04-29,255.4600067138672,256.1000061035156,249.0,252.50999450683594,241.7747344970703,40589000
2021-04-30,249.74000549316406,253.0800018310547,249.60000610351562,252.17999267578125,241.458740234375,30945100
2021-05-03,253.39999389648438,254.35000610351562,251.1199951171875,251.86000061035156,241.15237426757812,19626600
2021-05-04,250.97000122070312,251.2100067138672,245.75999450683594,247.7899932861328,237.25538635253906,32756100
2021-05-05,249.05999755859375,249.5,245.82000732421875,246.47000122070312,235.9915313720703,21901300
2021-05-06,246.4499969482422,249.86000061035156,244.69000244140625,249.72999572753906,239.11293029785156,26491100
2021-05-07,252.14999389648438,254.3000030517578,251.1699981689453,252.4600067138672,241.7268829345703,27032900
2021-05-10,250.8699951171875,251.72999572753906,247.1199951171875,247.17999267578125,236.67132568359375,29299900
2021-05-11,244.5500030517578,246.60000610351562,242.57000732421875,246.22999572753906,235.76173400878906,33641600
2021-05-12,242.1699981689453,244.3800048828125,238.07000732421875,239.0,228.83912658691406,36684400
2021-05-13,241.8000030517578,245.60000610351562,241.4199981689453,243.02999877929688,232.69778442382812,29624300
2021-05-14,245.5800018310547,249.17999267578125,245.49000549316406,248.14999389648438,237.60006713867188,23901100
2021-05-17,246.5500030517578,246.58999633789062,243.52000427246094,245.17999267578125,234.75637817382812,24970200
2021-05-18,246.27000427246094,246.41000366210938,242.89999389648438,243.0800018310547,232.74563598632812,20168000
2021-05-19,239.30999755859375,243.22999572753906,238.60000610351562,243.1199951171875,233.32147216796875,25739800
2021-05-20,243.9600067138672,247.9499969482422,243.86000061035156,246.47999572753906,236.5460205078125,21800700
2021-05-21,247.57000732421875,248.3300018310547,244.74000549316406,245.1699981689453,235.28884887695312,21863100
2021-05-24,247.7899932861328,251.16000366210938,247.50999450683594,250.77999877929688,240.67274475097656,21411500
2021-05-25,251.77000427246094,252.75,250.82000732421875,251.72000122070312,241.57489013671875,17704300
2021-05-26,251.42999267578125,252.94000244140625,250.75,251.49000549316406,241.35414123535156,17771600
2021-05-27,251.1699981689453,251.47999572753906,249.25,249.30999755859375,239.26199340820312,24426200
2021-05-28,251.0,252.0800018310547,249.55999755859375,249.67999267578125,239.6171112060547,18270200
2021-06-01,251.22999572753906,251.2899932861328,246.9600067138672,247.39999389648438,237.428955078125,23213300
2021-06-02,248.1300048828125,249.27000427246094,245.83999633789062,247.3000030517578,237.33299255371094,19406700
2021-06-03,245.22000122070312,246.33999633789062,243.0,245.7100067138672,235.8070831298828,25307700
2021-06-04,247.75999450683594,251.64999389648438,247.50999450683594,250.7899932861328,240.68231201171875,25281100
2021-06-07,249.97999572753906,254.08999633789062,249.80999755859375,253.80999755859375,243.5806427001953,23079200
2021-06-08,255.16000366210938,256.010009765625,252.50999450683594,252.57000732421875,242.39059448242188,22455000
2021-06-09,253.80999755859375,255.52999877929688,253.2100067138672,253.58999633789062,243.36949157714844,17937600
2021-06-10,254.2899932861328,257.4599914550781,253.6699981689453,257.239990234375,246.87237548828125,24563600
2021-06-11,257.989990234375,258.489990234375,256.6099853515625,257.8900146484375,247.49618530273438,18999700
2021-06-14,257.8999938964844,259.95001220703125,256.79998779296875,259.8900146484375,249.41561889648438,19150500
2021-06-15,259.7699890136719,259.989990234375,257.67999267578125,258.3599853515625,247.9472198486328,18038900
2021-06-16,259.3999938964844,260.5799865722656,254.4199981689453,257.3800048828125,247.00674438476562,27220000
2021-06-17,256.07000732421875,261.75,256.010009765625,260.8999938964844,250.38485717773438,27565500
2021-06-18,259.6300048828125,262.29998779296875,258.75,259.42999267578125,248.97410583496094,37202200
2021-06-21,259.82000732421875,263.5199890136719,257.9200134277344,262.6300048828125,252.04513549804688,26696100
2021-06-22,262.7200012207031,265.7900085449219,262.3999938964844,265.510009765625,254.80906677246094,24694100
2021-06-23,265.989990234375,266.8299865722656,264.42999267578125,265.2699890136719,254.57875061035156,19518700
2021-06-24,266.1600036621094,267.8500061035156,265.4700012207031,266.69000244140625,255.94163513183594,21446900
2021-06-25,266.2300109863281,267.25,264.760009765625,265.0199890136719,254.33888244628906,25611100
2021-06-28,266.19000244140625,268.8999938964844,265.9100036621094,268.7200012207031,257.8896789550781,19590000
2021-06-29,268.8699951171875,271.6499938964844,267.9800109863281,271.3999938964844,260.4617004394531,19937800
2021-06-30,270.69000244140625,271.3599853515625,269.6000061035156,270.8999938964844,259.9818115234375,21656500
2021-07-01,269.6099853515625,271.8399963378906,269.6000061035156,271.6000061035156,260.6536560058594,16725300
2021-07-02,272.82000732421875,278.0,272.5,277.6499938964844,266.4598388671875,26458000
2021-07-06,278.0299987792969,279.3699951171875,274.29998779296875,277.6600036621094,266.4693908691406,31565600
2021-07-07,279.3999938964844,280.69000244140625,277.1499938964844,279.92999267578125,268.64788818359375,23260000
2021-07-08,276.8999938964844,278.7300109863281,274.8699951171875,277.4200134277344,266.2390441894531,24618600
2021-07-09,275.7200012207031,278.04998779296875,275.32000732421875,277.94000244140625,266.7381286621094,23916700
2021-07-12,279.1600036621094,279.7699890136719,276.5799865722656,277.32000732421875,266.14312744140625,18931700
2021-07-13,277.5199890136719,282.8500061035156,277.3900146484375,280.9800109863281,269.6556701660156,26120100
2021-07-14,282.3500061035156,283.6600036621094,280.54998779296875,282.510009765625,271.1239318847656,23113700
2021-07-15,282.0,282.510009765625,279.8299865722656,281.0299987792969,269.7035827636719,22604200
2021-07-16,282.07000732421875,284.1000061035156,279.4599914550781,280.75,269.4348449707031,26186800
2021-07-19,278.92999267578125,280.3699951171875,274.45001220703125,277.010009765625,265.8455810546875,32935600
2021-07-20,278.0299987792969,280.9700012207031,276.260009765625,279.32000732421875,268.0625,26259700
2021-07-21,278.8999938964844,281.5199890136719,277.2900085449219,281.3999938964844,270.0587158203125,24364300
2021-07-22,283.8399963378906,286.4200134277344,283.4200134277344,286.1400146484375,274.6075439453125,23384100
2021-07-23,287.3699951171875,289.989990234375,286.5,289.6700134277344,277.99542236328125,22768100
2021-07-26,289.0,289.69000244140625,286.6400146484375,289.04998779296875,277.4003601074219,23176100
2021-07-27,289.42999267578125,289.5799865722656,282.95001220703125,286.5400085449219,274.991455078125,33604100
2021-07-28,288.989990234375,290.1499938964844,283.8299865722656,286.2200012207031,274.6843566894531,33566900
2021-07-29,286.239990234375,288.6199951171875,286.0799865722656,286.5,274.953125,18168300
2021-07-30,285.1700134277344,286.6600036621094,283.9100036621094,284.9100036621094,273.42718505859375,20944800
2021-08-02,286.3599853515625,286.7699890136719,283.739990234375,284.82000732421875,273.3408508300781,16267400
2021-08-03,285.4200134277344,287.2300109863281,284.0,287.1199951171875,275.5481262207031,17879000
2021-08-04,286.2200012207031,287.5899963378906,284.6499938964844,286.510009765625,274.962646484375,16191300
2021-08-05,286.8800048828125,289.6300048828125,286.1000061035156,289.5199890136719,277.851318359375,13900200
2021-08-06,288.510009765625,289.5,287.6199951171875,289.4599914550781,277.7937927246094,16589300
2021-08-09,289.75,291.54998779296875,287.80999755859375,288.3299865722656,276.7093505859375,16117600
2021-08-10,288.79998779296875,289.25,285.20001220703125,286.44000244140625,274.8955078125,18616600
2021-08-11,287.2099914550781,288.6600036621094,285.8599853515625,286.95001220703125,275.38507080078125,13955900
2021-08-12,286.6300048828125,289.9700012207031,286.3399963378906,289.80999755859375,278.1296691894531,14561300
2021-08-13,289.4800109863281,292.8999938964844,289.29998779296875,292.8500061035156,281.0471496582031,18249000
2021-08-16,293.19000244140625,294.82000732421875,290.0199890136719,294.6000061035156,282.7266845703125,22507600
2021-08-17,292.3900146484375,293.42999267578125,291.0799865722656,293.0799865722656,281.26788330078125,20075300
2021-08-18,292.0400085449219,294.82000732421875,290.2699890136719,290.7300109863281,279.5467834472656,21813000
2021-08-19,288.69000244140625,297.4700012207031,288.6400146484375,296.7699890136719,285.3544616699219,29850500
2021-08-20,299.7200012207031,305.8399963378906,298.05999755859375,304.3599853515625,292.6524963378906,40817600
2021-08-23,303.25,305.3999938964844,301.8500061035156,304.6499938964844,292.9312744140625,22830200
2021-08-24,305.0199890136719,305.6499938964844,302.0,302.6199951171875,290.97943115234375,18175800
2021-08-25,304.29998779296875,304.5899963378906,300.4200134277344,302.010009765625,290.392822265625,20006100
2021-08-26,300.989990234375,302.42999267578125,298.95001220703125,299.0899963378906,287.5852355957031,17666100
2021-08-27,298.989990234375,300.8699951171875,296.8299865722656,299.7200012207031,288.19097900390625,22605700
2021-08-30,301.1199951171875,304.2200012207031,301.05999755859375,303.5899963378906,291.912109375,16348100
2021-08-31,304.4200134277344,304.5,301.5,301.8800048828125,290.2678527832031,26285300
2021-09-01,302.8699951171875,305.19000244140625,301.489990234375,301.8299865722656,290.2198181152344,18983800
2021-09-02,302.20001220703125,303.3599853515625,300.17999267578125,301.1499938964844,289.56597900390625,16285600
2021-09-03,300.989990234375,302.6000061035156,300.260009765625,301.1400146484375,289.5562744140625,14747900
2021-09-07,301.010009765625,301.0899963378906,298.20001220703125,300.17999267578125,288.63336181640625,17180400
2021-09-08,299.7799987792969,300.6099853515625,297.4700012207031,300.2099914550781,288.6621398925781,15046800
2021-09-09,300.82000732421875,302.1400146484375,297.0,297.25,285.81597900390625,19927000
2021-09-10,298.4200134277344,299.9200134277344,295.3800048828125,295.7099914550781,284.3351745605469,19633400
2021-09-13,297.54998779296875,298.5400085449219,294.0799865722656,296.989990234375,285.5660095214844,23652900
2021-09-14,299.55999755859375,301.3900146484375,298.1000061035156,299.7900085449219,288.25830078125,21853400
2021-09-15,303.260009765625,305.32000732421875,301.82000732421875,304.82000732421875,293.09478759765625,28356300
2021-09-16,303.760009765625,305.30999755859375,300.760009765625,305.2200012207031,293.4793701171875,19550800
2021-09-17,304.1700134277344,304.5,299.5299987792969,299.8699951171875,288.335205078125,41372500
2021-09-20,296.3299865722656,298.7200012207031,289.5199890136719,294.29998779296875,282.97943115234375,38278700
2021-09-21,295.69000244140625,297.5400085449219,294.07000732421875,294.79998779296875,283.460205078125,22364100
2021-09-22,296.7300109863281,300.2200012207031,294.510009765625,298.5799865722656,287.0947570800781,26626300
2021-09-23,298.8500061035156,300.8999938964844,297.5299987792969,299.55999755859375,288.0371398925781,18604600
2021-09-24,298.2300109863281,299.79998779296875,296.92999267578125,299.3500061035156,287.83514404296875,14999000
2021-09-27,296.1400146484375,296.4700012207031,292.94000244140625,294.1700134277344,282.8544921875,23571700
2021-09-28,289.79998779296875,290.7799987792969,282.75,283.5199890136719,272.61407470703125,43186200
2021-09-29,285.1000061035156,286.7699890136719,283.010009765625,284.0,273.0756530761719,26353700
2021-09-30,285.7099914550781,287.8299865722656,281.6199951171875,281.9200134277344,271.07562255859375,32343600
2021-10-01,282.1199951171875,289.9800109863281,281.2900085449219,289.1000061035156,277.97943115234375,30086300
2021-10-04,287.3999938964844,287.75,280.25,283.1099853515625,272.2198486328125,31350700
2021-10-05,284.04998779296875,290.3999938964844,284.04998779296875,288.760009765625,277.65252685546875,24993000
2021-10-06,285.7799987792969,293.6300048828125,285.510009765625,293.1099853515625,281.835205078125,28002600
2021-10-07,295.17999267578125,296.6400146484375,293.9200134277344,294.8500061035156,283.5083923339844,20430500
2021-10-08,296.2200012207031,296.6400146484375,293.760009765625,294.8500061035156,283.5083923339844,17685700
2021-10-11,292.9200134277344,297.9700012207031,292.75,294.2300109863281,282.91217041015625,19298600
2021-10-12,295.3399963378906,295.44000244140625,292.3500061035156,292.8800048828125,281.6140441894531,17974100
2021-10-13,294.9100036621094,297.2799987792969,293.489990234375,296.30999755859375,284.91217041015625,23416300
2021-10-14,299.2099914550781,303.2699890136719,297.8299865722656,302.75,291.1044006347656,27262900
2021-10-15,302.3399963378906,304.45001220703125,300.5199890136719,304.2099914550781,292.50823974609375,25384800
2021-10-18,303.57000732421875,308.2099914550781,302.69000244140625,307.2900085449219,295.46978759765625,22729300
2021-10-19,308.3500061035156,309.29998779296875,307.2200012207031,308.2300109863281,296.3736877441406,17682100
2021-10-20,309.2099914550781,309.70001220703125,306.1099853515625,307.4100036621094,295.58514404296875,16537100
2021-10-21,307.1700134277344,311.0199890136719,306.3599853515625,310.760009765625,298.8063049316406,16918100
2021-10-22,310.3999938964844,311.0899963378906,307.79998779296875,309.1600036621094,297.2678527832031,17449300
2021-10-25,309.3599853515625,309.3999938964844,306.4599914550781,308.1300048828125,296.2774658203125,17554500
2021-10-26,311.0,312.3999938964844,308.6000061035156,310.1099853515625,298.1813049316406,28107300
2021-10-27,316.0,326.1000061035156,316.0,323.1700134277344,310.7389831542969,52588700
2021-10-28,324.3299865722656,324.8699951171875,321.3599853515625,324.3500061035156,311.87359619140625,26297900
2021-10-29,324.1300048828125,332.0,323.8999938964844,331.6199951171875,318.86383056640625,34766000
2021-11-01,331.3599853515625,331.489990234375,326.3699951171875,329.3699951171875,316.7004699707031,27073200
2021-11-02,330.30999755859375,333.45001220703125,330.0,333.1300048828125,320.3158264160156,26487100
2021-11-03,333.8999938964844,334.8999938964844,330.6499938964844,334.0,321.15234375,21500100
2021-11-04,332.8900146484375,336.5400085449219,329.510009765625,336.44000244140625,323.4985046386719,23992200
2021-11-05,338.510009765625,338.7900085449219,334.4200134277344,336.05999755859375,323.1330871582031,22570100
2021-11-08,337.29998779296875,337.6499938964844,334.44000244140625,336.989990234375,324.02728271484375,20897000
2021-11-09,337.1099853515625,338.7200012207031,334.5299987792969,335.95001220703125,323.0274353027344,21307400
2021-11-10,334.57000732421875,334.6300048828125,329.9200134277344,330.79998779296875,318.075439453125,25500900
2021-11-11,331.25,333.7699890136719,330.510009765625,332.42999267578125,319.6426696777344,16849800
2021-11-12,333.9200134277344,337.2300109863281,333.7900085449219,336.7200012207031,323.7677001953125,23831000
2021-11-15,337.5400085449219,337.8800048828125,334.0299987792969,336.07000732421875,323.1427307128906,16723000
2021-11-16,335.67999267578125,340.6700134277344,335.510009765625,339.510009765625,326.4504699707031,20886800
2021-11-17,338.94000244140625,342.19000244140625,338.0,339.1199951171875,326.6719055175781,19053400
2021-11-18,338.17999267578125,342.45001220703125,337.1199951171875,341.2699890136719,328.7430114746094,22463500
2021-11-19,342.6400146484375,345.1000061035156,342.20001220703125,343.1099853515625,330.5154724121094,21963400
2021-11-22,344.6199951171875,349.6700134277344,339.54998779296875,339.8299865722656,327.3558044433594,31031100
2021-11-23,337.04998779296875,339.45001220703125,333.55999755859375,337.67999267578125,325.2847595214844,30427600
2021-11-24,336.2799987792969,338.1600036621094,333.9100036621094,337.9100036621094,325.50634765625,21661300
2021-11-26,334.3500061035156,337.92999267578125,328.1199951171875,329.67999267578125,317.5784606933594,24217200
2021-11-29,334.94000244140625,339.0299987792969,334.739990234375,336.6300048828125,324.2734069824219,28563500
2021-11-30,335.32000732421875,337.7799987792969,328.989990234375,330.5899963378906,318.455078125,42885600
2021-12-01,335.1300048828125,339.2799987792969,329.3900146484375,330.0799865722656,317.9637451171875,33337600
2021-12-02,330.29998779296875,333.489990234375,327.79998779296875,329.489990234375,317.3954162597656,30766000
2021-12-03,331.989990234375,332.70001220703125,318.0299987792969,323.010009765625,311.1533203125,41779300
2021-12-06,323.95001220703125,327.45001220703125,319.2300109863281,326.19000244140625,314.2166442871094,30032600
2021-12-07,331.6400146484375,335.79998779296875,330.1000061035156,334.9200134277344,322.6260986328125,31021900
2021-12-08,335.30999755859375,335.5,330.79998779296875,334.9700012207031,322.67425537109375,24761000
2021-12-09,334.4100036621094,336.489990234375,332.1199951171875,333.1000061035156,320.8729553222656,22214200
2021-12-10,334.9800109863281,343.0,334.7900085449219,342.5400085449219,329.9664306640625,38095700
2021-12-13,340.67999267578125,343.7900085449219,339.0799865722656,339.3999938964844,326.9417724609375,28899400
2021-12-14,333.2200012207031,334.6400146484375,324.1099853515625,328.3399963378906,316.28765869140625,44438700
2021-12-15,328.6099853515625,335.19000244140625,324.5,334.6499938964844,322.3659973144531,35381100
2021-12-16,335.7099914550781,336.760009765625,323.0199890136719,324.8999938964844,312.97393798828125,35034800
2021-12-17,320.8800048828125,324.9200134277344,317.25,323.79998779296875,311.914306640625,47750300
2021-12-20,320.04998779296875,322.79998779296875,317.57000732421875,319.9100036621094,308.1670837402344,28326500
2021-12-21,323.2900085449219,327.7300109863281,319.79998779296875,327.2900085449219,315.2762451171875,24740600
2021-12-22,328.29998779296875,333.6099853515625,325.75,333.20001220703125,320.9693298339844,24831500
2021-12-23,332.75,336.3900146484375,332.7300109863281,334.69000244140625,322.4045715332031,19617800
2021-12-27,335.4599914550781,342.4800109863281,335.42999267578125,342.45001220703125,329.87969970703125,19947000
2021-12-28,343.1499938964844,343.80999755859375,340.32000732421875,341.25,328.7237548828125,15661500
2021-12-29,341.29998779296875,344.29998779296875,339.67999267578125,341.95001220703125,329.3981018066406,15042000
2021-12-30,341.9100036621094,343.1300048828125,338.82000732421875,339.32000732421875,326.86468505859375,15994500
2021-12-31,338.510009765625,339.3599853515625,335.8500061035156,336.32000732421875,323.9747314453125,18000800
2022-01-03,335.3500061035156,338.0,329.7799987792969,334.75,322.46234130859375,28865100
2022-01-04,334.8299865722656,335.20001220703125,326.1199951171875,329.010009765625,316.9330749511719,32674300
2022-01-05,325.8599853515625,326.07000732421875,315.9800109863281,316.3800048828125,304.7667541503906,40054300
2022-01-06,313.1499938964844,318.70001220703125,311.489990234375,313.8800048828125,302.35845947265625,39646100
2022-01-07,314.1499938964844,316.5,310.0899963378906,314.0400085449219,302.5125732421875,32720000
2022-01-10,309.489990234375,314.7200012207031,304.69000244140625,314.2699890136719,302.734130859375,44289500
2022-01-11,313.3800048828125,316.6099853515625,309.8900146484375,314.9800109863281,303.4181213378906,29386800
2022-01-12,319.6700134277344,323.4100036621094,317.0799865722656,318.2699890136719,306.58734130859375,34372200
2022-01-13,320.4700012207031,320.8800048828125,304.0,304.79998779296875,293.61175537109375,45366000
2022-01-14,304.25,310.82000732421875,303.75,310.20001220703125,298.8135986328125,39846400
2022-01-18,304.07000732421875,309.79998779296875,301.739990234375,302.6499938964844,291.5406494140625,42333200
2022-01-19,306.2900085449219,313.9100036621094,302.70001220703125,303.3299865722656,292.1956481933594,45933900
2022-01-20,309.07000732421875,311.6499938964844,301.1400146484375,301.6000061035156,290.5291748046875,35380700
2022-01-21,302.69000244140625,304.1099853515625,295.6099853515625,296.0299987792969,285.1636657714844,57984400
2022-01-24,292.20001220703125,297.1099853515625,276.04998779296875,296.3699951171875,285.4911804199219,85731500
2022-01-25,291.5199890136719,294.989990234375,285.1700134277344,288.489990234375,277.9004211425781,72848600
2022-01-26,307.989990234375,308.5,293.0299987792969,296.7099914550781,285.8186950683594,90428900
2022-01-27,302.6600036621094,307.29998779296875,297.92999267578125,299.8399963378906,288.83380126953125,53481300
2022-01-28,300.2300109863281,308.4800109863281,294.45001220703125,308.260009765625,296.9447937011719,49743700
2022-01-31,308.95001220703125,312.3800048828125,306.3699951171875,310.9800109863281,299.5649108886719,46444500
2022-02-01,310.4100036621094,310.6300048828125,305.1300048828125,308.760009765625,297.4263916015625,40950400
2022-02-02,309.6300048828125,315.1199951171875,308.8800048828125,313.4599914550781,301.9538269042969,36636000
2022-02-03,309.489990234375,311.2300109863281,299.9599914550781,301.25,290.1921081542969,43730000
2022-02-04,300.2099914550781,308.79998779296875,299.9700012207031,305.94000244140625,294.70989990234375,35096500
2022-02-07,306.1700134277344,307.8399963378906,299.8999938964844,300.95001220703125,289.903076171875,28533300
2022-02-08,301.25,305.55999755859375,299.95001220703125,304.55999755859375,293.3805847167969,32421200
2022-02-09,309.8699951171875,311.92999267578125,307.3900146484375,311.2099914550781,299.7864685058594,31284700
2022-02-10,304.0400085449219,309.1199951171875,300.70001220703125,302.3800048828125,291.28057861328125,45386200
2022-02-11,303.19000244140625,304.2900085449219,294.2200012207031,295.0400085449219,284.2099914550781,39175600
2022-02-14,293.7699890136719,296.760009765625,291.3500061035156,295.0,284.1714782714844,36359500
2022-02-15,300.010009765625,300.79998779296875,297.0199890136719,300.4700012207031,289.44073486328125,27058300
2022-02-16,298.3699951171875,300.8699951171875,293.67999267578125,299.5,289.1028137207031,29982100
2022-02-17,296.3599853515625,296.79998779296875,290.0,290.7300109863281,280.6373291015625,32461600
2022-02-18,293.04998779296875,293.8599853515625,286.30999755859375,287.92999267578125,277.9344177246094,34264000
2022-02-22,285.0,291.5400085449219,284.5,287.7200012207031,277.7317199707031,41736100
2022-02-23,290.17999267578125,291.70001220703125,280.1000061035156,280.2699890136719,270.5404357910156,37811200
2022-02-24,272.510009765625,295.1600036621094,271.5199890136719,294.5899963378906,284.36328125,56989700
2022-02-25,295.1400146484375,297.6300048828125,291.6499938964844,297.30999755859375,286.98883056640625,32546700
2022-02-28,294.30999755859375,299.1400146484375,293.0,298.7900085449219,288.41754150390625,34627500
2022-03-01,296.3999938964844,299.9700012207031,292.1499938964844,294.95001220703125,284.7107849121094,31217800
2022-03-02,295.3599853515625,301.4700012207031,293.70001220703125,300.19000244140625,289.7688903808594,31873000
2022-03-03,302.8900146484375,303.1300048828125,294.04998779296875,295.9200134277344,285.6471862792969,27314500
2022-03-04,294.2900085449219,295.6600036621094,287.1700134277344,289.8599853515625,279.7974548339844,32356500
2022-03-07,288.5299987792969,289.69000244140625,278.5299987792969,278.9100036621094,269.2276611328125,43157200
2022-03-08,277.79998779296875,283.9599914550781,270.0,275.8500061035156,266.27386474609375,48159500
2022-03-09,283.44000244140625,289.6000061035156,280.7799987792969,288.5,278.48468017578125,35204500
2022-03-10,283.0199890136719,286.6000061035156,280.5799865722656,285.5899963378906,275.6756896972656,30628000
2022-03-11,287.9599914550781,289.510009765625,279.42999267578125,280.07000732421875,270.3473205566406,27209300
2022-03-14,280.3399963378906,285.3999938964844,275.82000732421875,276.44000244140625,266.8433837890625,30660700
2022-03-15,280.3500061035156,287.82000732421875,278.7300109863281,287.1499938964844,277.1816101074219,34245100
2022-03-16,289.1099853515625,294.57000732421875,283.20001220703125,294.3900146484375,284.17022705078125,37826300
2022-03-17,293.2900085449219,295.6099853515625,289.3699951171875,295.2200012207031,284.97137451171875,30816600
2022-03-18,295.3699951171875,301.0,292.7300109863281,300.42999267578125,290.0005187988281,43390600
2022-03-21,298.8900146484375,300.1400146484375,294.8999938964844,299.1600036621094,288.77459716796875,28351200
2022-03-22,299.79998779296875,305.0,298.7699890136719,304.05999755859375,293.50457763671875,27599700
2022-03-23,300.510009765625,303.2300109863281,297.7200012207031,299.489990234375,289.09320068359375,25715400
2022-03-24,299.1400146484375,304.20001220703125,298.32000732421875,304.1000061035156,293.5431823730469,24484500
2022-03-25,305.2300109863281,305.5,299.2900085449219,303.67999267578125,293.1377258300781,22566500
2022-03-28,304.3299865722656,310.79998779296875,304.3299865722656,310.70001220703125,299.9140625,29578200
2022-03-29,313.9100036621094,315.82000732421875,309.04998779296875,315.4100036621094,304.46051025390625,30393400
2022-03-30,313.760009765625,315.95001220703125,311.5799865722656,313.8599853515625,302.9643249511719,28163600
2022-03-31,313.8999938964844,315.1400146484375,307.8900146484375,308.30999755859375,297.6069641113281,33422100
2022-04-01,309.3699951171875,310.1300048828125,305.5400085449219,309.4200134277344,298.678466796875,27110500
2022-04-04,310.0899963378906,315.1099853515625,309.7099914550781,314.9700012207031,304.0357971191406,24289600
2022-04-05,313.2699890136719,314.8699951171875,309.8699951171875,310.8800048828125,300.0877990722656,23156700
2022-04-06,305.19000244140625,307.0,296.7099914550781,299.5,289.1028137207031,40110400
2022-04-07,296.6600036621094,303.6499938964844,296.3500061035156,301.3699951171875,290.9078674316406,31411200
2022-04-08,300.44000244140625,301.1199951171875,296.2799987792969,296.9700012207031,286.66064453125,24361900
2022-04-11,291.7900085449219,292.6099853515625,285.0,285.260009765625,275.3571472167969,34569300
2022-04-12,289.239990234375,290.739990234375,280.489990234375,282.05999755859375,272.2682800292969,30966700
2022-04-13,282.7300109863281,288.5799865722656,281.29998779296875,287.6199951171875,277.63519287109375,21907200
2022-04-14,288.0899963378906,288.30999755859375,279.32000732421875,279.8299865722656,270.1157531738281,28221600
2022-04-18,278.9100036621094,282.4599914550781,278.3399963378906,280.5199890136719,270.7817687988281,20778000
2022-04-19,279.3800048828125,286.1700134277344,278.4100036621094,285.29998779296875,275.39581298828125,22297700
2022-04-20,289.3999938964844,289.70001220703125,285.3699951171875,286.3599853515625,276.4189453125,22906700
2022-04-21,288.5799865722656,293.29998779296875,280.05999755859375,280.80999755859375,271.06158447265625,29454600
2022-04-22,281.67999267578125,283.20001220703125,273.3800048828125,274.0299987792969,264.5170593261719,29405800
2022-04-25,273.2900085449219,281.1099853515625,270.7699890136719,280.7200012207031,270.9748229980469,35678900
2022-04-26,277.5,278.3599853515625,270.0,270.2200012207031,260.83929443359375,46518400
2022-04-27,282.1000061035156,290.9700012207031,279.1600036621094,283.2200012207031,273.3880615234375,63477700
2022-04-28,285.19000244140625,290.9800109863281,281.4599914550781,289.6300048828125,279.575439453125,33646600
2022-04-29,288.6099853515625,289.8800048828125,276.5,277.5199890136719,267.8858337402344,37073900
2022-05-02,277.7099914550781,284.94000244140625,276.2200012207031,284.4700012207031,274.5945739746094,35151100
2022-05-03,283.9599914550781,284.1300048828125,280.1499938964844,281.7799987792969,271.99798583984375,25978600
2022-05-04,282.5899963378906,290.8800048828125,276.7300109863281,289.9800109863281,279.9133605957031,33599300
2022-05-05,285.5400085449219,286.3500061035156,274.3399963378906,277.3500061035156,267.72174072265625,43260400
2022-05-06,274.80999755859375,279.25,271.2699890136719,274.7300109863281,265.19281005859375,37780300
2022-05-09,270.05999755859375,272.3599853515625,263.32000732421875,264.5799865722656,255.39505004882812,47726000
2022-05-10,271.69000244140625,273.75,265.07000732421875,269.5,260.144287109375,39336400
2022-05-11,265.67999267578125,271.3599853515625,259.29998779296875,260.54998779296875,251.50494384765625,48975900
2022-05-12,257.69000244140625,259.8800048828125,250.02000427246094,255.35000610351562,246.48550415039062,51033800
2022-05-13,257.3500061035156,263.0400085449219,255.35000610351562,261.1199951171875,252.05520629882812,34925100
2022-05-16,259.9599914550781,265.82000732421875,255.77999877929688,261.5,252.42198181152344,32550900
2022-05-17,266.1099853515625,268.3299865722656,262.4599914550781,266.82000732421875,257.55731201171875,28828800
2022-05-18,263.0,263.6000061035156,252.77000427246094,254.0800018310547,245.83084106445312,31356000
2022-05-19,253.89999389648438,257.6700134277344,251.8800048828125,253.13999938964844,244.92132568359375,32692300
2022-05-20,257.239990234375,258.5400085449219,246.44000244140625,252.55999755859375,244.36019897460938,39199300
2022-05-23,255.49000549316406,261.5,253.42999267578125,260.6499938964844,252.18751525878906,33175400
2022-05-24,257.8900146484375,261.3299865722656,253.5,259.6199951171875,251.19097900390625,29043900
2022-05-25,258.1400146484375,264.5799865722656,257.1300048828125,262.5199890136719,253.9967498779297,28547900
2022-05-26,262.2699890136719,267.1099853515625,261.42999267578125,265.8999938964844,257.2670593261719,25002100
2022-05-27,268.4800109863281,273.3399963378906,267.55999755859375,273.239990234375,264.36871337890625,26910800
2022-05-31,272.5299987792969,274.7699890136719,268.92999267578125,271.8699951171875,263.0432434082031,37827700
2022-06-01,275.20001220703125,277.69000244140625,270.0400085449219,272.4200134277344,263.57537841796875,25292200
2022-06-02,264.45001220703125,274.6499938964844,261.6000061035156,274.5799865722656,265.6651916503906,44008200
2022-06-03,270.30999755859375,273.45001220703125,268.4100036621094,270.0199890136719,261.2532958984375,28059000
2022-06-06,272.05999755859375,274.17999267578125,267.2200012207031,268.75,260.0245666503906,22400300
2022-06-07,266.6400146484375,273.1300048828125,265.94000244140625,272.5,263.6528015136719,22860700
2022-06-08,271.7099914550781,273.0,269.6099853515625,270.4100036621094,261.63067626953125,17372300
2022-06-09,267.7799987792969,272.7099914550781,264.6300048828125,264.7900085449219,256.19305419921875,26439700
2022-06-10,260.5799865722656,260.5799865722656,252.52999877929688,252.99000549316406,244.77622985839844,31422800
2022-06-13,245.11000061035156,249.02000427246094,241.52999877929688,242.25999450683594,234.39456176757812,46135800
2022-06-14,243.86000061035156,245.74000549316406,241.50999450683594,244.49000549316406,236.55218505859375,28651500
2022-06-15,248.30999755859375,255.3000030517578,246.4199981689453,251.75999450683594,243.58616638183594,33111700
2022-06-16,245.97999572753906,247.4199981689453,243.02000427246094,244.97000122070312,237.01661682128906,33169200
2022-06-17,244.6999969482422,250.5,244.02999877929688,247.64999389648438,239.6095733642578,43084800
2022-06-21,250.25999450683594,254.75,249.50999450683594,253.74000549316406,245.5018768310547,29928300
2022-06-22,251.88999938964844,257.1700134277344,250.3699951171875,253.1300048828125,244.91168212890625,25939900
2022-06-23,255.57000732421875,259.3699951171875,253.6300048828125,258.8599853515625,250.4556121826172,25861400
2022-06-24,261.80999755859375,267.9800109863281,261.7200012207031,267.70001220703125,259.0086364746094,33923200
2022-06-27,268.2099914550781,268.29998779296875,263.2799987792969,264.8900146484375,256.28985595703125,24615100
2022-06-28,263.9800109863281,266.9100036621094,256.32000732421875,256.4800109863281,248.1529541015625,27295500
2022-06-29,257.5899963378906,261.9700012207031,255.75999450683594,260.260009765625,251.8101806640625,20069800
2022-06-30,257.04998779296875,259.5299987792969,252.89999389648438,256.8299865722656,248.49151611328125,31730900
2022-07-01,256.3900146484375,259.7699890136719,254.61000061035156,259.5799865722656,251.1522216796875,22837700
2022-07-05,256.1600036621094,262.9800109863281,254.74000549316406,262.8500061035156,254.3160858154297,22941000
2022-07-06,263.75,267.989990234375,262.3999938964844,266.2099914550781,257.5669860839844,23824400
2022-07-07,265.1199951171875,269.05999755859375,265.0199890136719,268.3999938964844,259.6858825683594,20859900
2022-07-08,264.7900085449219,268.1000061035156,263.2900085449219,267.6600036621094,258.9698791503906,19658800
2022-07-11,265.6499938964844,266.5299987792969,262.17999267578125,264.510009765625,255.92222595214844,19455200
2022-07-12,265.8800048828125,265.94000244140625,252.0399932861328,253.6699981689453,245.4341278076172,35868500
2022-07-13,250.19000244140625,253.5500030517578,248.11000061035156,252.72000122070312,244.51499938964844,29497400
2022-07-14,250.57000732421875,255.13999938964844,245.94000244140625,254.0800018310547,245.83084106445312,25102800
2022-07-15,255.72000122070312,260.3699951171875,254.77000427246094,256.7200012207031,248.3851318359375,29774100
2022-07-18,259.75,260.8399963378906,253.3000030517578,254.25,245.99530029296875,20975000
2022-07-19,257.5799865722656,259.7200012207031,253.67999267578125,259.5299987792969,251.10391235351562,25012600
2022-07-20,259.8999938964844,264.8699951171875,258.9100036621094,262.2699890136719,253.7549591064453,22788300
2022-07-21,259.7900085449219,264.8900146484375,257.0299987792969,264.8399963378906,256.2414245605469,22404700
2022-07-22,265.239990234375,265.3299865722656,259.07000732421875,260.3599853515625,251.90687561035156,21881300
2022-07-25,261.0,261.5,256.80999755859375,258.8299865722656,250.42660522460938,21056000
2022-07-26,259.8599853515625,259.8800048828125,249.57000732421875,251.89999389648438,243.7216339111328,39348000
2022-07-27,261.1600036621094,270.04998779296875,258.8500061035156,268.739990234375,260.0148620605469,45994000
2022-07-28,269.75,277.8399963378906,267.8699951171875,276.4100036621094,267.43585205078125,33459300
2022-07-29,277.70001220703125,282.0,276.6300048828125,280.739990234375,271.625244140625,32152800
2022-08-01,277.82000732421875,281.2799987792969,275.8399963378906,278.010009765625,268.98394775390625,21539600
2022-08-02,276.0,277.8900146484375,272.3800048828125,274.82000732421875,265.8974304199219,22754200
2022-08-03,276.760009765625,283.5,276.6099853515625,282.4700012207031,273.299072265625,23518900
2022-08-04,281.79998779296875,283.79998779296875,280.1700134277344,283.6499938964844,274.4407958984375,18098700
2022-08-05,279.1499938964844,283.6499938964844,278.67999267578125,282.9100036621094,273.72479248046875,16774600
2022-08-08,284.04998779296875,285.9200134277344,279.32000732421875,280.32000732421875,271.2188415527344,18739200
2022-08-09,279.6400146484375,283.0799865722656,277.6099853515625,282.29998779296875,273.13458251953125,23405200
2022-08-10,288.1700134277344,289.80999755859375,286.94000244140625,289.1600036621094,279.7718505859375,24687800
2022-08-11,290.8500061035156,291.2099914550781,286.510009765625,287.0199890136719,277.7013244628906,20065900
2022-08-12,288.4800109863281,291.9100036621094,286.94000244140625,291.9100036621094,282.4326171875,22619700
2022-08-15,291.0,294.17999267578125,290.1099853515625,293.4700012207031,283.94195556640625,18085700
2022-08-16,291.989990234375,294.0400085449219,290.4200134277344,292.7099914550781,283.2066345214844,18102900
2022-08-17,289.739990234375,293.3500061035156,289.4700012207031,291.32000732421875,282.4600524902344,18253400
2022-08-18,290.19000244140625,291.9100036621094,289.0799865722656,290.1700134277344,281.34503173828125,17186200
2022-08-19,288.8999938964844,289.25,285.55999755859375,286.1499938964844,277.4472961425781,20570000
2022-08-22,282.0799865722656,282.4599914550781,277.2200012207031,277.75,269.30279541015625,25061100
2022-08-23,276.44000244140625,278.8599853515625,275.3999938964844,276.44000244140625,268.0325927734375,17527400
2022-08-24,275.4100036621094,277.2300109863281,275.1099853515625,275.7900085449219,267.40234375,18137000
2022-08-25,277.3299865722656,279.0199890136719,274.5199890136719,278.8500061035156,270.3692626953125,16583400
2022-08-26,279.0799865722656,280.3399963378906,267.9800109863281,268.0899963378906,259.9365539550781,27549300
2022-08-29,265.8500061035156,267.3999938964844,263.8500061035156,265.2300109863281,257.16351318359375,20338500
2022-08-30,266.6700134277344,267.04998779296875,260.6600036621094,262.9700012207031,254.9722442626953,22767100
2022-08-31,265.3900146484375,267.1099853515625,261.3299865722656,261.4700012207031,253.51791381835938,24791800
2022-09-01,258.8699951171875,260.8900146484375,255.41000366210938,260.3999938964844,252.48043823242188,23263400
2022-09-02,261.70001220703125,264.739990234375,254.47000122070312,256.05999755859375,248.27239990234375,22855400
2022-09-06,256.20001220703125,257.8299865722656,251.94000244140625,253.25,245.54786682128906,21328200
2022-09-07,254.6999969482422,258.8299865722656,253.22000122070312,258.0899963378906,250.24066162109375,24126700
2022-09-08,257.510009765625,260.42999267578125,254.7899932861328,258.5199890136719,250.65757751464844,20319900
2022-09-09,260.5,265.2300109863281,260.2900085449219,264.4599914550781,256.4169006347656,22084700
2022-09-12,265.7799987792969,267.45001220703125,265.1600036621094,266.6499938964844,258.540283203125,18747700
2022-09-13,258.8399963378906,260.3999938964844,251.58999633789062,251.99000549316406,244.32620239257812,33353300
2022-09-14,253.52999877929688,254.22999572753906,249.86000061035156,252.22000122070312,244.54920959472656,23913000
2022-09-15,249.77000427246094,251.39999389648438,244.02000427246094,245.3800048828125,237.91722106933594,31530900
2022-09-16,244.25999450683594,245.3000030517578,242.05999755859375,244.74000549316406,237.29673767089844,39791800
2022-09-19,242.47000122070312,245.13999938964844,240.85000610351562,244.52000427246094,237.08340454101562,26826900
2022-09-20,242.07000732421875,243.50999450683594,239.63999938964844,242.4499969482422,235.0763397216797,26660300
2022-09-21,244.27000427246094,247.66000366210938,238.89999389648438,238.9499969482422,231.6827850341797,28625600
2022-09-22,237.8699951171875,243.86000061035156,237.57000732421875,240.97999572753906,233.65101623535156,31061200
2022-09-23,239.5399932861328,241.1300048828125,235.1999969482422,237.9199981689453,230.68411254882812,34176000
2022-09-26,237.0500030517578,241.4499969482422,236.89999389648438,237.4499969482422,230.2283935546875,27694200
2022-09-27,239.97999572753906,241.8000030517578,234.5,236.41000366210938,229.22003173828125,27018700
2022-09-28,236.80999755859375,242.3300018310547,234.72999572753906,241.07000732421875,233.73828125,29029700
2022-09-29,238.88999938964844,239.9499969482422,234.41000366210938,237.5,230.27687072753906,27484200
2022-09-30,238.2899932861328,240.5399932861328,232.72999572753906,232.89999389648438,225.81678771972656,35694800
2022-10-03,235.41000366210938,241.61000061035156,234.66000366210938,240.74000549316406,233.41835021972656,28880400
2022-10-04,245.08999633789062,250.36000061035156,244.97999572753906,248.8800048828125,241.31080627441406,34888400
2022-10-05,245.99000549316406,250.5800018310547,244.10000610351562,249.1999969482422,241.62106323242188,20347100
2022-10-06,247.92999267578125,250.33999633789062,246.0800018310547,246.7899932861328,239.2843475341797,20239900
2022-10-07,240.89999389648438,241.32000732421875,233.1699981689453,234.24000549316406,227.11602783203125,37769600
2022-10-10,233.0500030517578,234.55999755859375,226.72999572753906,229.25,222.2777862548828,29743600
2022-10-11,227.6199951171875,229.05999755859375,224.11000061035156,225.41000366210938,218.55455017089844,30474000
2022-10-12,225.39999389648438,227.86000061035156,223.9600067138672,225.75,218.8842315673828,21903900
2022-10-13,219.85000610351562,236.10000610351562,219.1300048828125,234.24000549316406,227.11602783203125,42551800
2022-10-14,235.5399932861328,237.24000549316406,228.33999633789062,228.55999755859375,221.6087646484375,30198600
2022-10-17,235.82000732421875,238.9600067138672,235.13999938964844,237.52999877929688,230.3059844970703,28142300
2022-10-18,243.24000549316406,243.92999267578125,235.3699951171875,238.5,231.24644470214844,26329600
2022-10-19,237.0399932861328,239.61000061035156,234.2899932861328,236.47999572753906,229.28793334960938,19985700
2022-10-20,235.77000427246094,241.30999755859375,234.8699951171875,236.14999389648438,228.96792602539062,21811000
2022-10-21,234.74000549316406,243.0,234.5,242.1199951171875,234.75637817382812,26299700
2022-10-24,243.75999450683594,247.83999633789062,241.3000030517578,247.25,239.7303466796875,24911200
2022-10-25,247.25999450683594,251.0399932861328,245.8300018310547,250.66000366210938,243.0366668701172,34775500
2022-10-26,231.1699981689453,238.3000030517578,230.05999755859375,231.32000732421875,224.2848358154297,82543200
2022-10-27,231.0399932861328,233.69000244140625,225.77999877929688,226.75,219.8538360595703,40424600
2022-10-28,226.24000549316406,236.60000610351562,226.0500030517578,235.8699951171875,228.69650268554688,40647700
2022-10-31,233.75999450683594,234.9199981689453,231.14999389648438,232.1300048828125,225.07020568847656,28357300
2022-11-01,234.60000610351562,235.74000549316406,227.3300018310547,228.1699981689453,221.2305908203125,30592300
2022-11-02,229.4600067138672,231.3000030517578,220.0399932861328,220.10000610351562,213.40606689453125,38407000
2022-11-03,220.08999633789062,220.41000366210938,213.97999572753906,214.25,207.73397827148438,36633900
2022-11-04,217.5500030517578,221.58999633789062,213.42999267578125,221.38999938964844,214.65684509277344,36789100
2022-11-07,221.99000549316406,228.41000366210938,221.27999877929688,227.8699951171875,220.93975830078125,33498000
2022-11-08,228.6999969482422,231.64999389648438,225.83999633789062,228.8699951171875,221.9093475341797,28192500
2022-11-09,227.3699951171875,228.6300048828125,224.3300018310547,224.50999450683594,217.68194580078125,27852900
2022-11-10,235.42999267578125,243.3300018310547,235.0,242.97999572753906,235.59022521972656,46268000
2022-11-11,242.99000549316406,247.99000549316406,241.92999267578125,247.11000061035156,239.59461975097656,34620200
2022-11-14,241.99000549316406,243.91000366210938,239.2100067138672,241.5500030517578,234.20370483398438,31123300
2022-11-15,245.66000366210938,247.0,240.02999877929688,241.97000122070312,234.61094665527344,31390100
2022-11-16,242.7899932861328,243.8000030517578,240.4199981689453,241.72999572753906,235.0387420654297,24093300
2022-11-17,237.77999877929688,243.25,237.6300048828125,241.67999267578125,234.9901123046875,23123500
2022-11-18,243.50999450683594,243.74000549316406,239.02999877929688,241.22000122070312,234.54287719726562,27613500
2022-11-21,241.42999267578125,244.6699981689453,241.19000244140625,242.0500030517578,235.34986877441406,26394700
2022-11-22,243.58999633789062,245.30999755859375,240.7100067138672,245.02999877929688,238.24737548828125,19665700
2022-11-23,245.11000061035156,248.27999877929688,244.27000427246094,247.5800018310547,240.72682189941406,19508500
2022-11-25,247.30999755859375,248.6999969482422,246.72999572753906,247.49000549316406,240.63931274414062,9200800
2022-11-28,246.0800018310547,246.64999389648438,240.8000030517578,241.75999450683594,235.06793212890625,24778200
2022-11-29,241.39999389648438,242.7899932861328,238.2100067138672,240.3300018310547,233.67750549316406,17956300
2022-11-30,240.57000732421875,255.3300018310547,239.86000061035156,255.13999938964844,248.07754516601562,47594200
2022-12-01,253.8699951171875,256.1199951171875,250.9199981689453,254.69000244140625,247.63999938964844,26041500
2022-12-02,249.82000732421875,256.05999755859375,249.69000244140625,255.02000427246094,247.9608917236328,21528500
2022-12-05,252.00999450683594,253.82000732421875,248.05999755859375,250.1999969482422,243.2742919921875,23435300
2022-12-06,250.82000732421875,251.86000061035156,243.77999877929688,245.1199951171875,238.3348846435547,22463700
2022-12-07,244.8300018310547,246.16000366210938,242.2100067138672,244.3699951171875,237.6056671142578,20481500
2022-12-08,244.83999633789062,248.74000549316406,243.05999755859375,247.39999389648438,240.55178833007812,22611800
2022-12-09,244.6999969482422,248.30999755859375,244.16000366210938,245.4199981689453,238.62660217285156,20609700
2022-12-12,247.4499969482422,252.5399932861328,247.1699981689453,252.50999450683594,245.52035522460938,30665100
2022-12-13,261.69000244140625,263.9200134277344,253.07000732421875,256.9200134277344,249.80828857421875,42196900
2022-12-14,257.1300048828125,262.5899963378906,254.30999755859375,257.2200012207031,250.09999084472656,35410900
2022-12-15,253.72000122070312,254.1999969482422,247.33999633789062,249.00999450683594,242.1172332763672,35560400
2022-12-16,248.5500030517578,249.83999633789062,243.50999450683594,244.69000244140625,237.9168243408203,86102000
2022-12-19,244.86000061035156,245.2100067138672,238.7100067138672,240.4499969482422,233.79417419433594,29696400
2022-12-20,239.39999389648438,242.91000366210938,238.4199981689453,241.8000030517578,235.10678100585938,25150800
2022-12-21,241.69000244140625,245.6199951171875,240.11000061035156,244.42999267578125,237.6639862060547,23690600
2022-12-22,241.25999450683594,241.99000549316406,233.8699951171875,238.19000244140625,231.59674072265625,28651700
2022-12-23,236.11000061035156,238.8699951171875,233.94000244140625,238.72999572753906,232.12173461914062,21207000
2022-12-27,238.6999969482422,238.92999267578125,235.8300018310547,236.9600067138672,230.4008026123047,16688600
2022-12-28,236.88999938964844,239.72000122070312,234.1699981689453,234.52999877929688,228.03807067871094,17457100
2022-12-29,235.64999389648438,241.9199981689453,235.64999389648438,241.00999450683594,234.3386688232422,19770700
2022-12-30,238.2100067138672,239.9600067138672,236.66000366210938,239.82000732421875,233.18162536621094,21938500
2023-01-03,243.0800018310547,245.75,237.39999389648438,239.5800018310547,232.94825744628906,25740000
2023-01-04,232.27999877929688,232.8699951171875,225.9600067138672,229.10000610351562,222.75836181640625,50623400
2023-01-05,227.1999969482422,227.5500030517578,221.75999450683594,222.30999755859375,216.15631103515625,39585600
2023-01-06,223.0,225.75999450683594,219.35000610351562,224.92999267578125,218.7037811279297,43613600
2023-01-09,226.4499969482422,231.24000549316406,226.41000366210938,227.1199951171875,220.83316040039062,27369800
2023-01-10,227.75999450683594,231.30999755859375,227.3300018310547,228.85000610351562,222.5152587890625,27033900
2023-01-11,231.2899932861328,235.9499969482422,231.11000061035156,235.77000427246094,229.24374389648438,28669300
2023-01-12,235.25999450683594,239.89999389648438,233.55999755859375,238.50999450683594,231.90786743164062,27269500
2023-01-13,237.0,239.3699951171875,234.9199981689453,239.22999572753906,232.60794067382812,21333300
2023-01-17,237.97000122070312,240.91000366210938,237.08999633789062,240.35000610351562,233.6969451904297,29831300
2023-01-18,241.57000732421875,242.3800048828125,235.52000427246094,235.80999755859375,229.28260803222656,30028700
2023-01-19,233.77999877929688,235.52000427246094,230.67999267578125,231.92999267578125,225.50999450683594,28623000
2023-01-20,234.86000061035156,240.74000549316406,234.50999450683594,240.22000122070312,233.57057189941406,35389800
2023-01-23,241.10000610351562,245.1699981689453,239.64999389648438,242.5800018310547,235.86520385742188,31934000
2023-01-24,242.5,243.9499969482422,240.44000244140625,242.0399932861328,235.34014892578125,40234400
2023-01-25,234.47999572753906,243.3000030517578,230.89999389648438,240.61000061035156,233.94976806640625,66526600
2023-01-26,243.64999389648438,248.30999755859375,242.0,248.0,241.13519287109375,33454500
2023-01-27,248.99000549316406,249.8300018310547,246.8300018310547,248.16000366210938,241.29074096679688,26498900
2023-01-30,244.50999450683594,245.60000610351562,242.1999969482422,242.7100067138672,235.9916534423828,25867400
2023-01-31,243.4499969482422,247.9499969482422,242.9499969482422,247.80999755859375,240.95042419433594,26541100
2023-02-01,248.0,255.17999267578125,245.47000122070312,252.75,245.75369262695312,31259900
2023-02-02,258.82000732421875,264.69000244140625,257.25,264.6000061035156,257.2756652832031,39940400
2023-02-03,259.5400085449219,264.20001220703125,257.1000061035156,258.3500061035156,251.19866943359375,29077300
2023-02-06,257.44000244140625,258.29998779296875,254.77999877929688,256.7699890136719,249.66241455078125,22518000
2023-02-07,260.5299987792969,268.7699890136719,260.0799865722656,267.55999755859375,260.1537170410156,50841400
2023-02-08,273.20001220703125,276.760009765625,266.2099914550781,266.7300109863281,259.34674072265625,54686000
2023-02-09,273.79998779296875,273.9800109863281,262.79998779296875,263.6199951171875,256.3227844238281,42375100
2023-02-10,261.5299987792969,264.0899963378906,260.6600036621094,263.1000061035156,255.81719970703125,25818500
2023-02-13,267.6400146484375,274.6000061035156,267.1499938964844,271.32000732421875,263.80963134765625,44630900
2023-02-14,272.6700134277344,274.9700012207031,269.2799987792969,272.1700134277344,264.6361389160156,37047900
2023-02-15,268.32000732421875,270.7300109863281,266.17999267578125,269.32000732421875,262.52093505859375,28922400
2023-02-16,264.0199890136719,266.739990234375,261.8999938964844,262.1499938964844,255.53192138671875,29603600
2023-02-17,259.3900146484375,260.0899963378906,256.0,258.05999755859375,251.54519653320312,30000100
2023-02-21,254.47999572753906,255.49000549316406,251.58999633789062,252.6699981689453,246.29129028320312,28397400
2023-02-22,254.08999633789062,254.33999633789062,250.33999633789062,251.50999450683594,245.16055297851562,22491100
2023-02-23,255.55999755859375,256.8399963378906,250.47999572753906,254.77000427246094,248.33824157714844,29219100
2023-02-24,249.9600067138672,251.0,248.10000610351562,249.22000122070312,242.9283447265625,24990900
2023-02-27,252.4600067138672,252.82000732421875,249.38999938964844,250.16000366210938,243.8446502685547,21190000
2023-02-28,249.07000732421875,251.49000549316406,248.72999572753906,249.4199981689453,243.12332153320312,22491000
2023-03-01,250.75999450683594,250.92999267578125,245.7899932861328,246.27000427246094,240.05282592773438,27565300
2023-03-02,246.5500030517578,251.39999389648438,245.61000061035156,251.11000061035156,244.77066040039062,24808200
2023-03-03,252.19000244140625,255.6199951171875,251.38999938964844,255.2899932861328,248.84512329101562,30760100
2023-03-06,256.42999267578125,260.1199951171875,255.97999572753906,256.8699951171875,250.3852081298828,24109800
2023-03-07,256.29998779296875,257.69000244140625,253.38999938964844,254.14999389648438,247.73391723632812,21473200
2023-03-08,254.0399932861328,254.5399932861328,250.80999755859375,253.6999969482422,247.29525756835938,17340200
2023-03-09,255.82000732421875,259.55999755859375,251.5800018310547,252.32000732421875,245.95013427734375,26653400
2023-03-10,251.0800018310547,252.7899932861328,247.60000610351562,248.58999633789062,242.3142547607422,28333900
2023-03-13,247.39999389648438,257.9100036621094,245.72999572753906,253.9199981689453,247.5096893310547,33339700
2023-03-14,256.75,261.07000732421875,255.86000061035156,260.7900085449219,254.206298828125,33620300
2023-03-15,259.9800109863281,266.4800109863281,259.2099914550781,265.44000244140625,258.7389221191406,46028000
2023-03-16,265.2099914550781,276.55999755859375,263.2799987792969,276.20001220703125,269.2273254394531,54768800
2023-03-17,278.260009765625,283.3299865722656,276.32000732421875,279.42999267578125,272.37567138671875,69527400
2023-03-20,276.9800109863281,277.4800109863281,269.8500061035156,272.2300109863281,265.35748291015625,43466600
2023-03-21,274.8800048828125,275.0,269.5199890136719,273.7799987792969,266.8683166503906,34558700
2023-03-22,273.3999938964844,281.0400085449219,272.17999267578125,272.2900085449219,265.4159240722656,34873300
2023-03-23,277.94000244140625,281.05999755859375,275.20001220703125,277.6600036621094,270.650390625,36610900
2023-03-24,277.239990234375,280.6300048828125,275.2799987792969,280.57000732421875,273.4869384765625,28172000
2023-03-27,280.5,281.4599914550781,275.5199890136719,276.3800048828125,269.4027099609375,26840200
2023-03-28,275.7900085449219,276.1400146484375,272.04998779296875,275.2300109863281,268.28173828125,21878600
2023-03-29,278.9599914550781,281.1400146484375,278.4100036621094,280.510009765625,273.428466796875,25087000
2023-03-30,284.2300109863281,284.4599914550781,281.4800109863281,284.04998779296875,276.87908935546875,25053400
2023-03-31,283.7300109863281,289.2699890136719,283.0,288.29998779296875,281.02178955078125,32766000
2023-04-03,286.5199890136719,288.2699890136719,283.95001220703125,287.2300109863281,279.9787292480469,24883300
2023-04-04,287.2300109863281,290.45001220703125,285.6700134277344,287.17999267578125,279.9300537109375,25824300
2023-04-05,285.8500061035156,287.1499938964844,282.9200134277344,284.3399963378906,277.1617736816406,22064800
2023-04-06,283.2099914550781,292.0799865722656,282.0299987792969,291.6000061035156,284.2384948730469,29770300
2023-04-10,289.2099914550781,289.6000061035156,284.7099914550781,289.3900146484375,282.0842590332031,23103000
2023-04-11,285.75,285.9800109863281,281.6400146484375,282.8299865722656,275.6898498535156,27276600
2023-04-12,284.7900085449219,287.010009765625,281.9599914550781,283.489990234375,276.33319091796875,27403400
2023-04-13,283.5899963378906,289.8999938964844,283.1700134277344,289.8399963378906,282.5229187011719,24222700
2023-04-14,287.0,288.4800109863281,283.69000244140625,286.1400146484375,278.9163513183594,20987900
2023-04-17,289.92999267578125,291.6000061035156,286.1600036621094,288.79998779296875,281.5091247558594,23836200
2023-04-18,291.57000732421875,291.760009765625,287.010009765625,288.3699951171875,281.0899658203125,20161800
2023-04-19,285.989990234375,289.04998779296875,284.5400085449219,288.45001220703125,281.1680603027344,17150300
2023-04-20,285.25,289.0299987792969,285.0799865722656,286.1099853515625,278.8869934082031,23244400
2023-04-21,285.010009765625,286.2699890136719,283.05999755859375,285.760009765625,278.5458984375,21676400
2023-04-24,282.0899963378906,284.95001220703125,278.7200012207031,281.7699890136719,274.6566162109375,26611000
2023-04-25,279.510009765625,281.6000061035156,275.3699951171875,275.4200134277344,268.4669189453125,45772200
2023-04-26,296.70001220703125,299.57000732421875,292.7300109863281,295.3699951171875,287.91326904296875,64599200
2023-04-27,295.9700012207031,305.20001220703125,295.25,304.8299865722656,297.13446044921875,46462600
2023-04-28,304.010009765625,308.92999267578125,303.30999755859375,307.260009765625,299.5031433105469,36469600
2023-05-01,306.9700012207031,308.6000061035156,305.1499938964844,305.55999755859375,297.84600830078125,21294100
2023-05-02,307.760009765625,309.17999267578125,303.9100036621094,305.4100036621094,297.69989013671875,26404400
2023-05-03,306.6199951171875,308.6099853515625,304.0899963378906,304.3999938964844,296.71533203125,22360800
2023-05-04,306.239990234375,307.760009765625,303.3999938964844,305.4100036621094,297.69989013671875,22519900
2023-05-05,305.7200012207031,311.9700012207031,304.2699890136719,310.6499938964844,302.8075256347656,28197100
2023-05-08,310.1300048828125,310.20001220703125,306.0899963378906,308.6499938964844,300.8580322265625,21318600
2023-05-09,308.0,310.0400085449219,306.30999755859375,307.0,299.2496643066406,21340800
2023-05-10,308.6199951171875,313.0,307.6700134277344,312.30999755859375,304.4256286621094,30078000
2023-05-11,310.1000061035156,311.1199951171875,306.260009765625,310.1099853515625,302.2811584472656,31680200
2023-05-12,310.54998779296875,310.6499938964844,306.6000061035156,308.9700012207031,301.1698913574219,19774700
2023-05-15,309.1000061035156,309.8999938964844,307.5899963378906,309.4599914550781,301.6475830078125,16336500
2023-05-16,309.8299865722656,313.7099914550781,309.8299865722656,311.739990234375,303.8700256347656,26730300
2023-05-17,312.2900085449219,314.42999267578125,310.739990234375,314.0,306.7420349121094,24315000
2023-05-18,314.5299987792969,319.0400085449219,313.7200012207031,318.5199890136719,311.1576232910156,27276000
2023-05-19,316.739990234375,318.75,316.3699951171875,318.3399963378906,310.9817199707031,27546700
2023-05-22,318.6000061035156,322.5899963378906,318.010009765625,321.17999267578125,313.7560729980469,24115700
2023-05-23,320.0299987792969,322.7200012207031,315.25,315.260009765625,307.9729309082031,30797200
2023-05-24,314.7300109863281,316.5,312.6099853515625,313.8500061035156,306.5954895019531,23384900
2023-05-25,323.239990234375,326.8999938964844,320.0,325.9200134277344,318.3865051269531,43301700
2023-05-26,324.0199890136719,333.3999938964844,323.8800048828125,332.8900146484375,325.1954040527344,36630600
2023-05-30,335.2300109863281,335.739990234375,330.5199890136719,331.2099914550781,323.55426025390625,29503100
2023-05-31,332.2900085449219,335.94000244140625,327.3299865722656,328.3900146484375,320.79949951171875,45950600
2023-06-01,325.92999267578125,333.5299987792969,324.7200012207031,332.5799865722656,324.892578125,26773900
2023-06-02,334.25,337.5,332.54998779296875,335.3999938964844,327.6474304199219,25873800
2023-06-05,335.2200012207031,338.55999755859375,334.6600036621094,335.94000244140625,328.1749572753906,21307100
2023-06-06,335.3299865722656,335.3699951171875,332.1700134277344,333.67999267578125,325.9671936035156,20396200
2023-06-07,331.6499938964844,334.489990234375,322.5,323.3800048828125,315.9052734375,40717100
2023-06-08,323.94000244140625,326.6400146484375,323.3500061035156,325.260009765625,317.7417907714844,23277700
2023-06-09,324.989990234375,329.989990234375,324.4100036621094,326.7900085449219,319.2364501953125,22529000
2023-06-12,328.5799865722656,332.1000061035156,325.1600036621094,331.8500061035156,324.1794738769531,24260300
2023-06-13,334.4700012207031,336.9800109863281,330.3900146484375,334.2900085449219,326.5630798339844,22951300
2023-06-14,334.3399963378906,339.0400085449219,332.80999755859375,337.3399963378906,329.5425720214844,26003800
2023-06-15,337.4800109863281,349.8399963378906,337.20001220703125,348.1000061035156,340.05389404296875,38899100
2023-06-16,351.32000732421875,351.4700012207031,341.95001220703125,342.3299865722656,334.417236328125,46552000
2023-06-20,339.30999755859375,342.0799865722656,335.8599853515625,338.04998779296875,330.23614501953125,26375400
2023-06-21,336.3699951171875,337.7300109863281,332.07000732421875,333.55999755859375,325.8499450683594,25117800
2023-06-22,334.1199951171875,340.1199951171875,333.3399963378906,339.7099914550781,331.8577575683594,23556800
2023-06-23,334.3599853515625,337.9599914550781,333.45001220703125,335.0199890136719,327.2762451171875,23146900
2023-06-26,333.7200012207031,336.1099853515625,328.489990234375,328.6000061035156,321.00457763671875,21520600
2023-06-27,331.8599853515625,336.1499938964844,329.29998779296875,334.57000732421875,326.8365478515625,24354100
2023-06-28,334.6600036621094,337.9800109863281,333.80999755859375,335.8500061035156,328.0870056152344,20259500
2023-06-29,334.7099914550781,336.1099853515625,332.6199951171875,335.04998779296875,327.30548095703125,16997000
2023-06-30,337.75,342.7300109863281,337.20001220703125,340.5400085449219,332.66864013671875,26832800
2023-07-03,339.19000244140625,340.8999938964844,336.57000732421875,337.989990234375,330.1775207519531,12508700
2023-07-05,335.0899963378906,341.6499938964844,334.7300109863281,338.1499938964844,330.3338623046875,18172400
2023-07-06,337.29998779296875,342.989990234375,335.5,341.2699890136719,333.3817138671875,28161200
2023-07-07,339.32000732421875,341.7900085449219,337.0,337.2200012207031,329.42535400390625,21214800
2023-07-10,334.6000061035156,335.2300109863281,327.5899963378906,331.8299865722656,324.159912109375,32791400
2023-07-11,331.05999755859375,332.8599853515625,327.0,332.4700012207031,324.78509521484375,26698200
2023-07-12,336.6000061035156,341.6499938964844,335.6700134277344,337.20001220703125,329.40582275390625,29995300
2023-07-13,339.55999755859375,343.739990234375,339.0199890136719,342.6600036621094,334.7395935058594,20567200
2023-07-14,347.5899963378906,351.42999267578125,344.30999755859375,345.239990234375,337.25994873046875,28352700
2023-07-17,345.67999267578125,346.989990234375,342.20001220703125,345.7300109863281,337.7386169433594,20363900
2023-07-18,345.8299865722656,366.7799987792969,342.1700134277344,359.489990234375,351.1805419921875,64738600
2023-07-19,361.75,362.4599914550781,352.44000244140625,355.0799865722656,346.8725280761719,39732900
2023-07-20,353.57000732421875,357.9700012207031,345.3699951171875,346.8699951171875,338.8522644042969,33778400
2023-07-21,349.1499938964844,350.29998779296875,339.8299865722656,343.7699890136719,335.8239440917969,69405400
2023-07-24,345.8500061035156,346.9200134277344,342.30999755859375,345.1099853515625,337.1329345703125,26678100
2023-07-25,347.1099853515625,351.8900146484375,345.07000732421875,350.9800109863281,342.8673095703125,41637700
2023-07-26,341.44000244140625,344.6700134277344,333.1099853515625,337.7699890136719,329.96258544921875,58383700
2023-07-27,340.4800109863281,341.3299865722656,329.04998779296875,330.7200012207031,323.0755920410156,39635300
2023-07-28,333.6700134277344,340.010009765625,333.1700134277344,338.3699951171875,330.5487365722656,28484900
2023-07-31,336.9200134277344,337.70001220703125,333.3599853515625,335.9200134277344,328.1554260253906,25446000
2023-08-01,335.19000244140625,338.5400085449219,333.70001220703125,336.3399963378906,328.5657043457031,18311900
2023-08-02,333.6300048828125,333.6300048828125,326.3599853515625,327.5,319.9300231933594,27761300
2023-08-03,326.0,329.8800048828125,325.95001220703125,326.6600036621094,319.10943603515625,18253700
2023-08-04,331.8800048828125,335.1400146484375,327.239990234375,327.7799987792969,320.2034606933594,23741500
2023-08-07,328.3699951171875,331.1099853515625,327.5199890136719,330.1099853515625,322.4796447753906,17741500
2023-08-08,326.9599914550781,328.75,323.0,326.04998779296875,318.5135498046875,22327600
2023-08-09,326.4700012207031,327.1099853515625,321.04998779296875,322.2300109863281,314.7818603515625,22373300
2023-08-10,326.0199890136719,328.260009765625,321.17999267578125,322.92999267578125,315.4656677246094,20113700
2023-08-11,320.260009765625,322.4100036621094,319.2099914550781,321.010009765625,313.5900573730469,24355500
2023-08-14,321.3900146484375,324.05999755859375,320.0799865722656,324.0400085449219,316.550048828125,18836100
2023-08-15,323.0,325.0899963378906,320.8999938964844,321.8599853515625,314.4203796386719,16966300
2023-08-16,320.79998779296875,324.4200134277344,319.79998779296875,320.3999938964844,313.65679931640625,20698900
2023-08-17,320.5400085449219,321.8699951171875,316.2099914550781,316.8800048828125,310.21087646484375,21257200
2023-08-18,314.489990234375,318.3800048828125,311.54998779296875,316.4800109863281,309.8193664550781,24755000
2023-08-21,317.92999267578125,322.7699890136719,317.0400085449219,321.8800048828125,315.1056823730469,24040000
2023-08-22,325.5,326.0799865722656,321.4599914550781,322.4599914550781,315.6734313964844,16084600
2023-08-23,323.82000732421875,329.20001220703125,323.4599914550781,327.0,320.117919921875,21166400
2023-08-24,332.8500061035156,332.9800109863281,319.9599914550781,319.9700012207031,313.23583984375,23281400
2023-08-25,321.4700012207031,325.3599853515625,318.79998779296875,322.9800109863281,316.18255615234375,21684100
2023-08-28,325.6600036621094,326.1499938964844,321.7200012207031,323.70001220703125,316.8873596191406,14808500
2023-08-29,321.8800048828125,328.9800109863281,321.8800048828125,328.4100036621094,321.49822998046875,19284600
2023-08-30,328.6700134277344,329.80999755859375,326.45001220703125,328.7900085449219,321.8702392578125,15222100
2023-08-31,329.20001220703125,330.9100036621094,326.7799987792969,327.760009765625,320.8619689941406,26411000
2023-09-01,331.30999755859375,331.989990234375,326.7799987792969,328.6600036621094,321.7429504394531,14942000
2023-09-05,329.0,334.8500061035156,328.6600036621094,333.54998779296875,326.53009033203125,18553900
2023-09-06,333.3800048828125,334.4599914550781,330.17999267578125,332.8800048828125,325.8741455078125,17535800
2023-09-07,331.2900085449219,333.0799865722656,329.0299987792969,329.9100036621094,322.9666748046875,18381000
2023-09-08,330.0899963378906,336.1600036621094,329.4599914550781,334.2699890136719,327.23486328125,19530100
2023-09-11,337.239990234375,338.4200134277344,335.42999267578125,337.94000244140625,330.8276672363281,16583300
2023-09-12,335.82000732421875,336.7900085449219,331.4800109863281,331.7699890136719,324.7875061035156,17565500
2023-09-13,331.30999755859375,336.8500061035156,331.1700134277344,336.05999755859375,328.98724365234375,16544400
2023-09-14,339.1499938964844,340.8599853515625,336.57000732421875,338.70001220703125,331.5716247558594,20267000
2023-09-15,336.9200134277344,337.3999938964844,329.6499938964844,330.2200012207031,323.2701416015625,37679800
2023-09-18,327.79998779296875,330.3999938964844,326.3599853515625,329.05999755859375,322.134521484375,16834200
2023-09-19,326.1700134277344,329.3900146484375,324.510009765625,328.6499938964844,321.7331237792969,16505900
2023-09-20,329.510009765625,329.5899963378906,320.510009765625,320.7699890136719,314.0190734863281,21436500
2023-09-21,319.260009765625,325.3500061035156,315.0,319.5299987792969,312.8050537109375,35560400
2023-09-22,321.32000732421875,321.45001220703125,316.1499938964844,317.010009765625,310.3382263183594,21447900
2023-09-25,316.5899963378906,317.6700134277344,315.0,317.5400085449219,310.8570251464844,17836000
2023-09-26,315.1300048828125,315.8800048828125,310.0199890136719,312.1400146484375,305.5707092285156,26297600
2023-09-27,312.29998779296875,314.29998779296875,309.69000244140625,312.7900085449219,306.2069396972656,19410100
2023-09-28,310.989990234375,315.4800109863281,309.45001220703125,313.6400146484375,307.0390930175781,19683600
2023-09-29,317.75,319.4700012207031,314.9800109863281,315.75,309.10467529296875,24147300
2023-10-02,316.2799987792969,321.8900146484375,315.17999267578125,321.79998779296875,315.0273132324219,20570000
2023-10-03,320.8299865722656,321.3900146484375,311.2099914550781,313.3900146484375,306.7943420410156,21033500
2023-10-04,314.0299987792969,320.0400085449219,314.0,318.9599914550781,312.24713134765625,20720100
2023-10-05,319.0899963378906,319.9800109863281,314.8999938964844,319.3599853515625,312.6386413574219,16965600
2023-10-06,316.54998779296875,329.19000244140625,316.29998779296875,327.260009765625,320.3724060058594,25673600
2023-10-09,324.75,330.29998779296875,323.17999267578125,329.82000732421875,322.8785705566406,19891200
2023-10-10,330.9599914550781,331.1000061035156,327.6700134277344,328.3900146484375,321.4786682128906,20557100
2023-10-11,331.2099914550781,332.82000732421875,329.1400146484375,332.4200134277344,325.423828125,20063200
2023-10-12,330.57000732421875,333.6300048828125,328.7200012207031,331.1600036621094,324.1903076171875,19313100
2023-10-13,332.3800048828125,333.8299865722656,326.3599853515625,327.7300109863281,320.8325500488281,21072400
2023-10-16,331.04998779296875,336.1400146484375,330.6000061035156,332.6400146484375,325.6391906738281,22158000
2023-10-17,329.5899963378906,333.4599914550781,327.4100036621094,332.05999755859375,325.0713806152344,18338500
2023-10-18,332.489990234375,335.5899963378906,328.29998779296875,330.1099853515625,323.1623840332031,23153600
2023-10-19,332.1499938964844,336.8800048828125,330.9100036621094,331.32000732421875,324.3469543457031,25052100
2023-10-20,331.7200012207031,331.9200134277344,325.45001220703125,326.6700134277344,319.79486083984375,25027700
2023-10-23,325.4700012207031,332.7300109863281,324.3900146484375,329.32000732421875,322.3891296386719,24374700
2023-10-24,331.29998779296875,331.8399963378906,327.6000061035156,330.5299987792969,323.5736083984375,31153600
2023-10-25,345.0199890136719,346.20001220703125,337.6199951171875,340.6700134277344,333.5002136230469,55053800
2023-10-26,340.5400085449219,341.6300048828125,326.94000244140625,327.8900146484375,320.98919677734375,37828500
2023-10-27,330.42999267578125,336.7200012207031,328.3999938964844,329.80999755859375,322.8687744140625,29856500
2023-10-30,333.4100036621094,339.45001220703125,331.8299865722656,337.30999755859375,330.2109069824219,22828100
2023-10-31,338.8500061035156,339.0,334.69000244140625,338.1099853515625,330.99407958984375,20265300
2023-11-01,339.7900085449219,347.4200134277344,339.6499938964844,346.07000732421875,338.7864990234375,28158800
2023-11-02,347.239990234375,348.8299865722656,344.7699890136719,348.32000732421875,340.98919677734375,24348100
2023-11-03,349.6300048828125,354.3900146484375,347.3299865722656,352.79998779296875,345.3749084472656,23637700
2023-11-06,353.45001220703125,357.5400085449219,353.3500061035156,356.5299987792969,349.0264587402344,23828300
2023-11-07,359.3999938964844,362.4599914550781,357.6300048828125,360.5299987792969,352.9422302246094,25833900
2023-11-08,361.67999267578125,363.8699951171875,360.54998779296875,363.20001220703125,355.5559997558594,26767800
2023-11-09,362.29998779296875,364.7900085449219,360.3599853515625,360.69000244140625,353.098876953125,24847300
2023-11-10,361.489990234375,370.1000061035156,361.07000732421875,369.6700134277344,361.889892578125,28042100
2023-11-13,368.2200012207031,368.4700012207031,365.8999938964844,366.67999267578125,358.9627685546875,19986500
2023-11-14,371.010009765625,371.95001220703125,367.3500061035156,370.2699890136719,362.4771728515625,27683900
2023-11-15,371.2799987792969,373.1300048828125,367.1099853515625,369.6700134277344,362.6243896484375,26860100
2023-11-16,370.9599914550781,376.3500061035156,370.17999267578125,376.1700134277344,369.0005187988281,27182300
2023-11-17,373.6099853515625,374.3699951171875,367.0,369.8500061035156,362.8009338378906,40157000
2023-11-20,371.2200012207031,378.8699951171875,371.0,377.44000244140625,370.24627685546875,52465100
2023-11-21,375.6700134277344,376.2200012207031,371.1199951171875,373.07000732421875,365.9596252441406,28423100
2023-11-22,378.0,379.7900085449219,374.9700012207031,377.8500061035156,370.6485290527344,23345300
2023-11-24,377.3299865722656,377.9700012207031,375.1400146484375,377.42999267578125,370.23651123046875,10176600
2023-11-27,376.7799987792969,380.6400146484375,376.20001220703125,378.6099853515625,371.3940124511719,22179200
2023-11-28,378.3500061035156,383.0,378.1600036621094,382.70001220703125,375.40606689453125,20453100
2023-11-29,383.760009765625,384.29998779296875,377.44000244140625,378.8500061035156,371.6294250488281,28963400
2023-11-30,378.489990234375,380.0899963378906,375.4700012207031,378.9100036621094,371.6882629394531,30554400
2023-12-01,376.760009765625,378.1600036621094,371.30999755859375,374.510009765625,367.37213134765625,33040500
2023-12-04,369.1000061035156,369.5199890136719,362.8999938964844,369.1400146484375,362.1044921875,32063300
2023-12-05,366.45001220703125,373.0799865722656,365.6199951171875,372.5199890136719,365.4200744628906,23065000
2023-12-06,373.5400085449219,374.17999267578125,368.0299987792969,368.79998779296875,361.77093505859375,21182100
2023-12-07,368.2300109863281,371.45001220703125,366.32000732421875,370.95001220703125,363.87994384765625,23118900
2023-12-08,369.20001220703125,374.4599914550781,368.2300109863281,374.2300109863281,367.097412109375,20154400
2023-12-11,368.4800109863281,371.6000061035156,366.1000061035156,371.29998779296875,364.2232971191406,27708800
2023-12-12,370.8500061035156,374.4200134277344,370.4599914550781,374.3800048828125,367.24456787109375,24838300
2023-12-13,376.0199890136719,377.6400146484375,370.7699890136719,374.3699951171875,367.23480224609375,30955500
2023-12-14,373.30999755859375,373.760009765625,364.1300048828125,365.92999267578125,358.9556884765625,43277500
2023-12-15,366.8500061035156,372.3999938964844,366.2799987792969,370.7300109863281,363.6641845703125,78502300
2023-12-18,369.45001220703125,373.0,368.67999267578125,372.6499938964844,365.54754638671875,21802900
