Date,Open,High,Low,Close,Adj Close,Volume
2020-02-20,7.819250106811523,7.9079999923706055,7.408750057220459,7.71750020980835,7.682765007019043,810052000
2020-02-21,7.604750156402588,7.630000114440918,7.266499996185303,7.351749897003174,7.31865930557251,768180000
2020-02-24,6.754749774932861,7.046750068664551,6.699999809265137,6.831999778747559,6.801248550415039,856916000
2020-02-25,6.90749979019165,6.969749927520752,6.448999881744385,6.551249980926514,6.521763801574707,1055496000
2020-02-26,6.551499843597412,6.886250019073486,6.550000190734863,6.691249847412109,6.661133289337158,747732000
2020-02-27,6.372499942779541,6.675000190734863,6.222249984741211,6.315000057220459,6.290336608886719,906416000
2020-02-28,6.061500072479248,6.811500072479248,6.044750213623047,6.7517499923706055,6.725381374359131,1133252000
2020-03-02,6.922500133514404,6.9397501945495605,6.525000095367432,6.910749912261963,6.883759021759033,890744000
2020-03-03,6.966750144958496,7.026750087738037,6.561500072479248,6.647250175476074,6.6212897300720215,652792000
2020-03-04,6.755000114440918,7.122250080108643,6.679999828338623,7.112750053405762,7.0849714279174805,597408000
2020-03-05,6.912499904632568,7.079999923706055,6.787499904632568,6.832250118255615,6.80556583404541,540328000
2020-03-06,6.6519999504089355,6.709750175476074,6.449999809265137,6.651000022888184,6.625024795532227,515412000
2020-03-09,5.997499942779541,6.485000133514404,5.954500198364258,6.136000156402588,6.11203670501709,614160000
2020-03-10,6.41349983215332,6.5269999504089355,6.149750232696533,6.5269999504089355,6.5015082359313965,580648000
2020-03-11,6.386499881744385,6.414999961853027,6.0642499923706055,6.161749839782715,6.1376848220825195,499964000
2020-03-12,5.636499881744385,5.9029998779296875,5.394999980926514,5.407750129699707,5.386630535125732,816540000
2020-03-13,5.762499809265137,6.0254998207092285,5.490250110626221,6.020999908447266,5.99748420715332,634836000
2020-03-16,5.3102498054504395,5.652500152587891,4.849999904632568,4.909999847412109,4.8908233642578125,726972000
2020-03-17,5.022749900817871,5.521500110626221,4.775000095367432,5.4317498207092285,5.41053581237793,833632000
2020-03-18,5.002500057220459,5.248499870300293,4.517000198364258,5.070499897003174,5.0506978034973145,874268000
2020-03-19,5.048999786376953,5.41825008392334,4.834750175476074,5.324250221252441,5.303455352783203,765512000
2020-03-20,5.474999904632568,5.757999897003174,5.1282501220703125,5.143750190734863,5.123661041259766,804636000
2020-03-23,5.142749786376953,5.4120001792907715,4.9629998207092285,5.317249774932861,5.296484470367432,643876000
2020-03-24,5.724999904632568,6.316500186920166,5.701250076293945,6.229499816894531,6.205170631408691,1101644000
2020-03-25,6.34499979019165,6.545499801635742,6.0914998054504395,6.140500068664551,6.116517543792725,793432000
2020-03-26,6.348499774932861,6.555500030517578,6.25,6.431000232696533,6.4058837890625,696108000
2020-03-27,6.25,6.578000068664551,6.2170000076293945,6.3182501792907715,6.293574333190918,638828000
2020-03-30,6.383999824523926,6.64900016784668,6.339749813079834,6.639750003814697,6.6138176918029785,602252000
2020-03-31,6.679999828338623,6.885000228881836,6.443749904632568,6.590000152587891,6.564262390136719,949960000
2020-04-01,6.391250133514404,6.538249969482422,6.0320000648498535,6.076749801635742,6.053017616271973,656912000
2020-04-02,6.105999946594238,6.400000095367432,6.057750225067139,6.386750221252441,6.361806869506836,675764000
2020-04-03,6.348999977111816,6.390749931335449,5.959750175476074,6.097750186920166,6.0739359855651855,663212000
2020-04-06,6.38100004196167,6.747000217437744,6.323249816894531,6.710000038146973,6.683794021606445,727884000
2020-04-07,6.932499885559082,6.956250190734863,6.432499885559082,6.475749969482422,6.450459957122803,784520000
2020-04-08,6.585249900817871,6.698750019073486,6.514999866485596,6.673749923706055,6.647686004638672,542444000
2020-04-09,6.800000190734863,6.822999954223633,6.510499954223633,6.573750019073486,6.54807710647583,525564000
2020-04-13,6.513750076293945,6.755000114440918,6.425000190734863,6.746250152587891,6.719903469085693,398408000
2020-04-14,6.875,7.132999897003174,6.847249984741211,7.098750114440918,7.071025848388672,530948000
2020-04-15,6.929999828338623,7.104249954223633,6.884500026702881,7.020999908447266,6.993579387664795,366148000
2020-04-16,7.177000045776367,7.474999904632568,7.163750171661377,7.367499828338623,7.33872652053833,745620000
2020-04-17,7.449999809265137,7.471499919891357,7.173500061035156,7.308000087738037,7.279458522796631,539120000
2020-04-20,7.181000232696533,7.337500095367432,7.131750106811523,7.176249980926514,7.148223876953125,449388000
2020-04-21,7.057750225067139,7.1192498207092285,6.677750110626221,6.737750053405762,6.711435794830322,735160000
2020-04-22,6.930749893188477,7.196750164031982,6.885000228881836,7.153749942779541,7.125810146331787,483356000
2020-04-23,7.196000099182129,7.328499794006348,7.074999809265137,7.100249767303467,7.072519779205322,424160000
2020-04-24,7.090000152587891,7.2417497634887695,7.014999866485596,7.239749908447266,7.211474895477295,352328000
2020-04-27,7.374750137329102,7.587500095367432,7.349999904632568,7.427000045776367,7.397993564605713,479388000
2020-04-28,7.574999809265137,7.605000019073486,7.278500080108643,7.283999919891357,7.255553245544434,442904000
2020-04-29,7.419250011444092,7.514500141143799,7.34375,7.46150016784668,7.4323577880859375,379160000
2020-04-30,7.407249927520752,7.46150016784668,7.293000221252441,7.307000160217285,7.278463363647461,375916000
2020-05-01,7.108749866485596,7.222499847412109,7.020999908447266,7.069499969482422,7.041892051696777,342096000
2020-05-04,7.021999835968018,7.296000003814697,7.021999835968018,7.282249927520752,7.253809928894043,317556000
2020-05-05,7.386750221252441,7.506750106811523,7.282249927520752,7.343500137329102,7.314820766448975,368896000
2020-05-06,7.423250198364258,7.550000190734863,7.385250091552734,7.44474983215332,7.41567325592041,323464000
2020-05-07,7.584499835968018,7.6852498054504395,7.5329999923706055,7.6217498779296875,7.591983318328857,373732000
2020-05-08,7.693749904632568,7.818749904632568,7.659749984741211,7.8125,7.781989097595215,339216000
2020-05-11,7.807499885559082,8.112500190734863,7.778749942779541,8.065500259399414,8.034001350402832,469060000
2020-05-12,8.123499870300293,8.172499656677246,7.792749881744385,7.802499771118164,7.772027492523193,493060000
2020-05-13,7.917500019073486,8.078499794006348,7.594749927520752,7.78000020980835,7.749615669250488,625852000
2020-05-14,7.841750144958496,8.03600025177002,7.6875,8.030500411987305,7.999137878417969,602312000
2020-05-15,7.889750003814697,8.500499725341797,7.874000072479248,8.490750312805176,8.457589149475098,987660000
2020-05-18,8.760499954223633,8.916500091552734,8.680500030517578,8.750249862670898,8.716076850891113,774460000
2020-05-19,8.790249824523926,9.087499618530273,8.762749671936035,8.805500030517578,8.771112442016602,717320000
2020-05-20,8.991000175476074,9.043000221252441,8.888750076293945,8.970000267028809,8.934967994689941,587536000
2020-05-21,9.05150032043457,9.052499771118164,8.737500190734863,8.775250434875488,8.74098014831543,761068000
2020-05-22,8.825249671936035,9.093000411987305,8.713250160217285,9.026249885559082,8.991000175476074,1038764000
2020-05-26,9.156749725341797,9.181750297546387,8.67199993133545,8.71774959564209,8.683701515197754,770780000
2020-05-27,8.625,8.632749557495117,7.9967498779296875,8.525250434875488,8.491954803466797,1175892000
2020-05-28,8.412249565124512,8.760499954223633,8.379249572753906,8.487000465393066,8.45385456085205,734896000
2020-05-29,8.554499626159668,8.875499725341797,8.484999656677246,8.875499725341797,8.840837478637695,745256000
2020-06-01,8.833250045776367,8.840749740600586,8.689499855041504,8.806249618530273,8.771854400634766,389876000
2020-06-02,8.796250343322754,8.837249755859375,8.657999992370605,8.825249671936035,8.790783882141113,391320000
2020-06-03,8.822250366210938,8.866250038146973,8.699999809265137,8.769499778747559,8.735250473022461,365440000
2020-06-04,8.727999687194824,8.943249702453613,8.677499771118164,8.766500473022461,8.736248970031738,424280000
2020-06-05,8.794500350952148,8.996999740600586,8.708000183105469,8.920000076293945,8.889215469360352,481748000
2020-06-08,8.877249717712402,8.889749526977539,8.685750007629395,8.805000305175781,8.774616241455078,387736000
2020-06-09,8.800000190734863,9.109749794006348,8.751250267028809,9.045999526977539,9.014781951904297,468488000
2020-06-10,9.167750358581543,9.5,9.153499603271484,9.36674976348877,9.33442497253418,632180000
2020-06-11,9.149999618530273,9.261249542236328,8.78600025177002,8.796250343322754,8.765893936157227,583652000
2020-06-12,9.162500381469727,9.187250137329102,8.70324993133545,8.932499885559082,8.901674270629883,570908000
2020-06-15,8.815250396728516,9.182250022888184,8.743749618530273,9.173749923706055,9.142091751098633,400004000
2020-06-16,9.225000381469727,9.26675033569336,8.838749885559082,9.068499565124512,9.037203788757324,535716000
2020-06-17,9.113750457763672,9.298999786376953,9.070249557495117,9.236000061035156,9.204129219055176,408304000
2020-06-18,9.22700023651123,9.282500267028809,9.114500045776367,9.218000411987305,9.186189651489258,254408000
2020-06-19,9.242500305175781,9.444999694824219,9.227250099182129,9.261249542236328,9.229290008544922,524160000
2020-06-22,9.300000190734863,9.53125,9.273249626159668,9.526749610900879,9.493874549865723,398468000
2020-06-23,9.550999641418457,9.642499923706055,9.407500267028809,9.449999809265137,9.417387962341309,375108000
2020-06-24,9.476249694824219,9.556500434875488,9.144499778747559,9.23550033569336,9.203631401062012,449372000
2020-06-25,9.35575008392334,9.505000114440918,9.182250022888184,9.489999771118164,9.457249641418457,376072000
2020-06-26,9.5,9.5,9.125,9.154999732971191,9.123407363891602,592084000
2020-06-29,9.169750213623047,9.204500198364258,8.899999618530273,9.199999809265137,9.168251991271973,342248000
2020-06-30,9.314000129699707,9.526249885559082,9.266500473022461,9.497750282287598,9.464975357055664,367892000
2020-07-01,9.520750045776367,9.575750350952148,9.413000106811523,9.529999732971191,9.497110366821289,326648000
2020-07-02,9.638999938964844,9.737500190734863,9.57824993133545,9.612250328063965,9.579079627990723,364056000
2020-07-06,9.74174976348877,9.9087495803833,9.712499618530273,9.839249610900879,9.805293083190918,315892000
2020-07-07,9.946249961853027,10.069999694824219,9.850749969482422,9.871749877929688,9.837686538696289,357800000
2020-07-08,9.993749618530273,10.225000381469727,9.965499877929688,10.215999603271484,10.180744171142578,365480000
2020-07-09,10.380249977111816,10.569999694824219,10.233499526977539,10.508999824523926,10.472732543945312,494548000
2020-07-10,10.588749885559082,10.65524959564209,10.37874984741211,10.479249954223633,10.443086624145508,497676000
2020-07-13,10.595000267028809,10.79224967956543,10.024999618530273,10.052249908447266,10.017560005187988,457076000
2020-07-14,10.074999809265137,10.402750015258789,9.785499572753906,10.376999855041504,10.341188430786133,542676000
2020-07-15,10.414250373840332,10.432999610900879,10.055749893188477,10.227250099182129,10.19195556640625,403984000
2020-07-16,10.015000343322754,10.20674991607666,9.895500183105469,10.134750366210938,10.099773406982422,344964000
2020-07-17,10.225500106811523,10.248499870300293,10.087750434875488,10.201499938964844,10.166292190551758,266284000
2020-07-20,10.274250030517578,10.53125,10.156749725341797,10.510749816894531,10.474478721618652,284852000
2020-07-21,10.512999534606934,10.5600004196167,10.286749839782715,10.328499794006348,10.292856216430664,277036000
2020-07-22,10.367500305175781,10.602499961853027,10.291500091552734,10.438750267028809,10.402728080749512,367292000
2020-07-23,10.449999809265137,10.54699993133545,10.03125,10.12975025177002,10.094795227050781,411660000
2020-07-24,9.875,10.364749908447266,9.777000427246094,10.194499969482422,10.159320831298828,473292000
2020-07-27,10.232250213623047,10.441749572753906,10.21774959564209,10.421500205993652,10.385539054870605,292132000
2020-07-28,10.374250411987305,10.381999969482422,10.209250450134277,10.215499877929688,10.180246353149414,271636000
2020-07-29,10.39074993133545,10.516249656677246,10.347000122070312,10.465499877929688,10.4293851852417,284508000
2020-07-30,10.375,10.623000144958496,10.295249938964844,10.61400032043457,10.577371597290039,308880000
2020-07-31,10.563249588012695,10.766500473022461,10.432999610900879,10.614749908447266,10.578119277954102,386080000
2020-08-03,10.732500076293945,11.098750114440918,10.715250015258789,11.010250091552734,10.972254753112793,412720000
2020-08-04,11.050000190734863,11.227749824523926,10.906000137329102,11.227749824523926,11.189003944396973,310336000
2020-08-05,11.244000434875488,11.371749877929688,11.166250228881836,11.286749839782715,11.24779987335205,249924000
2020-08-06,11.349749565124512,11.357999801635742,11.178750038146973,11.33549976348877,11.296382904052734,244316000
2020-08-07,11.3125,11.50475025177002,11.037500381469727,11.19950008392334,11.160852432250977,342516000
2020-08-10,11.334250450134277,11.408249855041504,10.856499671936035,11.164999961853027,11.126468658447266,427796000
2020-08-11,11.073749542236328,11.136750221252441,10.79574966430664,10.850000381469727,10.8125581741333,354512000
2020-08-12,10.990750312805176,11.467000007629395,10.958250045776367,11.440250396728516,11.400773048400879,464412000
2020-08-13,11.545999526977539,11.721750259399414,11.35575008392334,11.442999839782715,11.403510093688965,374460000
2020-08-14,11.529999732971191,11.704750061035156,11.440500259399414,11.564000129699707,11.524092674255371,366436000
2020-08-17,11.851249694824219,12.409749984741211,11.81725025177002,12.336999893188477,12.294425010681152,621300000
2020-08-18,12.449999809265137,12.496000289916992,12.086250305175781,12.260749816894531,12.2184419631958,503448000
2020-08-19,12.296500205993652,12.3149995803833,12.097999572753906,12.138500213623047,12.096610069274902,622624000
2020-08-20,11.975000381469727,12.375,11.87874984741211,12.140999794006348,12.099102973937988,921388000
2020-08-21,12.201749801635742,12.80875015258789,12.195249557495117,12.683500289916992,12.639730453491211,999868000
2020-08-24,12.883749961853027,12.912500381469727,12.507499694824219,12.720250129699707,12.67635726928711,490564000
2020-08-25,12.630749702453613,12.761249542236328,12.573749542236328,12.75,12.706002235412598,289076000
2020-08-26,12.799249649047852,12.868499755859375,12.677749633789062,12.77299976348877,12.728920936584473,321244000
2020-08-27,12.781499862670898,12.850000381469727,12.566499710083008,12.628250122070312,12.58466911315918,317604000
2020-08-28,12.675000190734863,13.14799976348877,12.642499923706055,13.147749900817871,13.102375984191895,537160000
2020-08-31,13.18274974822998,13.574999809265137,13.037750244140625,13.374500274658203,13.32834529876709,500840000
2020-09-01,13.479999542236328,13.993749618530273,13.43649959564209,13.821000099182129,13.777423858642578,511316000
2020-09-02,14.703749656677246,14.726750373840332,13.899999618530273,14.346500396728516,14.30126953125,874012000
2020-09-03,13.828749656677246,13.884499549865723,12.87874984741211,13.01550006866455,12.974467277526855,945128000
2020-09-04,12.7837495803833,13.175000190734863,11.704750061035156,12.6225004196167,12.5827054977417,1463684000
2020-09-08,11.73449993133545,12.550000190734863,11.70425033569336,11.913000106811523,11.875443458557129,795728000
2020-09-09,12.399999618530273,12.809249877929688,12.231749534606934,12.71500015258789,12.674914360046387,736200000
2020-09-10,12.989250183105469,13.065250396728516,12.166999816894531,12.311750411987305,12.27293586730957,698684000
2020-09-11,12.48550033569336,12.65250015258789,11.895750045776367,12.16450023651123,12.126148223876953,636928000
2020-09-14,13.081000328063965,13.3149995803833,12.631250381469727,12.872249603271484,12.831665992736816,1201744000
2020-09-15,13.279999732971191,13.298749923706055,12.827750205993652,12.991000175476074,12.950042724609375,727556000
2020-09-16,12.957249641418457,13.09274959564209,12.513750076293945,12.51449966430664,12.475045204162598,556384000
2020-09-17,12.13224983215332,12.589750289916992,12.034749984741211,12.463500022888184,12.42420482635498,792512000
2020-09-18,12.59375,12.632499694824219,11.988750457763672,12.189249992370605,12.1508207321167,698460000
2020-09-21,11.925000190734863,12.522500038146973,11.904500007629395,12.517250061035156,12.477787017822266,721044000
2020-09-22,12.574999809265137,12.64799976348877,12.155500411987305,12.637749671936035,12.597906112670898,646452000
2020-09-23,12.575499534606934,12.72700023651123,12.07925033569336,12.123749732971191,12.085527420043945,647012000
2020-09-24,12.072250366210938,12.569499969482422,12.013999938964844,12.347999572753906,12.30906867980957,731240000
2020-09-25,12.447500228881836,12.883500099182129,12.245750427246094,12.873749732971191,12.833162307739258,588016000
2020-09-28,13.040249824523926,13.051750183105469,12.75,13.03499984741211,12.993903160095215,573808000
2020-09-29,12.9375,13.442749977111816,12.933250427246094,13.225749969482422,13.184052467346191,621460000
2020-09-30,13.157500267028809,13.6225004196167,13.150250434875488,13.530500411987305,13.487842559814453,689184000
2020-10-01,13.758000373840332,13.762749671936035,13.460749626159668,13.614500045776367,13.571576118469238,525004000
2020-10-02,13.225000381469727,13.519499778747559,13.050999641418457,13.062250137329102,13.021066665649414,552496000
2020-10-05,13.236000061035156,13.64424991607666,13.222749710083008,13.642499923706055,13.59949016571045,479820000
2020-10-06,13.829999923706055,14.142000198364258,13.664999961853027,13.736499786376953,13.693192481994629,784420000
2020-10-07,13.999750137329102,14.119250297546387,13.863499641418457,13.96399974822998,13.919975280761719,418084000
2020-10-08,14.074999809265137,14.084500312805176,13.758000373840332,13.838749885559082,13.795119285583496,378900000
2020-10-09,13.767000198364258,13.824250221252441,13.660750389099121,13.762749671936035,13.719358444213867,346892000
2020-10-12,13.989500045776367,14.347000122070312,13.912500381469727,14.22599983215332,14.181147575378418,434744000
2020-10-13,14.296500205993652,14.34850025177002,14.018750190734863,14.248250007629395,14.203329086303711,344604000
2020-10-14,14.290499687194824,14.34274959564209,13.960000038146973,14.095250129699707,14.050812721252441,276100000
2020-10-15,13.810750007629395,14.005749702453613,13.767749786376953,13.970000267028809,13.925956726074219,267224000
2020-10-16,14.036749839782715,14.121500015258789,13.792499542236328,13.81149959564209,13.76795768737793,242392000
2020-10-19,13.902999877929688,13.983499526977539,13.406749725341797,13.497750282287598,13.455193519592285,298068000
2020-10-20,13.583499908447266,13.799750328063965,13.506999969482422,13.645500183105469,13.602476119995117,229212000
2020-10-21,13.625,13.791500091552734,13.477499961853027,13.524749755859375,13.482108116149902,219596000
2020-10-22,13.522500038146973,13.611749649047852,13.231749534606934,13.361000061035156,13.31887435913086,290480000
2020-10-23,13.449999809265137,13.593250274658203,13.291250228881836,13.590250015258789,13.547402381896973,233484000
2020-10-26,13.427000045776367,13.692749977111816,13.03849983215332,13.141249656677246,13.099820137023926,336896000
2020-10-27,13.305999755859375,13.442000389099121,13.191499710083008,13.396750450134277,13.354513168334961,250520000
2020-10-28,13.197999954223633,13.260000228881836,12.609000205993652,12.626999855041504,12.58719253540039,376520000
2020-10-29,12.838500022888184,13.192749977111816,12.75,13.02400016784668,12.982939720153809,320080000
2020-10-30,12.850000381469727,12.93649959564209,12.300000190734863,12.534000396728516,12.49448299407959,416820000
2020-11-02,12.657750129699707,12.836750030517578,12.395000457763672,12.580750465393066,12.541086196899414,299652000
2020-11-03,12.708499908447266,13.104999542236328,12.602749824523926,13.019499778747559,12.978452682495117,272900000
2020-11-04,13.389249801635742,13.827500343322754,13.336999893188477,13.794249534606934,13.750761032104492,410228000
2020-11-05,14.162500381469727,14.33899974822998,13.991000175476074,14.15999984741211,14.115357398986816,319028000
2020-11-06,14.109749794006348,14.588749885559082,13.895000457763672,14.562000274658203,14.51608943939209,383348000
2020-11-09,14.552499771118164,14.691499710083008,13.610750198364258,13.630749702453613,13.587777137756348,582976000
2020-11-10,13.606499671936035,13.606499671936035,12.628250122070312,12.770000457763672,12.729737281799316,644068000
2020-11-11,13.053750038146973,13.4350004196167,12.948249816894531,13.418000221252441,13.375697135925293,404744000
2020-11-12,13.479000091552734,13.765999794006348,13.315999984741211,13.45674991607666,13.414324760437012,365812000
2020-11-13,13.627249717712402,13.668749809265137,13.059249877929688,13.29699993133545,13.255075454711914,346312000
2020-11-16,13.172499656677246,13.649499893188477,13.156000137329102,13.515250205993652,13.472640037536621,413776000
2020-11-17,13.552499771118164,13.5962495803833,13.303750038146973,13.422249794006348,13.37993335723877,312028000
2020-11-18,13.465250015258789,13.60575008392334,13.1850004196167,13.428750038146973,13.386409759521484,510924000
2020-11-19,13.212750434875488,13.487500190734863,13.100000381469727,13.440250396728516,13.397878646850586,565936000
2020-11-20,13.454000473022461,13.494500160217285,13.0649995803833,13.087750434875488,13.046489715576172,341088000
2020-11-23,13.171250343322754,13.382499694824219,13.01550006866455,13.140000343322754,13.098572731018066,361356000
2020-11-24,13.142499923706055,13.161999702453613,12.885000228881836,12.95775032043457,12.916897773742676,346500000
2020-11-25,13.032500267028809,13.269499778747559,13.020000457763672,13.234749794006348,13.193024635314941,259916000
2020-11-27,13.375,13.407500267028809,13.170499801635742,13.261249542236328,13.219441413879395,167276000
2020-11-30,13.265000343322754,13.412500381469727,12.972249984741211,13.40149974822998,13.359248161315918,286952000
2020-12-01,13.492250442504883,13.5287504196167,13.228249549865723,13.390000343322754,13.347782135009766,296948000
2020-12-02,13.350500106811523,13.673500061035156,13.23425006866455,13.544500350952148,13.501798629760742,283360000
2020-12-03,13.587499618530273,13.65999984741211,13.329000473022461,13.395999908447266,13.357710838317871,199520000
2020-12-04,13.44849967956543,13.5600004196167,13.388750076293945,13.558250427246094,13.51949691772461,202244000
2020-12-07,13.601249694824219,13.731249809265137,13.5,13.606749534606934,13.567855834960938,223244000
2020-12-08,13.585000038146973,13.598750114440918,13.281499862670898,13.350000381469727,13.311841011047363,271920000
2020-12-09,13.30049991607666,13.413999557495117,12.868249893188477,12.930749893188477,12.893790245056152,401300000
2020-12-10,12.869000434875488,13.068750381469727,12.849499702453613,12.972249984741211,12.93517017364502,207764000
2020-12-11,12.967249870300293,13.020000457763672,12.822999954223633,13.013250350952148,12.976055145263672,209264000
2020-12-14,13.088000297546387,13.388750076293945,13.077500343322754,13.30875015258789,13.270707130432129,270156000
2020-12-15,13.439749717712402,13.46399974822998,13.186750411987305,13.36050033569336,13.32231330871582,193016000
2020-12-16,13.422499656677246,13.437250137329102,13.212499618530273,13.242500305175781,13.204651832580566,223116000
2020-12-17,13.36674976348877,13.379500389099121,13.178500175476074,13.3412504196167,13.303117752075195,231384000
2020-12-18,13.378999710083008,13.404999732971191,13.070500373840332,13.272000312805176,13.234066009521484,342064000
2020-12-21,13.074749946594238,13.369999885559082,12.967499732971191,13.332249641418457,13.294142723083496,302332000
2020-12-22,13.319250106811523,13.337249755859375,13.053999900817871,13.278249740600586,13.240299224853516,185580000
2020-12-23,13.255999565124512,13.274999618530273,13.005000114440918,13.009249687194824,12.972066879272461,179144000
2020-12-24,13.037249565124512,13.132499694824219,12.938750267028809,12.993749618530273,12.956609725952148,97884000
2020-12-28,13.0625,13.0625,12.763250350952148,12.899999618530273,12.863131523132324,212564000
2020-12-29,12.925000190734863,13.072500228881836,12.842249870300293,12.943249702453613,12.90625286102295,170372000
2020-12-30,12.990249633789062,13.213749885559082,12.896750450134277,13.145750045776367,13.108175277709961,225396000
2020-12-31,13.136500358581543,13.151000022888184,12.914999961853027,13.055000305175781,13.017685890197754,192424000
2021-01-04,13.104249954223633,13.65250015258789,12.962499618530273,13.113499641418457,13.076017379760742,560640000
2021-01-05,13.099749565124512,13.443499565124512,13.086999893188477,13.404749870300293,13.366436958312988,322760000
2021-01-06,13.22249984741211,13.244999885559082,12.586000442504883,12.614500045776367,12.57844352722168,580424000
2021-01-07,12.967499732971191,13.377750396728516,12.886500358581543,13.343999862670898,13.30586051940918,461480000
2021-01-08,13.362500190734863,13.420999526977539,13.041999816894531,13.276749610900879,13.238801002502441,292528000
2021-01-11,13.418749809265137,13.961000442504883,13.362500190734863,13.621500015258789,13.582565307617188,518344000
2021-01-12,13.7524995803833,13.754500389099121,13.345000267028809,13.484749794006348,13.446208000183105,291476000
2021-01-13,13.489999771118164,13.625,13.385000228881836,13.531749725341797,13.493073463439941,210028000
2021-01-14,13.574999809265137,13.599749565124512,13.180500030517578,13.200249671936035,13.162518501281738,283120000
2021-01-15,13.227999687194824,13.325249671936035,12.84850025177002,12.85949993133545,12.822744369506836,277780000
2021-01-19,13.016249656677246,13.093999862670898,12.843999862670898,13.025250434875488,12.988020896911621,226188000
2021-01-20,13.111749649047852,13.430500030517578,13.056750297546387,13.365750312805176,13.32754898071289,258572000
2021-01-21,13.418499946594238,13.999250411987305,13.253000259399414,13.867500305175781,13.827860832214355,337780000
2021-01-22,13.739999771118164,13.841750144958496,13.627249717712402,13.712499618530273,13.673306465148926,246820000
2021-01-25,13.781749725341797,13.828499794006348,13.236499786376953,13.653249740600586,13.614224433898926,251112000
2021-01-26,13.580499649047852,13.644749641418457,13.387499809265137,13.435250282287598,13.396848678588867,163980000
2021-01-27,13.229999542236328,13.232749938964844,12.793749809265137,12.917750358581543,12.880829811096191,371272000
2021-01-28,12.99625015258789,13.339750289916992,12.96049976348877,13.050999641418457,13.01369571685791,228316000
2021-01-29,13.074999809265137,13.334750175476074,12.911499977111816,12.989749908447266,12.952621459960938,271552000
2021-02-01,13.053250312805176,13.270750045776367,12.902750015258789,13.237000465393066,13.199165344238281,217204000
2021-02-02,13.398750305175781,13.571999549865723,13.285499572753906,13.556750297546387,13.518000602722168,220440000
2021-02-03,13.63599967956543,13.931750297546387,13.516500473022461,13.530500411987305,13.491825103759766,245408000
2021-02-04,13.531000137329102,13.673500061035156,13.337750434875488,13.664250373840332,13.62519359588623,201340000
2021-02-05,13.725000381469727,13.737250328063965,13.54574966430664,13.590999603271484,13.552152633666992,169152000
2021-02-08,13.727250099182129,14.473750114440918,13.727250099182129,14.438750267028809,14.397481918334961,434624000
2021-02-09,14.340749740600586,14.583250045776367,14.22249984741211,14.263250350952148,14.22248363494873,287560000
2021-02-10,14.463250160217285,14.904999732971191,14.341500282287598,14.764249801635742,14.72204875946045,485352000
2021-02-11,14.980250358581543,15.272250175476074,14.925000190734863,15.250749588012695,15.207159042358398,450828000
2021-02-12,15.050000190734863,15.291250228881836,14.774999618530273,14.961250305175781,14.918487548828125,374756000
2021-02-16,15.064249992370605,15.3725004196167,14.949999809265137,15.330249786376953,15.286432266235352,321960000
2021-02-17,15.170999526977539,15.22350025177002,14.779999732971191,14.906000137329102,14.863394737243652,274756000
2021-02-18,14.729000091552734,14.873250007629395,14.574999809265137,14.829000473022461,14.786615371704102,233868000
2021-02-19,15.024499893188477,15.177000045776367,14.846750259399414,14.92650032043457,14.883834838867188,271724000
2021-02-22,14.774749755859375,15.13325023651123,14.324999809265137,14.35575008392334,14.314718246459961,325884000
2021-02-23,14.075249671936035,14.238750457763672,13.38949966430664,14.142000198364258,14.101576805114746,391780000
2021-02-24,14.122750282287598,14.506750106811523,13.755999565124512,14.49899959564209,14.45755672454834,448320000
2021-02-25,14.045499801635742,14.374750137329102,13.2162504196167,13.307499885559082,13.269463539123535,824436000
2021-02-26,13.7524995803833,13.854499816894531,13.361000061035156,13.714500427246094,13.675300598144531,500932000
2021-03-01,13.875,13.925000190734863,13.553250312805176,13.841750144958496,13.802189826965332,353184000
2021-03-02,13.899999618530273,13.920499801635742,13.395999908447266,13.40625,13.367932319641113,264116000
2021-03-03,13.426250457763672,13.451499938964844,12.798749923706055,12.804750442504883,12.768149375915527,377592000
2021-03-04,12.800749778747559,12.975000381469727,12.083749771118164,12.37024974822998,12.334891319274902,573344000
2021-03-05,12.550000190734863,12.550000190734863,11.67924976348877,12.46150016784668,12.425881385803223,542840000
2021-03-08,12.449999809265137,12.4712495803833,11.566499710083008,11.593250274658203,11.560112953186035,543112000
2021-03-09,12.130249977111816,12.61674976348877,12.059249877929688,12.52025032043457,12.488773345947266,521824000
2021-03-10,12.840499877929688,12.979999542236328,12.457500457763672,12.468250274658203,12.436903953552246,384376000
2021-03-11,12.949999809265137,13.046250343322754,12.73449993133545,12.993499755859375,12.960833549499512,299916000
2021-03-12,12.648249626159668,12.888750076293945,12.59000015258789,12.855999946594238,12.823678970336914,243964000
2021-03-15,12.864749908447266,13.20674991607666,12.767250061035156,13.19124984741211,13.158085823059082,221988000
2021-03-16,13.356499671936035,13.512499809265137,13.11674976348877,13.291250228881836,13.25783634185791,272128000
2021-03-17,13.039750099182129,13.45324993133545,12.989500045776367,13.3412504196167,13.307709693908691,243864000
2021-03-18,13.136500358581543,13.184000015258789,12.717000007629395,12.72249984741211,12.690512657165527,293896000
2021-03-19,12.75,12.921500205993652,12.612500190734863,12.845749855041504,12.813455581665039,299208000
2021-03-22,12.912750244140625,13.394499778747559,12.906749725341797,13.186249732971191,13.153098106384277,297804000
2021-03-23,13.254249572753906,13.344499588012695,13.021249771118164,13.07075023651123,13.03788948059082,222048000
2021-03-24,13.151249885559082,13.159250259399414,12.636750221252441,12.642999649047852,12.611213684082031,245840000
2021-03-25,12.499500274658203,12.714750289916992,12.272000312805176,12.535249710083008,12.503735542297363,295144000
2021-03-26,12.554499626159668,12.856249809265137,12.373499870300293,12.839249610900879,12.806970596313477,363968000
2021-03-29,12.820249557495117,13.0625,12.699999809265137,12.948249816894531,12.915698051452637,273520000
2021-03-30,12.842000007629395,12.975250244140625,12.704999923706055,12.871749877929688,12.839385986328125,200204000
2021-03-31,13.01550006866455,13.470499992370605,12.982500076293945,13.348250389099121,13.314690589904785,314776000
2021-04-01,13.572250366210938,13.869999885559082,13.511249542236328,13.811750411987305,13.777026176452637,308276000
2021-04-05,13.867500305175781,14.013999938964844,13.732999801635742,13.987500190734863,13.95233154296875,255672000
2021-04-06,13.999750137329102,14.05424976348877,13.773500442504883,13.861499786376953,13.82664966583252,191744000
2021-04-07,13.880749702453613,14.243499755859375,13.71150016784668,14.143500328063965,14.107941627502441,251284000
2021-04-08,14.252750396728516,14.471500396728516,14.24899959564209,14.317000389099121,14.281006813049316,244416000
2021-04-09,14.21399974822998,14.407999992370605,14.175000190734863,14.399999618530273,14.363798141479492,195172000
2021-04-12,14.289750099182129,15.352499961853027,14.139249801635742,15.208999633789062,15.170761108398438,869324000
2021-04-13,15.231499671936035,15.699999809265137,15.125749588012695,15.679499626159668,15.640077590942383,676212000
2021-04-14,15.625,15.720499992370605,15.227499961853027,15.277000427246094,15.238593101501465,385500000
2021-04-15,15.662500381469727,16.214250564575195,15.631500244140625,16.137250900268555,16.0966796875,598480000
2021-04-16,16.05299949645996,16.16575050354004,15.865249633789062,15.912500381469727,15.872493743896484,335208000
2021-04-19,15.536499977111816,15.807499885559082,15.232999801635742,15.361749649047852,15.323127746582031,404420000
2021-04-20,15.323249816894531,15.496999740600586,14.963000297546387,15.171250343322754,15.13310718536377,334132000
2021-04-21,15.118749618530273,15.362500190734863,15.102250099182129,15.36050033569336,15.321881294250488,216776000
2021-04-22,15.375,15.43850040435791,14.783499717712402,14.850250244140625,14.812914848327637,277788000
2021-04-23,14.934249877929688,15.335000038146973,14.900250434875488,15.265250205993652,15.2268705368042,227500000
2021-04-26,15.1850004196167,15.479000091552734,15.125,15.477999687194824,15.439085960388184,197796000
2021-04-27,15.578499794006348,15.670499801635742,15.354499816894531,15.381750106811523,15.343077659606934,164572000
2021-04-28,15.364500045776367,15.53225040435791,15.215499877929688,15.276749610900879,15.238344192504883,209416000
2021-04-29,15.399999618530273,15.43649959564209,15.071499824523926,15.324749946594238,15.286222457885742,173196000
2021-04-30,15.174500465393066,15.364999771118164,14.996999740600586,15.009499549865723,14.971765518188477,201912000
2021-05-03,15.125,15.246749877929688,14.787500381469727,14.836750030517578,14.799448013305664,203912000
2021-05-04,14.637249946594238,14.637499809265137,14.010250091552734,14.351249694824219,14.315171241760254,405324000
2021-05-05,14.708999633789062,14.81350040435791,14.387499809265137,14.458499908447266,14.422149658203125,292024000
2021-05-06,14.49524974822998,14.571249961853027,14.218000411987305,14.52299976348877,14.48648738861084,193380000
2021-05-07,14.808250427246094,14.970749855041504,14.67175006866455,14.812250137329102,14.775009155273438,229328000
2021-05-10,14.787249565124512,14.805999755859375,14.25,14.26574993133545,14.229883193969727,268904000
2021-05-11,13.824999809265137,14.35474967956543,13.75,14.306249618530273,14.270283699035645,285584000
2021-05-12,14.009499549865723,14.260250091552734,13.709250450134277,13.758500099182129,13.723908424377441,303408000
2021-05-13,14.0337495803833,14.080750465393066,13.458999633789062,13.665249824523926,13.630892753601074,285404000
2021-05-14,13.890000343322754,14.32800006866455,13.748499870300293,14.243000030517578,14.207192420959473,258616000
2021-05-17,14.156999588012695,14.169249534606934,13.853500366210938,14.165499687194824,14.129884719848633,216980000
2021-05-18,14.267000198364258,14.404250144958496,14.003999710083008,14.01574993133545,13.980512619018555,186256000
2021-05-19,13.566499710083008,14.079500198364258,13.54325008392334,14.065750122070312,14.030386924743652,344000000
2021-05-20,14.302499771118164,14.68375015258789,14.270500183105469,14.612500190734863,14.575762748718262,321592000
2021-05-21,15.163749694824219,15.222000122070312,14.869500160217285,14.99174976348877,14.954058647155762,672992000
2021-05-24,15.212499618530273,15.744999885559082,15.175999641418457,15.612000465393066,15.572748184204102,554816000
2021-05-25,15.765999794006348,15.818499565124512,15.482500076293945,15.647749900817871,15.60840892791748,435408000
2021-05-26,15.73425006866455,15.793749809265137,15.586250305175781,15.699999809265137,15.660530090332031,370440000
2021-05-27,15.699749946594238,15.75,15.460000038146973,15.48799991607666,15.449061393737793,581476000
2021-05-28,15.50100040435791,16.27750015258789,15.50100040435791,16.24449920654297,16.203659057617188,644536000
2021-06-01,16.270000457763672,16.38825035095215,15.903249740600586,16.26449966430664,16.223609924316406,472804000
2021-06-02,16.25225067138672,16.918750762939453,16.23550033569336,16.778249740600586,16.736064910888672,594168000
2021-06-03,16.70075035095215,17.259000778198242,16.58300018310547,16.969749450683594,16.92708969116211,580008000
2021-06-04,17.112499237060547,17.660999298095703,17.095500946044922,17.578250885009766,17.534055709838867,617120000
2021-06-07,17.571250915527344,17.8125,17.192750930786133,17.618999481201172,17.5747013092041,575756000
2021-06-08,17.527250289916992,17.62150001525879,17.250999450683594,17.457000732421875,17.413116455078125,323848000
2021-06-09,17.515750885009766,17.575000762939453,17.25575065612793,17.35824966430664,17.318580627441406,381656000
2021-06-10,17.350000381469727,17.492000579833984,17.176000595092773,17.424999237060547,17.385177612304688,287772000
2021-06-11,17.47949981689453,17.939250946044922,17.443750381469727,17.82525062561035,17.78451156616211,416308000
2021-06-14,17.9060001373291,18.039499282836914,17.662750244140625,18.018749237060547,17.97756576538086,321376000
2021-06-15,17.915000915527344,18.016250610351562,17.72800064086914,17.78849983215332,17.747844696044922,243032000
2021-06-16,17.79075050354004,17.954750061035156,17.58449935913086,17.81024932861328,17.76954460144043,307124000
2021-06-17,17.774499893188477,18.834999084472656,17.756250381469727,18.657249450683594,18.614608764648438,809656000
2021-06-18,18.784000396728516,19.375,18.583999633789062,18.638750076293945,18.596149444580078,968856000
2021-06-21,18.43524932861328,18.536500930786133,17.822750091552734,18.427249908447266,18.3851318359375,672384000
2021-06-22,18.471500396728516,18.9637508392334,18.38599967956543,18.886749267578125,18.843582153320312,580144000
2021-06-23,19.007749557495117,19.15275001525879,18.90774917602539,19.057249069213867,19.013690948486328,332356000
2021-06-24,19.227750778198242,19.420000076293945,19.08824920654297,19.20549964904785,19.16160774230957,320924000
2021-06-25,19.280500411987305,19.345500946044922,18.894500732421875,19.0310001373291,18.98750114440918,278364000
2021-06-28,19.361249923706055,20.078750610351562,19.319000244140625,19.985000610351562,19.939321517944336,495436000
2021-06-29,19.88249969482422,20.0987491607666,19.656999588012695,20.026750564575195,19.980976104736328,367632000
2021-06-30,19.999250411987305,20.162500381469727,19.863750457763672,20.002500534057617,19.956790924072266,326568000
2021-07-01,20.125,20.45599937438965,20.018999099731445,20.211999893188477,20.165809631347656,480136000
2021-07-02,20.440250396728516,20.505250930786133,20.287750244140625,20.48699951171875,20.440176010131836,342764000
2021-07-06,20.737499237060547,20.841999053955078,20.350250244140625,20.69849967956543,20.651193618774414,446708000
2021-07-07,20.853500366210938,20.875,20.332000732421875,20.371749877929688,20.325193405151367,418428000
2021-07-08,19.85650062561035,20.132999420166016,19.70075035095215,19.90275001525879,19.85725975036621,503300000
2021-07-09,19.962499618530273,20.080249786376953,19.754249572753906,20.050249099731445,20.004417419433594,296624000
2021-07-12,20.239999771118164,20.53274917602539,20.1877498626709,20.512500762939453,20.465621948242188,321984000
2021-07-13,20.40049934387207,20.46125030517578,20.11400032043457,20.25,20.203718185424805,290708000
2021-07-14,20.357749938964844,20.417749404907227,19.752750396728516,19.84149932861328,19.796152114868164,380100000
2021-07-15,19.811750411987305,19.847000122070312,18.85849952697754,18.966249465942383,18.92289924621582,550564000
2021-07-16,19.030500411987305,19.156999588012695,18.072999954223633,18.160999298095703,18.119491577148438,688224000
2021-07-19,17.915250778198242,19.04199981689453,17.86549949645996,18.77975082397461,18.736825942993164,749060000
2021-07-20,18.729999542236328,18.83799934387207,18.163999557495117,18.61199951171875,18.5694580078125,434687000
2021-07-21,18.881999969482422,19.527000427246094,18.742000579833984,19.40999984741211,19.365633010864258,371017000
2021-07-22,19.642000198364258,19.886999130249023,19.275999069213867,19.5939998626709,19.549217224121094,323826000
2021-07-23,19.6560001373291,19.700000762939453,19.25,19.558000564575195,19.513301849365234,195672000
2021-07-26,19.31100082397461,19.441999435424805,18.913999557495117,19.29400062561035,19.24990463256836,203943000
2021-07-27,19.264999389648438,19.621999740600586,18.740999221801758,19.20800018310547,19.16410255432129,248863000
2021-07-28,19.319000244140625,19.645999908447266,18.9950008392334,19.503000259399414,19.45842742919922,202191000
2021-07-29,19.518999099731445,19.85300064086914,19.327999114990234,19.66200065612793,19.6170597076416,190781000
2021-07-30,19.417999267578125,19.6299991607666,19.26300048828125,19.499000549316406,19.454431533813477,183497000
2021-08-02,19.700000762939453,19.961000442504883,19.361000061035156,19.75,19.704862594604492,217444000
2021-08-03,19.739999771118164,20.222000122070312,19.219999313354492,19.815000534057617,19.769716262817383,301811000
2021-08-04,19.989999771118164,20.31800079345703,19.827999114990234,20.27400016784668,20.227663040161133,231309000
2021-08-05,20.5,20.732999801635742,20.341999053955078,20.636999130249023,20.589832305908203,211435000
2021-08-06,20.52400016784668,20.56999969482422,20.209999084472656,20.365999221801758,20.319454193115234,178497000
2021-08-09,20.445999145507812,20.507999420166016,20.14299964904785,20.295000076293945,20.248613357543945,146443000
2021-08-10,20.32200050354004,20.43000030517578,19.834999084472656,19.93600082397461,19.89043426513672,179238000
2021-08-11,20.042999267578125,20.048999786376953,19.43000030517578,19.698999404907227,19.65397834777832,185925000
2021-08-12,19.8700008392334,20.02899932861328,19.6200008392334,19.905000686645508,19.859506607055664,151652000
2021-08-13,19.905000686645508,20.214000701904297,19.85099983215332,20.187999725341797,20.14185905456543,183063000
2021-08-16,20.135000228881836,20.28700065612793,19.452999114990234,19.950000762939453,19.904403686523438,210876000
2021-08-17,19.684999465942383,19.770000457763672,19.267000198364258,19.45800018310547,19.413532257080078,204585000
2021-08-18,19.5,19.634000778198242,19.0,19.040000915527344,18.996488571166992,285913000
2021-08-19,19.493999481201172,20.4950008392334,18.761999130249023,19.79800033569336,19.752750396728516,766555000
2021-08-20,19.990999221801758,20.864999771118164,19.933000564575195,20.81599998474121,20.768428802490234,675741000
2021-08-23,20.97100067138672,21.996999740600586,20.950000762939453,21.95800018310547,21.907814025878906,575807000
2021-08-24,21.753000259399414,21.958999633789062,21.53499984741211,21.792999267578125,21.74319076538086,297299000
2021-08-25,21.73699951171875,22.469999313354492,21.722000122070312,22.21299934387207,22.162227630615234,347701000
2021-08-26,22.200000762939453,22.34000015258789,21.790000915527344,22.06800079345703,22.01756477355957,237940000
2021-08-27,22.18400001525879,22.722000122070312,22.16699981689453,22.63599967956543,22.584260940551758,304722000
2021-08-30,22.829999923706055,23.042999267578125,22.551000595092773,22.687999725341797,22.636146545410156,262580000
2021-08-31,22.69499969482422,22.69499969482422,22.1200008392334,22.385000228881836,22.33778190612793,259850000
2021-09-01,22.485000610351562,22.69700050354004,22.35700035095215,22.44099998474121,22.393661499023438,201767000
2021-09-02,22.51799964904785,22.593000411987305,22.295000076293945,22.395999908447266,22.348756790161133,187834000
2021-09-03,22.325000762939453,22.986000061035156,22.200000762939453,22.843000411987305,22.794811248779297,280532000
2021-09-07,22.83300018310547,22.89900016784668,22.52199935913086,22.66200065612793,22.614192962646484,198107000
2021-09-08,22.51300048828125,22.610000610351562,21.976999282836914,22.339000701904297,22.29187774658203,254434000
2021-09-09,22.312000274658203,22.538000106811523,22.131000518798828,22.177000045776367,22.130218505859375,196856000
2021-09-10,22.347999572753906,22.625999450683594,22.270000457763672,22.47800064086914,22.43058204650879,248376000
2021-09-13,22.68400001525879,22.964000701904297,21.857999801635742,22.152000427246094,22.105268478393555,297500000
2021-09-14,22.274999618530273,22.40999984741211,22.086000442504883,22.242000579833984,22.19507598876953,199755000
2021-09-15,22.30900001525879,22.367000579833984,21.965999603271484,22.340999603271484,22.293872833251953,166538000
2021-09-16,22.183000564575195,22.277000427246094,21.927000045776367,22.242000579833984,22.19507598876953,156033000
2021-09-17,22.299999237060547,22.320999145507812,21.829999923706055,21.899999618530273,21.853797912597656,294503000
2021-09-20,21.145999908447266,21.433000564575195,20.66200065612793,21.113000869750977,21.068466186523438,349440000
2021-09-21,21.41699981689453,21.424999237060547,20.950000762939453,21.246000289916992,21.2011775970459,204688000
2021-09-22,21.365999221801758,21.959999084472656,21.195999145507812,21.94099998474121,21.894716262817383,268726000
2021-09-23,22.139999389648438,22.53499984741211,21.889999389648438,22.48200035095215,22.434572219848633,248555000
2021-09-24,22.06999969482422,22.14900016784668,21.861000061035156,22.08099937438965,22.0344181060791,217655000
2021-09-27,21.709999084472656,21.798999786376953,21.325000762939453,21.65999984741211,21.614303588867188,245215000
2021-09-28,21.214000701904297,21.41900062561035,20.650999069213867,20.698999404907227,20.65532875061035,343069000
2021-09-29,20.940000534057617,21.017000198364258,20.466999053955078,20.517000198364258,20.473718643188477,218394000
2021-09-30,20.76799964904785,21.06599998474121,20.687999725341797,20.715999603271484,20.67230224609375,221009000
2021-10-01,20.75,20.858999252319336,20.202999114990234,20.742000579833984,20.6982479095459,240978000
2021-10-04,20.503999710083008,20.54199981689453,19.55500030517578,19.73200035095215,19.69037628173828,345635000
2021-10-05,19.950000762939453,20.648000717163086,19.854000091552734,20.451000213623047,20.407855987548828,279282000
2021-10-06,20.1200008392334,20.719999313354492,20.079999923706055,20.700000762939453,20.656330108642578,297202000
2021-10-07,21.091999053955078,21.32200050354004,20.972000122070312,21.075000762939453,21.030542373657227,256919000
2021-10-08,21.10099983215332,21.20599937438965,20.774999618530273,20.83099937438965,20.78705596923828,151258000
2021-10-11,20.575000762939453,21.062999725341797,20.51099967956543,20.69499969482422,20.65134620666504,163388000
2021-10-12,20.827999114990234,21.05699920654297,20.527999877929688,20.67099952697754,20.627395629882812,162134000
2021-10-13,20.917999267578125,20.989999771118164,20.71299934387207,20.93899917602539,20.894826889038086,180652000
2021-10-14,21.288000106811523,21.7549991607666,21.121999740600586,21.746000289916992,21.70012092590332,243589000
2021-10-15,21.809999465942383,21.930999755859375,21.66200065612793,21.86199951171875,21.81587791442871,226994000
2021-10-18,21.749000549316406,22.291000366210938,21.643999099731445,22.222000122070312,22.175121307373047,189494000
2021-10-19,22.275999069213867,22.378999710083008,22.03700065612793,22.290000915527344,22.242979049682617,161473000
2021-10-20,22.30500030517578,22.433000564575195,21.98200035095215,22.10300064086914,22.056371688842773,146276000
2021-10-21,22.097000122070312,22.711000442504883,22.08300018310547,22.691999435424805,22.64413070678711,187590000
2021-10-22,22.822999954223633,23.1299991607666,22.56100082397461,22.72599983215332,22.678054809570312,249384000
2021-10-25,22.972999572753906,23.354999542236328,22.770000457763672,23.166000366210938,23.117128372192383,230235000
2021-10-26,23.98900032043457,25.259000778198242,23.923999786376953,24.716999053955078,24.664854049682617,485898000
2021-10-27,24.474000930786133,25.09000015258789,24.281999588012695,24.451000213623047,24.3994197845459,245990000
2021-10-28,24.878000259399414,24.950000762939453,24.523000717163086,24.94099998474121,24.888383865356445,234204000
2021-10-29,25.000999450683594,25.708999633789062,25.0,25.566999435424805,25.5130615234375,292503000
2021-11-01,25.64900016784668,25.893999099731445,25.226999282836914,25.82699966430664,25.77251434326172,265740000
2021-11-02,25.82200050354004,26.67799949645996,25.799999237060547,26.400999069213867,26.345306396484375,294112000
2021-11-03,26.670000076293945,26.784000396728516,26.235000610351562,26.597999572753906,26.54189109802246,239910000
2021-11-04,27.229000091552734,31.364999771118164,27.118000030517578,29.801000595092773,29.738130569458008,1153631000
2021-11-05,30.187000274658203,31.399999618530273,29.40999984741211,29.75200080871582,29.689239501953125,851260000
2021-11-08,30.14900016784668,31.100000381469727,29.906999588012695,30.804000854492188,30.73902130126953,503101000
2021-11-09,32.28200149536133,32.310001373291016,29.964000701904297,30.656999588012695,30.592330932617188,646746000
2021-11-10,29.356000900268555,30.850000381469727,28.777999877929688,29.458999633789062,29.396860122680664,636206000
2021-11-11,30.468000411987305,30.59000015258789,29.777000427246094,30.389999389648438,30.325891494750977,332172000
2021-11-12,30.010000228881836,30.68000030517578,29.6299991607666,30.389999389648438,30.325891494750977,413054000
2021-11-15,30.552000045776367,30.643999099731445,29.246999740600586,30.024999618530273,29.961660385131836,384909000
2021-11-16,29.759000778198242,30.389999389648438,29.70599937438965,30.202999114990234,30.1392822265625,264484000
2021-11-17,30.417999267578125,30.509000778198242,28.799999237060547,29.26099967956543,29.199270248413086,428508000
2021-11-18,32.367000579833984,32.7599983215332,31.320999145507812,31.674999237060547,31.608177185058594,781711000
2021-11-19,32.24300003051758,33.0880012512207,31.905000686645508,32.98500061035156,32.9154167175293,533867000
2021-11-22,33.516998291015625,34.64699935913086,31.899999618530273,31.95599937438965,31.888587951660156,754335000
2021-11-23,31.53499984741211,32.36000061035156,30.8799991607666,31.746000289916992,31.679031372070312,532163000
2021-11-24,31.461000442504883,32.85499954223633,30.92799949645996,32.67399978637695,32.60506820678711,435162000
2021-11-26,32.599998474121094,32.709999084472656,31.350000381469727,31.503000259399414,31.436542510986328,283069000
2021-11-29,32.36600112915039,33.4119987487793,32.0359992980957,33.375999450683594,33.30559158325195,454964000
2021-11-30,33.16899871826172,33.35300064086914,31.86400032043457,32.67599868774414,32.6070671081543,622066000
2021-12-01,33.21900177001953,33.28900146484375,31.3799991607666,31.434999465942383,31.37252426147461,484368000
2021-12-02,31.214000701904297,32.47800064086914,31.024999618530273,32.125999450683594,32.06214904785156,472890000
2021-12-03,32.0,32.12900161743164,30.1299991607666,30.69300079345703,30.632001876831055,544325000
2021-12-06,29.8799991607666,30.240999221801758,28.038000106811523,30.03700065612793,29.97730827331543,658938000
2021-12-07,30.957000732421875,32.44900131225586,30.650999069213867,32.426998138427734,32.362552642822266,593053000
2021-12-08,31.999000549316406,32.290000915527344,31.42099952697754,31.826000213623047,31.762752532958984,475551000
2021-12-09,31.733999252319336,32.20500183105469,30.42799949645996,30.489999771118164,30.429401397705078,488507000
2021-12-10,31.149999618530273,31.30500030517578,29.861000061035156,30.197999954223633,30.137985229492188,488825000
2021-12-13,30.249000549316406,30.29400062561035,28.115999221801758,28.160999298095703,28.105037689208984,598344000
2021-12-14,27.698999404907227,28.67799949645996,27.25,28.336999893188477,28.280681610107422,667035000
2021-12-15,28.399999618530273,30.5,27.83799934387207,30.458999633789062,30.398466110229492,698297000
2021-12-16,31.152000427246094,31.15999984741211,28.093000411987305,28.386999130249023,28.330583572387695,707366000
2021-12-17,27.985000610351562,28.922000885009766,27.760000228881836,27.801000595092773,27.74574851989746,713758000
2021-12-20,27.30500030517578,28.143999099731445,27.145000457763672,27.7189998626709,27.663911819458008,461847000
2021-12-21,28.374000549316406,29.1200008392334,27.400999069213867,29.075000762939453,29.017215728759766,524385000
2021-12-22,28.891000747680664,29.55500030517578,28.448999404907227,29.399999618530273,29.34156608581543,395184000
2021-12-23,29.7549991607666,30.05900001525879,29.430999755859375,29.639999389648438,29.58109474182129,343022000
2021-12-27,29.65999984741211,31.086999893188477,29.639999389648438,30.94499969482422,30.883501052856445,403686000
2021-12-28,31.312000274658203,31.329999923706055,30.011999130249023,30.32200050354004,30.261737823486328,420591000
2021-12-29,30.273000717163086,30.54800033569336,29.365999221801758,30.000999450683594,29.941375732421875,343139000
2021-12-30,29.82699966430664,30.457000732421875,29.540000915527344,29.586000442504883,29.52720069885254,308864000
2021-12-31,29.673999786376953,30.030000686645508,29.33099937438965,29.410999298095703,29.352548599243164,266530000
2022-01-03,29.815000534057617,30.711000442504883,29.78499984741211,30.121000289916992,30.061140060424805,391547000
2022-01-04,30.277000427246094,30.468000411987305,28.349000930786133,29.290000915527344,29.231792449951172,527154000
2022-01-05,28.948999404907227,29.416000366210938,27.533000946044922,27.604000091552734,27.54914093017578,498064000
2022-01-06,27.639999389648438,28.437999725341797,27.065000534057617,28.17799949645996,28.121999740600586,454186000
2022-01-07,28.141000747680664,28.422000885009766,27.05699920654297,27.246999740600586,27.192852020263672,409939000
2022-01-10,26.58099937438965,27.4689998626709,25.643999099731445,27.399999618530273,27.34554672241211,594681000
2022-01-11,27.322999954223633,28.065000534057617,26.839000701904297,27.816999435424805,27.761714935302734,404089000
2022-01-12,28.066999435424805,28.594999313354492,27.607999801635742,27.999000549316406,27.943355560302734,383413000
2022-01-13,28.378999710083008,28.479999542236328,26.49799919128418,26.575000762939453,26.522193908691406,540171000
2022-01-14,26.299999237060547,27.19700050354004,26.209999084472656,26.941999435424805,26.888456344604492,395832000
2022-01-18,26.260000228881836,26.63800048828125,25.770000457763672,25.902999877929688,25.851520538330078,424270000
2022-01-19,26.07900047302246,26.542999267578125,25.052000045776367,25.066999435424805,25.017181396484375,488315000
2022-01-20,25.304000854492188,25.57900047302246,24.077999114990234,24.149999618530273,24.102005004882812,435181000
2022-01-21,23.506999969482422,24.822999954223633,23.26300048828125,23.374000549316406,23.327545166015625,718958000
2022-01-24,22.329999923706055,23.3799991607666,20.88800048828125,23.371999740600586,23.32554817199707,913982000
2022-01-25,22.54599952697754,22.94300079345703,22.0,22.323999404907227,22.279630661010742,664616000
2022-01-26,23.239999771118164,24.05699920654297,22.299999237060547,22.77199935913086,22.726743698120117,755959000
2022-01-27,23.56800079345703,23.9950008392334,21.674999237060547,21.944000244140625,21.900386810302734,573353000
2022-01-28,22.011999130249023,22.857999801635742,21.29599952697754,22.84000015258789,22.794607162475586,543774000
2022-01-31,23.18199920654297,24.509000778198242,23.052000045776367,24.486000061035156,24.437339782714844,564680000
2022-02-01,25.104000091552734,25.145000457763672,23.889999389648438,24.63800048828125,24.589035034179688,518925000
2022-02-02,25.79400062561035,25.816999435424805,24.55299949645996,25.242000579833984,25.191835403442383,543419000
2022-02-03,24.45800018310547,25.07699966430664,23.780000686645508,23.947999954223633,23.900405883789062,410178000
2022-02-04,23.972000122070312,24.635000228881836,23.631999969482422,24.319000244140625,24.27066993713379,354829000
2022-02-07,24.371999740600586,25.18199920654297,24.20199966430664,24.72800064086914,24.67885971069336,376868000
2022-02-08,24.358999252319336,25.229999542236328,23.979999542236328,25.107999801635742,25.058103561401367,410359000
2022-02-09,25.621999740600586,26.725000381469727,25.35300064086914,26.704999923706055,26.651926040649414,524282000
2022-02-10,25.9950008392334,26.924999237060547,25.600000381469727,25.823999404907227,25.77267837524414,513200000
2022-02-11,25.916000366210938,26.152000427246094,23.773000717163086,23.948999404907227,23.901403427124023,605472000
2022-02-14,23.93400001525879,24.875,23.7549991607666,24.267000198364258,24.218774795532227,440424000
2022-02-15,24.948999404907227,26.545000076293945,24.784000396728516,26.4950008392334,26.442344665527344,699869000
2022-02-16,26.259000778198242,26.582000732421875,25.552000045776367,26.51099967956543,26.45831298828125,732676000
2022-02-17,25.6299991607666,25.78499984741211,24.165000915527344,24.506999969482422,24.458297729492188,810595000
2022-02-18,24.667999267578125,24.986000061035156,23.100000381469727,23.642000198364258,23.595012664794922,761255000
2022-02-22,23.03499984741211,24.06399917602539,23.0,23.389999389648438,23.343515396118164,633422000
2022-02-23,23.802000045776367,24.155000686645508,22.301000595092773,22.386999130249023,22.342510223388672,566511000
2022-02-24,21.014999389648438,23.799999237060547,20.889999389648438,23.74799919128418,23.700801849365234,735801000
2022-02-25,23.72100067138672,24.216999053955078,23.381000518798828,24.156999588012695,24.108989715576172,528866000
2022-02-28,23.992000579833984,24.665000915527344,23.707000732421875,24.385000228881836,24.336536407470703,477319000
2022-03-01,24.291000366210938,24.37700080871582,23.131999969482422,23.476999282836914,23.430341720581055,412056000
2022-03-02,23.756000518798828,24.409000396728516,23.415000915527344,24.219999313354492,24.175981521606445,389642000
2022-03-03,24.261999130249023,24.326000213623047,23.4689998626709,23.714000701904297,23.670902252197266,365095000
2022-03-04,23.384000778198242,23.68000030517578,22.48200035095215,22.93600082397461,22.894319534301758,431415000
2022-03-07,22.816999435424805,23.033000946044922,21.329999923706055,21.351999282836914,21.313194274902344,450821000
2022-03-08,21.30900001525879,22.37299919128418,20.649999618530273,21.513999938964844,21.47490119934082,557467000
2022-03-09,22.386999130249023,23.219999313354492,22.246999740600586,23.013999938964844,22.97217559814453,492742000
2022-03-10,22.5310001373291,22.788000106811523,21.881999969482422,22.658000946044922,22.616823196411133,428066000
2022-03-11,23.02199935913086,23.145000457763672,22.04599952697754,22.100000381469727,22.059839248657227,367209000
2022-03-14,21.868999481201172,22.261999130249023,21.159000396728516,21.329999923706055,21.291234970092773,385354000
2022-03-15,21.51799964904785,23.038000106811523,21.32200050354004,22.972999572753906,22.93124771118164,491996000
2022-03-16,23.5,24.597000122070312,23.172000885009766,24.496000289916992,24.45148468017578,671422000
2022-03-17,24.1200008392334,24.841999053955078,23.9060001373291,24.766000747680664,24.720989227294922,471941000
2022-03-18,24.798999786376953,26.569000244140625,24.624000549316406,26.452999114990234,26.404924392700195,730719000
2022-03-21,26.506999969482422,27.152000427246094,25.966999053955078,26.733999252319336,26.685420989990234,591727000
2022-03-22,26.726999282836914,27.238000869750977,26.07200050354004,26.52400016784668,26.475799560546875,547007000
2022-03-23,26.125999450683594,26.61199951171875,25.575000762939453,25.634000778198242,25.58741569519043,502120000
2022-03-24,26.166000366210938,28.31999969482422,25.906999588012695,28.149999618530273,28.098844528198242,877379000
2022-03-25,27.88599967956543,28.357999801635742,27.270999908447266,27.691999435424805,27.64167594909668,579016000
2022-03-28,27.756000518798828,28.25,27.20599937438965,28.2189998626709,28.167720794677734,425494000
2022-03-29,28.69499969482422,28.945999145507812,27.979999542236328,28.6560001373291,28.603919982910156,488984000
2022-03-30,28.304000854492188,28.496000289916992,27.503000259399414,27.690000534057617,27.639680862426758,463487000
2022-03-31,27.781999588012695,28.24799919128418,27.270000457763672,27.285999298095703,27.236413955688477,523440000
2022-04-01,27.375,27.496000289916992,26.267000198364258,26.711999893188477,26.663455963134766,517235000
2022-04-04,26.72800064086914,27.558000564575195,26.613000869750977,27.360000610351562,27.310279846191406,397120000
2022-04-05,27.253999710083008,27.319000244140625,25.81999969482422,25.930999755859375,25.883872985839844,436615000
2022-04-06,24.93400001525879,25.299999237060547,24.003000259399414,24.406999588012695,24.362646102905273,703833000
2022-04-07,24.44099998474121,24.722000122070312,23.47800064086914,24.20800018310547,24.164005279541016,557992000
2022-04-08,23.91699981689453,23.92300033569336,23.062000274658203,23.118999481201172,23.076988220214844,524781000
2022-04-11,22.214000701904297,22.31999969482422,21.65999984741211,21.91699981689453,21.877174377441406,575207000
2022-04-12,22.53700065612793,22.725000381469727,21.281999588012695,21.503999710083008,21.464921951293945,662258000
2022-04-13,21.72800064086914,22.5,21.454999923706055,22.202999114990234,22.162647247314453,516943000
2022-04-14,22.5049991607666,22.777000427246094,21.163000106811523,21.257999420166016,21.2193660736084,569097000
2022-04-18,21.200000762939453,22.08799934387207,21.07900047302246,21.783000946044922,21.7434139251709,525701000
2022-04-19,21.719999313354492,22.37299919128418,21.31399917602539,22.197999954223633,22.157657623291016,512781000
2022-04-20,22.517000198364258,22.670000076293945,21.200000762939453,21.48200035095215,21.44295883178711,468974000
2022-04-21,21.708999633789062,22.392000198364258,20.0,20.183000564575195,20.146318435668945,656209000
2022-04-22,20.30299949645996,20.486000061035156,19.5,19.514999389648438,19.479536056518555,624713000
2022-04-25,19.20199966430664,19.94499969482422,19.09600067138672,19.902000427246094,19.86583137512207,641566000
2022-04-26,19.718000411987305,19.788000106811523,18.670000076293945,18.788000106811523,18.75385856628418,653143000
2022-04-27,18.597999572753906,19.16699981689453,18.290000915527344,18.415000915527344,18.381534576416016,499460000
2022-04-28,18.966999053955078,20.03700065612793,18.489999771118164,19.781999588012695,19.746049880981445,570327000
2022-04-29,19.402000427246094,20.128000259399414,18.517000198364258,18.547000885009766,18.513296127319336,500435000
2022-05-02,18.541000366210938,19.573999404907227,18.391000747680664,19.533000946044922,19.497507095336914,572049000
2022-05-03,19.399999618530273,19.825000762939453,19.132999420166016,19.601999282836914,19.566375732421875,475751000
2022-05-04,19.92300033569336,20.399999618530273,18.750999450683594,20.333999633789062,20.29704475402832,648855000
2022-05-05,19.867000579833984,19.924999237060547,18.5,18.8439998626709,18.809755325317383,626331000
2022-05-06,18.736000061035156,19.511999130249023,17.989999771118164,18.674999237060547,18.641061782836914,633297000
2022-05-09,18.034000396728516,18.2549991607666,16.82699966430664,16.950000762939453,16.9191951751709,644455000
2022-05-10,17.68899917602539,18.197999954223633,17.024999618530273,17.594999313354492,17.563024520874023,761474000
2022-05-11,17.347000122070312,17.753000259399414,16.56800079345703,16.6299991607666,16.599781036376953,670167000
2022-05-12,16.2189998626709,16.788000106811523,15.567000389099121,16.174999237060547,16.145605087280273,708728000
2022-05-13,16.788000106811523,17.92799949645996,16.593000411987305,17.70599937438965,17.6738224029541,670437000
2022-05-16,17.509000778198242,17.788000106811523,17.106000900268555,17.263999938964844,17.232624053955078,521446000
2022-05-17,18.073999404907227,18.371000289916992,17.634000778198242,18.177000045776367,18.14396858215332,585830000
2022-05-18,17.704999923706055,18.118000030517578,16.86400032043457,16.937999725341797,16.907215118408203,545161000
2022-05-19,16.937000274658203,17.687000274658203,16.733999252319336,17.124000549316406,17.092880249023438,621310000
2022-05-20,17.332000732421875,17.40999984741211,15.755000114440918,16.694000244140625,16.663663864135742,739105000
2022-05-23,16.27400016784668,16.915000915527344,16.179000854492188,16.898000717163086,16.867290496826172,639889000
2022-05-24,16.510000228881836,16.597000122070312,15.779999732971191,16.15399932861328,16.124645233154297,588550000
2022-05-25,16.020000457763672,17.111000061035156,16.0,16.975000381469727,16.94415283203125,781132000
2022-05-26,16.035999298095703,18.091999053955078,16.02199935913086,17.85099983215332,17.818559646606445,996575000
2022-05-27,18.18600082397461,18.881000518798828,18.100000381469727,18.81100082397461,18.776813507080078,738379000
2022-05-31,18.979999542236328,19.200000762939453,18.350000381469727,18.672000885009766,18.63806915283203,664100000
2022-06-01,18.724000930786133,19.05299949645996,18.121999740600586,18.31999969482422,18.286706924438477,544514000
2022-06-02,18.29199981689453,19.618999481201172,18.197999954223633,19.591999053955078,19.556396484375,648656000
2022-06-03,19.082000732421875,19.332000732421875,18.52199935913086,18.719999313354492,18.68598175048828,598779000
2022-06-06,19.138999938964844,19.336999893188477,18.56399917602539,18.785999298095703,18.751861572265625,422406000
2022-06-07,18.472000122070312,19.0,18.187999725341797,18.926000595092773,18.891611099243164,388914000
2022-06-08,18.798999786376953,19.18000030517578,18.53499984741211,18.648000717163086,18.6180477142334,363252000
2022-06-09,18.481000900268555,18.933000564575195,18.041000366210938,18.04800033569336,18.019006729125977,395574000
2022-06-10,17.600000381469727,17.69700050354004,16.868999481201172,16.974000930786133,16.946735382080078,465248000
2022-06-13,16.0,16.312000274658203,15.605999946594238,15.647000312805176,15.621865272521973,604153000
2022-06-14,15.730999946594238,16.06599998474121,15.411999702453613,15.836000442504883,15.810562133789062,469680000
2022-06-15,16.094999313354492,16.868000030517578,15.925999641418457,16.527000427246094,16.50045394897461,563936000
2022-06-16,15.859999656677246,15.942000389099121,15.401000022888184,15.60099983215332,15.575939178466797,545749000
2022-06-17,15.64799976348877,15.994999885559082,15.32800006866455,15.880000114440918,15.854490280151367,630334000
2022-06-21,16.475000381469727,17.007999420166016,16.406999588012695,16.56599998474121,16.539392471313477,483089000
2022-06-22,16.22599983215332,16.66200065612793,16.18000030517578,16.360000610351562,16.333723068237305,437135000
2022-06-23,16.518999099731445,16.584999084472656,15.852999687194824,16.225000381469727,16.198938369750977,463680000
2022-06-24,16.5,17.139999389648438,16.309999465942383,17.125999450683594,17.09848976135254,472153000
2022-06-27,17.312000274658203,17.329999923706055,16.625999450683594,16.868999481201172,16.841899871826172,427968000
2022-06-28,16.899999618530273,17.20199966430664,15.944999694824219,15.982000350952148,15.956326484680176,461149000
2022-06-29,15.814000129699707,15.819999694824219,15.170000076293945,15.541999816894531,15.517034530639648,482352000
2022-06-30,15.361000061035156,15.567000389099121,14.862000465393066,15.159000396728516,15.134648323059082,686070000
2022-07-01,14.89900016784668,15.062999725341797,14.392000198364258,14.52299976348877,14.49967098236084,577610000
2022-07-05,14.175000190734863,14.970999717712402,14.055000305175781,14.96399974822998,14.939962387084961,651397000
2022-07-06,15.010000228881836,15.319000244140625,14.788999557495117,15.130000114440918,15.105696678161621,529066000
2022-07-07,15.456000328063965,15.944999694824219,15.388999938964844,15.857999801635742,15.832526206970215,492903000
2022-07-08,15.430000305175781,16.03700065612793,15.388999938964844,15.838000297546387,15.812560081481934,467972000
2022-07-11,15.526000022888184,15.527000427246094,15.038000106811523,15.152000427246094,15.127662658691406,437321000
2022-07-12,15.267999649047852,15.430999755859375,14.876999855041504,15.081999778747559,15.057772636413574,458483000
2022-07-13,14.59000015258789,15.375,14.46500015258789,15.163999557495117,15.139639854431152,521918000
2022-07-14,15.107999801635742,15.472999572753906,14.727999687194824,15.371999740600586,15.347307205200195,456235000
2022-07-15,15.659000396728516,15.781999588012695,15.444999694824219,15.76200008392334,15.73668098449707,385935000
2022-07-18,16.302000045776367,16.89699935913086,16.00200080871582,16.10099983215332,16.075138092041016,670517000
2022-07-19,16.486000061035156,17.110000610351562,16.172000885009766,16.992000579833984,16.964702606201172,702366000
2022-07-20,16.94700050354004,17.933000564575195,16.801000595092773,17.80699920654297,17.778392791748047,760538000
2022-07-21,17.885000228881836,18.143999099731445,17.545000076293945,18.049999237060547,18.0210018157959,557049000
2022-07-22,17.89299964904785,17.966999053955078,17.136999130249023,17.319000244140625,17.291179656982422,536671000
2022-07-25,17.018999099731445,17.124000549316406,16.64900016784668,17.02400016784668,16.99665641784668,480748000
2022-07-26,16.888999938964844,16.91900062561035,16.47800064086914,16.533000946044922,16.50644302368164,397865000
2022-07-27,17.031999588012695,17.93600082397461,16.913000106811523,17.790000915527344,17.761425018310547,569776000
2022-07-28,17.975000381469727,18.139999389648438,17.440000534057617,17.983999252319336,17.955110549926758,474646000
2022-07-29,17.812999725341797,18.243999481201172,17.691999435424805,18.163000106811523,18.13382339477539,435460000
2022-08-01,18.18199920654297,18.84600067138672,17.989999771118164,18.44099998474121,18.411376953125,476469000
2022-08-02,18.121999740600586,18.937999725341797,18.091999053955078,18.525999069213867,18.49623680114746,489527000
2022-08-03,18.18400001525879,18.968000411987305,18.136999130249023,18.89299964904785,18.862651824951172,418146000
2022-08-04,18.849000930786133,19.27400016784668,18.760000228881836,19.21500015258789,19.184133529663086,409652000
2022-08-05,18.809999465942383,19.229000091552734,18.666000366210938,18.98900032043457,18.958498001098633,386068000
2022-08-08,17.50200080871582,18.23900032043457,17.242000579833984,17.792999267578125,17.764421463012695,981859000
2022-08-09,17.25200080871582,17.44700050354004,16.724000930786133,17.086000442504883,17.058557510375977,668263000
2022-08-10,17.697999954223633,18.118000030517578,17.316999435424805,18.097000122070312,18.06793212890625,597422000
2022-08-11,18.131000518798828,18.707000732421875,17.875999450683594,17.941999435424805,17.91318130493164,509327000
2022-08-12,18.15999984741211,18.718000411987305,17.952999114990234,18.708999633789062,18.678945541381836,478094000
2022-08-15,18.701000213623047,19.163999557495117,18.613000869750977,19.031999588012695,19.001432418823242,457666000
2022-08-16,18.920000076293945,19.142000198364258,18.500999450683594,18.878999710083008,18.84867286682129,451240000
2022-08-17,18.523000717163086,18.687999725341797,18.145000457763672,18.334999084472656,18.3055477142334,446799000
2022-08-18,18.301000595092773,18.864999771118164,18.183000564575195,18.773000717163086,18.742841720581055,415447000
2022-08-19,18.4060001373291,18.520000457763672,17.770000457763672,17.849000930786133,17.820329666137695,441588000
2022-08-22,17.489999771118164,17.558000564575195,16.965999603271484,17.034000396728516,17.006635665893555,409593000
2022-08-23,16.98900032043457,17.46500015258789,16.969999313354492,17.180999755859375,17.15340232849121,369986000
2022-08-24,17.011999130249023,17.4060001373291,16.895000457763672,17.222000122070312,17.1943359375,522661000
2022-08-25,16.8439998626709,17.94700050354004,16.83300018310547,17.913000106811523,17.88422203063965,770691000
2022-08-26,17.85700035095215,17.923999786376953,16.23699951171875,16.260000228881836,16.233882904052734,769127000
2022-08-29,16.020000457763672,16.33799934387207,15.767000198364258,15.800999641418457,15.775619506835938,496132000
2022-08-30,15.960000038146973,16.038999557495117,15.182000160217285,15.468000411987305,15.44315242767334,530181000
2022-08-31,15.383999824523926,15.539999961853027,14.958999633789062,15.093999862670898,15.069755554199219,573710000
2022-09-01,14.208999633789062,14.380000114440918,13.270000457763672,13.937000274658203,13.9146146774292,1178865000
2022-09-02,14.100000381469727,14.170999526977539,13.590999603271484,13.647000312805176,13.625078201293945,743157000
2022-09-06,13.730999946594238,13.779000282287598,13.35099983215332,13.46500015258789,13.443371772766113,535751000
2022-09-07,13.562999725341797,13.838000297546387,13.345999717712402,13.71399974822998,13.696039199829102,512657000
2022-09-08,13.458999633789062,14.008000373840332,13.369000434875488,13.989999771118164,13.971680641174316,624873000
2022-09-09,14.156999588012695,14.473999977111816,14.12600040435791,14.38700008392334,14.368156433105469,486612000
2022-09-12,14.369000434875488,14.54699993133545,14.197999954223633,14.505000114440918,14.486004829406738,484159000
2022-09-13,13.802000045776367,13.92199993133545,13.098999977111816,13.130999565124512,13.11380386352539,714956000
2022-09-14,13.253999710083008,13.289999961853027,12.913000106811523,13.128000259399414,13.110808372497559,588507000
2022-09-15,13.015000343322754,13.232999801635742,12.789999961853027,12.928999900817871,12.912067413330078,523625000
2022-09-16,12.741999626159668,13.211999893188477,12.616999626159668,13.197999954223633,13.180717468261719,670751000
2022-09-19,13.01200008392334,13.463000297546387,13.010000228881836,13.381999969482422,13.364474296569824,569685000
2022-09-20,13.21500015258789,13.482999801635742,13.057000160217285,13.175999641418457,13.158744812011719,524818000
2022-09-21,13.213000297546387,14.031000137329102,13.109999656677246,13.26099967956543,13.243632316589355,807679000
2022-09-22,13.069999694824219,13.14900016784668,12.428000450134277,12.560999870300293,12.544549942016602,759162000
2022-09-23,12.420000076293945,12.611000061035156,12.256999969482422,12.515999794006348,12.499608039855957,663309000
2022-09-26,12.491000175476074,12.659000396728516,12.21399974822998,12.227999687194824,12.211986541748047,547343000
2022-09-27,12.506999969482422,12.736000061035156,12.258000373840332,12.413000106811523,12.396743774414062,553854000
2022-09-28,12.40999984741211,12.822999954223633,12.354000091552734,12.736000061035156,12.719319343566895,542414000
2022-09-29,12.447999954223633,12.5,11.946000099182129,12.220000267028809,12.203997611999512,532763000
2022-09-30,12.086999893188477,12.633000373840332,12.074999809265137,12.138999938964844,12.123103141784668,565638000
2022-10-03,12.347000122070312,12.678000450134277,12.104999542236328,12.51200008392334,12.495614051818848,547478000
2022-10-04,12.878999710083008,13.220000267028809,12.878999710083008,13.166999816894531,13.14975643157959,584182000
2022-10-05,12.91100025177002,13.321000099182129,12.621000289916992,13.208999633789062,13.191699981689453,507131000
2022-10-06,13.220000267028809,13.656000137329102,13.102999687194824,13.130000114440918,13.112805366516113,644157000
2022-10-07,12.505000114440918,12.670000076293945,12.022000312805176,12.076000213623047,12.06018352508545,672478000
2022-10-10,12.036999702453613,12.12399959564209,11.407999992370605,11.670000076293945,11.654716491699219,698699000
2022-10-11,11.560999870300293,11.845999717712402,11.282999992370605,11.586000442504883,11.57082462310791,667482000
2022-10-12,11.579000473022461,11.734999656677246,11.345000267028809,11.5,11.484939575195312,492590000
2022-10-13,10.970999717712402,12.07800006866455,10.812999725341797,11.960000038146973,11.944337844848633,850103000
2022-10-14,12.057000160217285,12.111000061035156,11.204000473022461,11.22700023651123,11.212295532226562,713432000
2022-10-17,11.517999649047852,11.947999954223633,11.517000198364258,11.887999534606934,11.872428894042969,580774000
2022-10-18,12.343999862670898,12.491999626159668,11.618000030517578,11.967000007629395,11.951327323913574,659362000
2022-10-19,11.878999710083008,12.350000381469727,11.833999633789062,12.050999641418457,12.035216331481934,523131000
2022-10-20,12.11299991607666,12.769000053405762,12.104999542236328,12.194000244140625,12.178030014038086,652398000
2022-10-21,12.097999572753906,12.498000144958496,11.88700008392334,12.465999603271484,12.449673652648926,609494000
2022-10-24,12.508000373840332,12.710000038146973,12.064000129699707,12.598999977111816,12.582499504089355,517457000
2022-10-25,12.694000244140625,13.300000190734863,12.663999557495117,13.26099967956543,13.243632316589355,505482000
2022-10-26,12.869000434875488,13.387999534606934,12.708000183105469,12.895999908447266,12.879112243652344,532953000
2022-10-27,13.630000114440918,13.838000297546387,13.121999740600586,13.175999641418457,13.158744812011719,583113000
2022-10-28,13.104000091552734,13.850000381469727,13.060999870300293,13.833999633789062,13.81588363647461,521040000
2022-10-31,13.777999877929688,13.838000297546387,13.29699993133545,13.496999740600586,13.47932243347168,486341000
2022-11-01,13.810999870300293,13.925000190734863,13.519000053405762,13.543000221252441,13.525264739990234,432817000
2022-11-02,13.850000381469727,14.210000038146973,13.211000442504883,13.218999862670898,13.20168685913086,672628000
2022-11-03,13.043000221252441,13.781000137329102,12.956000328063965,13.420999526977539,13.403422355651855,500065000
2022-11-04,13.986000061035156,14.229000091552734,13.696999549865723,14.156000137329102,14.13746166229248,612576000
2022-11-07,14.227999687194824,14.411999702453613,13.954000473022461,14.300999641418457,14.282270431518555,410061000
2022-11-08,14.800999641418457,14.890999794006348,14.215999603271484,14.60200023651123,14.582877159118652,595292000
2022-11-09,14.161999702453613,14.211000442504883,13.758999824523926,13.776000022888184,13.757957458496094,454414000
2022-11-10,14.800000190734863,15.77299976348877,14.54699993133545,15.75,15.72937297821045,700819000
2022-11-11,15.807000160217285,16.388999938964844,15.482000350952148,16.32699966430664,16.30561637878418,655487000
2022-11-14,16.218000411987305,16.540000915527344,15.92199993133545,16.295000076293945,16.27366065979004,527852000
2022-11-15,16.722000122070312,16.99799919128418,16.381999969482422,16.666000366210938,16.644174575805664,545876000
2022-11-16,16.16200065612793,16.36199951171875,15.873000144958496,15.90999984741211,15.88916301727295,649547000
2022-11-17,15.71500015258789,16.266000747680664,15.53499984741211,15.677000045776367,15.65646743774414,710894000
2022-11-18,15.965999603271484,16.00200080871582,15.119999885559082,15.409000396728516,15.388822555541992,492072000
2022-11-21,15.147000312805176,15.47700023651123,15.079999923706055,15.317000389099121,15.296939849853516,404739000
2022-11-22,15.32800006866455,16.058000564575195,15.121999740600586,16.038000106811523,16.016996383666992,472866000
2022-11-23,16.097999572753906,16.527000427246094,16.04800033569336,16.518999099731445,16.49736785888672,427241000
2022-11-25,16.31800079345703,16.48699951171875,16.172000885009766,16.270000457763672,16.248693466186523,167934000
2022-11-28,16.025999069213867,16.35700035095215,15.725000381469727,15.82699966430664,15.806273460388184,303741000
2022-11-29,15.82699966430664,15.932000160217285,15.520000457763672,15.638999938964844,15.618520736694336,298384000
2022-11-30,15.696999549865723,16.93000030517578,15.597000122070312,16.92300033569336,16.90515899658203,565298000
2022-12-01,16.999000549316406,17.264999389648438,16.635000228881836,17.135000228881836,17.1169376373291,470977000
2022-12-02,16.659000396728516,16.933000564575195,16.44499969482422,16.875999450683594,16.858211517333984,371389000
2022-12-05,16.679000854492188,16.9950008392334,16.472000122070312,16.610000610351562,16.59248924255371,352255000
2022-12-06,16.530000686645508,16.572999954223633,15.819000244140625,15.987000465393066,15.970149993896484,352694000
2022-12-07,15.772000312805176,16.18600082397461,15.666999816894531,16.1200008392334,16.103008270263672,372388000
2022-12-08,16.273000717163086,17.179000854492188,15.958999633789062,17.16900062561035,17.15089988708496,515456000
2022-12-09,17.15999984741211,17.58300018310547,16.975000381469727,17.000999450683594,16.983078002929688,465338000
2022-12-12,17.03700065612793,17.538000106811523,16.797000885009766,17.53499984741211,17.516517639160156,457328000
2022-12-13,18.5310001373291,18.790000915527344,17.711000442504883,18.07200050354004,18.05295181274414,656589000
2022-12-14,17.98699951171875,18.25200080871582,17.420000076293945,17.673999786376953,17.655370712280273,496888000
2022-12-15,17.145999908447266,17.31999969482422,16.700000762939453,16.95199966430664,16.934127807617188,478542000
2022-12-16,16.86400032043457,17.041000366210938,16.40999984741211,16.570999145507812,16.553529739379883,478232000
2022-12-19,16.57200050354004,16.608999252319336,16.145000457763672,16.253999710083008,16.236867904663086,354039000
2022-12-20,16.06399917602539,16.309999465942383,15.85200023651123,16.084999084472656,16.068044662475586,403260000
2022-12-21,16.11400032043457,16.62700080871582,16.101999282836914,16.500999450683594,16.483606338500977,325025000
2022-12-22,16.0939998626709,16.13800048828125,14.881999969482422,15.33899974822998,15.322830200195312,565045000
2022-12-23,15.196000099182129,15.33899974822998,14.883000373840332,15.206000328063965,15.189972877502441,349326000
2022-12-27,15.074000358581543,15.100000381469727,14.055999755859375,14.121000289916992,14.10611343383789,464902000
2022-12-28,13.927000045776367,14.26200008392334,13.883999824523926,14.03600025177002,14.021203994750977,351066000
2022-12-29,14.402000427246094,14.682999610900879,14.22700023651123,14.602999687194824,14.587607383728027,354923000
2022-12-30,14.333999633789062,14.628999710083008,14.232999801635742,14.61400032043457,14.59859561920166,310490000
2023-01-03,14.85099983215332,14.996000289916992,14.095999717712402,14.3149995803833,14.299908638000488,401277000
2023-01-04,14.567000389099121,14.852999687194824,14.241000175476074,14.74899959564209,14.733452796936035,431324000
2023-01-05,14.491000175476074,14.564000129699707,14.14799976348877,14.265000343322754,14.249963760375977,389168000
2023-01-06,14.473999977111816,15.010000228881836,14.034000396728516,14.859000205993652,14.843338012695312,405044000
2023-01-09,15.284000396728516,16.055999755859375,15.140999794006348,15.628000259399414,15.611526489257812,504231000
2023-01-10,15.506999969482422,15.961999893188477,15.472000122070312,15.909000396728516,15.892229080200195,384101000
2023-01-11,15.84000015258789,16.027999877929688,15.562999725341797,16.000999450683594,15.984130859375,353285000
2023-01-12,16.100000381469727,16.636999130249023,15.491999626159668,16.51099967956543,16.493593215942383,551409000
2023-01-13,16.277999877929688,16.922000885009766,16.165000915527344,16.89900016784668,16.88118553161621,447287000
2023-01-17,16.89900016784668,17.72800064086914,16.89900016784668,17.70199966430664,17.683338165283203,511102000
2023-01-18,17.66699981689453,17.87299919128418,17.281999588012695,17.37700080871582,17.35868263244629,439624000
2023-01-19,17.035999298095703,17.19700050354004,16.731000900268555,16.764999389648438,16.747325897216797,452932000
2023-01-20,17.01099967956543,17.856000900268555,16.825000762939453,17.839000701904297,17.8201961517334,564967000
2023-01-23,18.06399917602539,19.2450008392334,17.81800079345703,19.19300079345703,19.172771453857422,655163000
2023-01-24,18.82699966430664,19.4950008392334,18.81999969482422,19.264999389648438,19.244691848754883,496204000
2023-01-25,18.913000106811523,19.3700008392334,18.579999923706055,19.322999954223633,19.30263328552246,449537000
2023-01-26,19.701000213623047,20.166000366210938,19.277999877929688,19.802000045776367,19.7811279296875,489535000
2023-01-27,19.461999893188477,20.628000259399414,19.405000686645508,20.364999771118164,20.343534469604492,542142000
2023-01-30,19.950000762939453,20.139999389648438,19.149999618530273,19.16200065612793,19.141803741455078,488611000
2023-01-31,19.170000076293945,19.687000274658203,18.950000762939453,19.53700065612793,19.516407012939453,498017000
2023-02-01,19.69099998474121,21.191999435424805,19.611000061035156,20.94300079345703,20.92092514038086,660477000
2023-02-02,21.0,21.948999404907227,20.700000762939453,21.708999633789062,21.686115264892578,564276000
2023-02-03,21.0,21.7450008392334,20.788999557495117,21.100000381469727,21.077754974365234,429366000
2023-02-06,20.805999755859375,21.56999969482422,20.785999298095703,21.089000701904297,21.066774368286133,452197000
2023-02-07,21.381999969482422,22.259000778198242,21.149999618530273,22.17300033569336,22.14962387084961,664150000
2023-02-08,22.386999130249023,22.878000259399414,22.007999420166016,22.204999923706055,22.181594848632812,559651000
2023-02-09,22.606000900268555,23.020000457763672,22.1200008392334,22.336999893188477,22.31345558166504,523876000
2023-02-10,21.690000534057617,22.077999114990234,20.81100082397461,21.264999389648438,21.24258041381836,550737000
2023-02-13,21.538000106811523,22.04800033569336,20.961999893188477,21.788000106811523,21.765029907226562,474919000
2023-02-14,21.577999114990234,23.048999786376953,21.365999221801758,22.97100067138672,22.946786880493164,675474000
2023-02-15,22.548999786376953,22.854999542236328,22.106000900268555,22.763999938964844,22.740007400512695,420575000
2023-02-16,22.132999420166016,22.549999237060547,21.927000045776367,22.00200080871582,21.97880744934082,412026000
2023-02-17,21.631000518798828,21.739999771118164,20.975000381469727,21.38800048828125,21.365455627441406,465888000
2023-02-21,21.0,21.493999481201172,20.618000030517578,20.655000686645508,20.633224487304688,410015000
2023-02-22,20.707000732421875,21.104000091552734,20.42099952697754,20.753999710083008,20.73212432861328,513184000
2023-02-23,23.440000534057617,23.88800048828125,23.024999618530273,23.663999557495117,23.639055252075195,1117995000
2023-02-24,23.225000381469727,23.474000930786133,22.94700050354004,23.285999298095703,23.26145362854004,589716000
2023-02-27,23.670000076293945,23.8799991607666,23.45400047302246,23.500999450683594,23.476224899291992,452994000
2023-02-28,23.371999740600586,23.825000762939453,23.20599937438965,23.215999603271484,23.191526412963867,455963000
2023-03-01,23.191999435424805,23.256000518798828,22.507999420166016,22.697999954223633,22.674074172973633,460026000
2023-03-02,22.488000869750977,23.3799991607666,22.43199920654297,23.31399917602539,23.289424896240234,389415000
2023-03-03,23.31999969482422,23.899999618530273,23.1299991607666,23.889999389648438,23.86481475830078,412393000
2023-03-06,23.891000747680664,24.24799919128418,23.48699951171875,23.554000854492188,23.5291748046875,437429000
2023-03-07,23.600000381469727,24.125,23.240999221801758,23.288000106811523,23.267404556274414,515154000
2023-03-08,23.48699951171875,24.200000762939453,23.423999786376953,24.180999755859375,24.159610748291016,513573000
2023-03-09,24.174999237060547,24.45400047302246,23.382999420166016,23.43600082397461,23.415271759033203,501257000
2023-03-10,23.409000396728516,23.62700080871582,22.72599983215332,22.96500015258789,22.94468879699707,474866000
2023-03-13,22.75200080871582,23.29800033569336,22.297000885009766,22.965999603271484,22.945688247680664,421890000
2023-03-14,23.496000289916992,24.2189998626709,23.459999084472656,24.062999725341797,24.041715621948242,474910000
2023-03-15,23.76099967956543,24.285999298095703,23.360000610351562,24.22800064086914,24.20656967163086,524486000
2023-03-16,24.027000427246094,25.58799934387207,23.893999099731445,25.541000366210938,25.518413543701172,583253000
2023-03-17,25.98200035095215,26.39900016784668,25.667999267578125,25.725000381469727,25.702247619628906,848547000
2023-03-20,25.614999771118164,26.02400016784668,25.1299991607666,25.899999618530273,25.877094268798828,432747000
2023-03-21,26.18000030517578,26.392000198364258,25.381000518798828,26.198999404907227,26.175830841064453,547408000
2023-03-22,26.424999237060547,27.589000701904297,26.23699951171875,26.468000411987305,26.444591522216797,797295000
2023-03-23,27.114999771118164,27.499000549316406,26.690000534057617,27.19099998474121,27.166950225830078,564889000
2023-03-24,27.0310001373291,27.16699981689453,26.354999542236328,26.77899932861328,26.755313873291016,454920000
2023-03-27,26.836999893188477,27.0,26.364999771118164,26.5310001373291,26.507535934448242,361026000
2023-03-28,26.44700050354004,26.51300048828125,25.850000381469727,26.40999984741211,26.386638641357422,356104000
2023-03-29,26.825000762939453,27.077999114990234,26.597000122070312,26.983999252319336,26.96013069152832,393694000
2023-03-30,27.229000091552734,27.499000549316406,27.101999282836914,27.382999420166016,27.358781814575195,364516000
2023-03-31,27.139999389648438,27.833999633789062,27.104999542236328,27.777000427246094,27.752431869506836,433933000
2023-04-03,27.509000778198242,28.0,27.336000442504883,27.96500015258789,27.940263748168945,398716000
2023-04-04,27.965999603271484,28.0,27.30699920654297,27.452999114990234,27.428720474243164,368592000
2023-04-05,26.82900047302246,26.99799919128418,26.395000457763672,26.881000518798828,26.85722541809082,515015000
2023-04-06,26.583999633789062,27.079999923706055,26.427000045776367,27.03700065612793,27.01308822631836,397654000
2023-04-10,26.822999954223633,27.621000289916992,26.66900062561035,27.57900047302246,27.554607391357422,395279000
2023-04-11,27.724000930786133,27.790000915527344,27.125999450683594,27.16900062561035,27.144969940185547,314378000
2023-04-12,27.3700008392334,27.468000411987305,26.447999954223633,26.4950008392334,26.471567153930664,446259000
2023-04-13,26.733999252319336,26.886999130249023,26.32900047302246,26.46299934387207,26.439592361450195,353615000
2023-04-14,26.503999710083008,26.882999420166016,26.219999313354492,26.757999420166016,26.734331130981445,395660000
2023-04-17,26.565000534057617,27.006000518798828,26.433000564575195,27.00200080871582,26.978118896484375,321471000
2023-04-18,27.533000946044922,28.110000610351562,27.35700035095215,27.66699981689453,27.642532348632812,604812000
2023-04-19,27.361000061035156,28.0,27.23200035095215,27.930999755859375,27.906295776367188,358660000
2023-04-20,27.67099952697754,28.030000686645508,27.0,27.104000091552734,27.080028533935547,427713000
2023-04-21,26.95199966430664,27.183000564575195,26.722000122070312,27.118999481201172,27.095012664794922,345103000
2023-04-24,27.01300048828125,27.365999221801758,26.67099952697754,27.04199981689453,27.018083572387695,339282000
2023-04-25,27.077999114990234,27.246999740600586,26.225000381469727,26.240999221801758,26.21778678894043,378527000
2023-04-26,27.00200080871582,27.329999923706055,26.704999923706055,26.95599937438965,26.932157516479492,406337000
2023-04-27,27.363000869750977,27.4950008392334,26.625,27.22599983215332,27.201919555664062,377161000
2023-04-28,27.225000381469727,27.757999420166016,27.070999145507812,27.749000549316406,27.724458694458008,292216000
2023-05-01,27.84000015258789,29.058000564575195,27.780000686645508,28.90999984741211,28.884429931640625,570329000
2023-05-02,28.68000030517578,28.836000442504883,28.08300018310547,28.209999084472656,28.18504524230957,402730000
2023-05-03,27.84000015258789,28.367000579833984,27.472000122070312,27.802000045776367,27.77741050720215,383387000
2023-05-04,27.650999069213867,27.858999252319336,27.239999771118164,27.562000274658203,27.53762435913086,321850000
2023-05-05,27.826000213623047,28.7549991607666,27.731000900268555,28.68000030517578,28.654632568359375,361494000
2023-05-08,28.52199935913086,29.219999313354492,28.350000381469727,29.150999069213867,29.125213623046875,344979000
2023-05-09,28.89900016784668,28.972999572753906,28.450000762939453,28.570999145507812,28.545726776123047,314869000
2023-05-10,29.0049991607666,29.113000869750977,28.461000442504883,28.885000228881836,28.859453201293945,369350000
2023-05-11,28.895999908447266,28.950000762939453,28.246000289916992,28.577999114990234,28.552722930908203,322149000
2023-05-12,28.52899932861328,28.780000686645508,28.04599952697754,28.34000015258789,28.3149356842041,274222000
2023-05-15,28.507999420166016,28.9689998626709,28.152000427246094,28.952999114990234,28.927387237548828,293926000
2023-05-16,28.840999603271484,29.8700008392334,28.832000732421875,29.21299934387207,29.187162399291992,449405000
2023-05-17,29.583999633789062,30.198999404907227,29.43000030517578,30.17799949645996,30.15130615234375,432535000
2023-05-18,30.40999984741211,31.827999114990234,30.31999969482422,31.67799949645996,31.64998435974121,748725000
2023-05-19,31.535999298095703,31.579999923706055,30.916000366210938,31.263999938964844,31.23634910583496,473908000
2023-05-22,30.900999069213867,31.520000457763672,30.68000030517578,31.176000595092773,31.14842414855957,372000000
2023-05-23,31.0,31.288000106811523,30.631000518798828,30.687999725341797,30.660858154296875,356253000
2023-05-24,30.209999084472656,30.60700035095215,29.805999755859375,30.538000106811523,30.510990142822266,721419000
2023-05-25,38.52299880981445,39.47999954223633,36.6349983215332,37.97999954223633,37.9464111328125,1543911000
2023-05-26,37.88999938964844,39.16999816894531,37.54999923706055,38.94599914550781,38.91154861450195,714397000
2023-05-30,40.595001220703125,41.9379997253418,39.94900131225586,40.111000061035156,40.075523376464844,923401000
2023-05-31,39.487998962402344,40.29499816894531,37.821998596191406,37.83399963378906,37.800537109375,1002580000
2023-06-01,38.48899841308594,40.04999923706055,38.34000015258789,39.77000045776367,39.734825134277344,635873000
2023-06-02,40.09700012207031,40.5,39.05799865722656,39.32699966430664,39.29220962524414,482731000
2023-06-05,38.909000396728516,39.564998626708984,38.707000732421875,39.17100143432617,39.136356353759766,396094000
2023-06-06,38.83000183105469,39.15999984741211,38.14799880981445,38.65399932861328,38.619808197021484,388729000
2023-06-07,38.915000915527344,39.499000549316406,37.35599899291992,37.474998474121094,37.44572448730469,511998000
2023-06-08,37.7239990234375,38.86399841308594,37.505001068115234,38.5099983215332,38.47991943359375,417772000
2023-06-09,39.0369987487793,39.71099853515625,38.56700134277344,38.77000045776367,38.73971939086914,427717000
2023-06-12,39.20000076293945,39.529998779296875,38.61800003051758,39.481998443603516,39.45115280151367,388701000
2023-06-13,40.18600082397461,41.10100173950195,39.7400016784668,41.02199935913086,40.989959716796875,613208000
2023-06-14,40.82400131225586,43.0,40.551998138427734,42.99700164794922,42.963417053222656,740465000
2023-06-15,42.60200119018555,43.28900146484375,42.14699935913086,42.65299987792969,42.619686126708984,568622000
2023-06-16,43.45000076293945,43.72100067138672,42.6609992980957,42.69200134277344,42.658653259277344,655709000
2023-06-20,42.99800109863281,43.9900016784668,42.67399978637695,43.80799865722656,43.77377700805664,451153000
2023-06-21,43.500999450683594,43.6150016784668,42.08000183105469,43.04499816894531,43.011383056640625,551603000
2023-06-22,42.25299835205078,43.42599868774414,42.23400115966797,43.025001525878906,42.991390228271484,417737000
2023-06-23,42.4640007019043,42.808998107910156,42.01499938964844,42.20899963378906,42.17603302001953,358140000
2023-06-26,42.46099853515625,42.763999938964844,40.099998474121094,40.63199996948242,40.60026168823242,594322000
2023-06-27,40.79899978637695,41.939998626708984,40.448001861572266,41.875999450683594,41.84328842163086,462175000
2023-06-28,40.65999984741211,41.845001220703125,40.518001556396484,41.117000579833984,41.08488082885742,582639000
2023-06-29,41.55799865722656,41.599998474121094,40.599998474121094,40.821998596191406,40.79011154174805,380514000
2023-06-30,41.68000030517578,42.54999923706055,41.500999450683594,42.301998138427734,42.268959045410156,501148000
2023-07-03,42.516998291015625,42.89799880981445,42.20199966430664,42.41299819946289,42.37986755371094,198209000
2023-07-05,42.1349983215332,43.176998138427734,42.084999084472656,42.31700134277344,42.28395080566406,323618000
2023-07-06,41.84400177001953,42.17900085449219,41.34600067138672,42.10300064086914,42.07011413574219,303582000
2023-07-07,42.321998596191406,43.2140007019043,42.18000030517578,42.50299835205078,42.46980285644531,355881000
2023-07-10,42.65700149536133,42.81100082397461,41.64899826049805,42.18000030517578,42.14705276489258,353908000
2023-07-11,42.48099899291992,42.757999420166016,42.06700134277344,42.404998779296875,42.37187576293945,298244000
2023-07-12,43.03300094604492,43.935001373291016,42.777000427246094,43.902000427246094,43.867706298828125,481277000
2023-07-13,44.518001556396484,46.154998779296875,44.492000579833984,45.97700119018555,45.94108581542969,478204000
2023-07-14,46.58300018310547,48.0880012512207,45.060001373291016,45.46900177001953,45.43349075317383,772075000
2023-07-17,46.28900146484375,46.49599838256836,45.262001037597656,46.46099853515625,46.42470169067383,510488000
2023-07-18,46.70100021362305,47.895999908447266,45.73400115966797,47.49399948120117,47.45690155029297,569164000
2023-07-19,47.4640007019043,47.81800079345703,46.742000579833984,47.07699966430664,47.040225982666016,427502000
2023-07-20,46.50699996948242,47.08700180053711,45.0620002746582,45.52000045776367,45.48445129394531,537865000
2023-07-21,45.78799819946289,45.86600112915039,44.099998474121094,44.308998107910156,44.27439498901367,963769000
2023-07-24,44.73099899291992,45.10900115966797,44.040000915527344,44.61199951171875,44.5771484375,382516000
2023-07-25,44.941001892089844,46.18299865722656,44.92300033569336,45.67900085449219,45.64331817626953,348081000
2023-07-26,46.020999908447266,46.053001403808594,44.630001068115234,45.45199966430664,45.416500091552734,364237000
2023-07-27,46.51900100708008,47.39500045776367,45.75,45.900001525878906,45.8641471862793,455976000
2023-07-28,46.667999267578125,47.027000427246094,46.38100051879883,46.75,46.71348190307617,331194000
2023-07-31,46.75400161743164,47.130001068115234,46.50600051879883,46.729000091552734,46.69249725341797,251055000
2023-08-01,46.459999084472656,46.900001525878906,46.027000427246094,46.50699996948242,46.47066879272461,237858000
2023-08-02,45.83100128173828,45.84000015258789,43.387001037597656,44.26900100708008,44.23442840576172,530142000
2023-08-03,43.79999923706055,45.11800003051758,43.79999923706055,44.51499938964844,44.480228424072266,324176000
2023-08-04,44.98500061035156,45.641998291015625,44.393001556396484,44.68000030517578,44.645103454589844,362666000
2023-08-07,45.111000061035156,45.540000915527344,44.5629997253418,45.41699981689453,45.381526947021484,322154000
2023-08-08,44.85300064086914,45.242000579833984,44.055999755859375,44.66400146484375,44.629119873046875,353843000
2023-08-09,44.27399826049805,44.3120002746582,42.13399887084961,42.55400085449219,42.5207633972168,586449000
2023-08-10,42.15999984741211,43.57400131225586,41.834999084472656,42.38800048828125,42.35489273071289,492705000
2023-08-11,41.750999450683594,42.018001556396484,40.638999938964844,40.85499954223633,40.823089599609375,533085000
2023-08-14,40.486000061035156,43.79999923706055,40.31100082397461,43.75299835205078,43.71883010864258,690286000
2023-08-15,44.560001373291016,45.268001556396484,43.709999084472656,43.939998626708984,43.90568542480469,676512000
2023-08-16,44.52000045776367,44.67499923706055,43.40599822998047,43.486000061035156,43.45203399658203,527451000
2023-08-17,43.970001220703125,44.0620002746582,43.000999450683594,43.34400177001953,43.31013870239258,452395000
2023-08-18,42.6349983215332,43.577999114990234,41.65999984741211,43.29899978637695,43.26517868041992,583768000
2023-08-21,44.49399948120117,47.064998626708984,44.22200012207031,46.96699905395508,46.9303092956543,692573000
2023-08-22,48.1349983215332,48.1870002746582,45.33300018310547,45.667999267578125,45.63232421875,755293000
2023-08-23,45.86600112915039,47.20000076293945,45.20800018310547,47.11600112915039,47.07920455932617,779046000
2023-08-24,50.215999603271484,50.26599884033203,47.159000396728516,47.16299819946289,47.126155853271484,1156044000
2023-08-25,47.012001037597656,47.80500030517578,45.02399826049805,46.018001556396484,45.98206329345703,925341000
2023-08-28,46.481998443603516,46.97999954223633,44.88800048828125,46.834999084472656,46.79841613769531,685192000
2023-08-29,46.66600036621094,49.08100128173828,46.39099884033203,48.784000396728516,48.745887756347656,701397000
2023-08-30,49.04399871826172,49.926998138427734,48.42499923706055,49.263999938964844,49.22552490234375,735206000
2023-08-31,49.380001068115234,49.74399948120117,48.95800018310547,49.35499954223633,49.31645584106445,528570000
2023-09-01,49.762001037597656,49.79999923706055,48.141998291015625,48.50899887084961,48.47110366821289,463830000
2023-09-05,48.222999572753906,48.85100173950195,47.86000061035156,48.54800033569336,48.51007843017578,382653000
2023-09-06,48.441001892089844,48.54899978637695,46.58000183105469,47.06100082397461,47.028114318847656,468670000
2023-09-07,45.525001525878906,46.34400177001953,45.152000427246094,46.24100112915039,46.20868682861328,433330000
2023-09-08,45.94200134277344,46.60599899291992,45.270999908447266,45.571998596191406,45.54015350341797,473069000
2023-09-11,46.14799880981445,46.16299819946289,44.3120002746582,45.178001403808594,45.146427154541016,473966000
2023-09-12,44.737998962402344,45.67300033569336,44.53099822998047,44.869998931884766,44.838645935058594,349256000
2023-09-13,44.599998474121094,45.93000030517578,44.50299835205078,45.48500061035156,45.453216552734375,398355000
2023-09-14,45.95000076293945,45.98699951171875,45.13100051879883,45.58100128173828,45.54915237426758,370097000
2023-09-15,45.340999603271484,45.5989990234375,43.80799865722656,43.900001525878906,43.86932373046875,506831000
2023-09-18,42.74800109863281,44.242000579833984,42.0,43.965999603271484,43.93527603149414,500271000
2023-09-19,43.83300018310547,43.965999603271484,43.00199890136719,43.52000045776367,43.48958969116211,373064000
2023-09-20,43.599998474121094,43.90299987792969,42.222999572753906,42.23899841308594,42.2094841003418,367108000
2023-09-21,41.58300018310547,42.099998474121094,40.97999954223633,41.016998291015625,40.988338470458984,450736000
2023-09-22,41.571998596191406,42.1150016784668,41.23099899291992,41.61000061035156,41.58092498779297,479236000
2023-09-25,41.590999603271484,42.5359992980957,41.176998138427734,42.22200012207031,42.1924934387207,419091000
2023-09-26,42.000999450683594,42.81999969482422,41.654998779296875,41.9109992980957,41.8817138671875,402282000
2023-09-27,42.33000183105469,42.87200164794922,41.62900161743164,42.46799850463867,42.43832015991211,444935000
2023-09-28,42.459999084472656,43.44599914550781,42.1150016784668,43.0890007019043,43.05889129638672,424663000
2023-09-29,43.82699966430664,44.14400100708008,43.30699920654297,43.499000549316406,43.46860885620117,397830000
2023-10-02,44.029998779296875,45.17499923706055,43.861000061035156,44.78200149536133,44.75070571899414,433298000
2023-10-03,44.80799865722656,45.130001068115234,43.24599838256836,43.516998291015625,43.48658752441406,470850000
2023-10-04,43.742000579833984,44.143001556396484,43.29199981689453,44.04100036621094,44.01022720336914,361821000
2023-10-05,44.04999923706055,44.900001525878906,43.88800048828125,44.6879997253418,44.65676498413086,393483000
2023-10-06,44.19300079345703,45.78900146484375,44.0260009765625,45.762001037597656,45.730018615722656,434436000
2023-10-09,44.84199905395508,45.60499954223633,44.36800003051758,45.27299880981445,45.241363525390625,409675000
2023-10-10,45.310001373291016,46.25899887084961,45.0880012512207,45.79800033569336,45.7660026550293,368582000
2023-10-11,46.19599914550781,46.85900115966797,46.04999923706055,46.805999755859375,46.77328872680664,378137000
2023-10-12,46.777000427246094,47.60900115966797,46.33000183105469,46.94499969482422,46.91219711303711,481325000
2023-10-13,46.959999084472656,47.11600112915039,45.279998779296875,45.46099853515625,45.429229736328125,474115000
2023-10-16,45.0629997253418,46.224998474121094,44.9119987487793,46.095001220703125,46.06278991699219,375099000
2023-10-17,44.0,44.75400161743164,42.47999954223633,43.9379997253418,43.90730285644531,812333000
2023-10-18,42.590999603271484,43.21900177001953,41.82500076293945,42.19599914550781,42.16651153564453,627294000
2023-10-19,42.81100082397461,43.297000885009766,41.88199996948242,42.10100173950195,42.07158279418945,501233000
2023-10-20,41.88999938964844,42.470001220703125,41.077999114990234,41.387001037597656,41.35807800292969,477266000
2023-10-23,41.229000091552734,43.24800109863281,40.94499969482422,42.974998474121094,42.94497299194336,478530000
2023-10-24,43.07699966430664,43.696998596191406,42.691001892089844,43.66299819946289,43.63249206542969,401463000
2023-10-25,43.39799880981445,43.650001525878906,41.55500030517578,41.77899932861328,41.74980163574219,398379000
2023-10-26,41.85300064086914,42.25600051879883,39.880001068115234,40.32600021362305,40.297821044921875,541001000
2023-10-27,41.130001068115234,41.20600128173828,40.01499938964844,40.5,40.471702575683594,416784000
2023-10-30,41.08700180053711,41.76599884033203,40.48099899291992,41.1609992980957,41.132232666015625,388028000
2023-10-31,40.45000076293945,40.87900161743164,39.22999954223633,40.779998779296875,40.751502990722656,517969000
2023-11-01,40.88399887084961,42.38100051879883,40.86899948120117,42.32500076293945,42.29542541503906,437593000
2023-11-02,43.327999114990234,43.88399887084961,42.89400100708008,43.50600051879883,43.4755973815918,409172000
2023-11-03,44.02000045776367,45.308998107910156,43.722999572753906,45.005001068115234,44.97355270385742,424610000
2023-11-06,45.28499984741211,45.935001373291016,44.89899826049805,45.750999450683594,45.719032287597656,400733000
2023-11-07,45.71900177001953,46.21799850463867,45.15800094604492,45.95500183105469,45.922889709472656,343165000
2023-11-08,46.099998474121094,46.867000579833984,45.96799850463867,46.57400131225586,46.54146194458008,346719000
2023-11-09,47.46699905395508,48.22999954223633,46.75,46.95000076293945,46.91719436645508,540496000
2023-11-10,47.5,48.47200012207031,47.28300094604492,48.334999084472656,48.30122756958008,421245000
2023-11-13,48.31999969482422,49.11600112915039,48.0989990234375,48.619998931884766,48.58602523803711,384136000
2023-11-14,49.68000030517578,49.83399963378906,49.040000915527344,49.65599822998047,49.62130355834961,416954000
2023-11-15,49.935001373291016,49.959999084472656,48.20000076293945,48.88800048828125,48.85383987426758,475497000
2023-11-16,48.67900085449219,49.525001525878906,48.33000183105469,49.47999954223633,49.445430755615234,339756000
2023-11-17,49.52399826049805,49.71699905395508,49.00699996948242,49.29800033569336,49.263553619384766,325205000
2023-11-20,49.3120002746582,50.54800033569336,49.180999755859375,50.409000396728516,50.373775482177734,414120000
2023-11-21,50.125999450683594,50.516998291015625,49.22200012207031,49.944000244140625,49.909095764160156,565747000
2023-11-22,49.85200119018555,50.334999084472656,47.689998626708984,48.715999603271484,48.68195724487305,899420000
2023-11-24,48.470001220703125,48.92100143432617,47.744998931884766,47.7760009765625,47.74262237548828,294645000
2023-11-27,47.79999923706055,48.529998779296875,47.652000427246094,48.242000579833984,48.208290100097656,395662000
2023-11-28,48.236000061035156,48.323001861572266,47.472999572753906,47.82099914550781,47.7875862121582,401491000
2023-11-29,48.37900161743164,48.762001037597656,47.86000061035156,48.13999938964844,48.106361389160156,382005000
2023-11-30,48.02399826049805,48.11000061035156,46.422000885009766,46.77000045776367,46.73732376098633,526247000
2023-12-01,46.525001525878906,47.20000076293945,46.1870002746582,46.76499938964844,46.73232650756836,369317000
2023-12-04,46.07699966430664,46.07699966430664,45.0099983215332,45.5099983215332,45.47819519042969,437543000
2023-12-05,45.465999603271484,46.599998474121094,45.270999908447266,46.566001892089844,46.537559509277344,371718000
2023-12-06,47.21500015258789,47.387001037597656,45.4119987487793,45.50299835205078,45.475196838378906,380590000
2023-12-07,45.70000076293945,46.62900161743164,45.604000091552734,46.59600067138672,46.56753158569336,350823000
2023-12-08,46.595001220703125,47.74100112915039,46.54999923706055,47.50600051879883,47.47698211669922,359224000
2023-12-11,47.49100112915039,47.53099822998047,45.83000183105469,46.62699890136719,46.5985221862793,509728000
2023-12-12,46.04600143432617,47.66600036621094,46.04600143432617,47.65700149536133,47.62788772583008,372387000
2023-12-13,47.62900161743164,48.59400177001953,47.608001708984375,48.0880012512207,48.058624267578125,447792000
2023-12-14,48.38999938964844,48.66999816894531,47.422000885009766,48.349998474121094,48.32046127319336,391232000
2023-12-15,48.194000244140625,49.40399932861328,48.119998931884766,48.88999938964844,48.86013412475586,479948000
2023-12-18,49.400001525878906,50.43299865722656,49.150001525878906,50.07699966430664,50.04640579223633,412587000
